,Unnamed: 0,year,round,pick,position,school,Player,Class,Season,Pos,School,Conf_x,G,MP.1,FG,FGA,2P,2PA,3P,3PA,FT,FTA,ORB,DRB,TRB,AST,STL,BLK,TOV,PF,PTS,teamyear,Rk,Team,Conf_y,W-L,BPI Off,BPI Def,BPI,Year,identifier_hs,Rank,Name,Position,Height,Weight,Player
26,66,2011,2,41,PG,Michigan,Darius Morris,SO,2010-11,G,Michigan,Big Ten,35,34.8,5.7,11.7,5.3,9.9,0.5,1.8,3.1,4.3,0.9,3.1,4,6.7,1,0,2.9,2.1,15,Michigan2011,49,Michigan,Big Ten,21-14,1.4,7.7,9.1,2011,,100,,,76,190,Darius Morris
223,150,2015,2,43,PG,Oregon,Joseph Young,SR,2014-15,G,Oregon,Pac-12,36,36.7,7.4,16.4,4.8,9.4,2.5,7.1,3.4,3.7,0.5,3.9,4.4,3.8,1.1,0,2.4,1.4,20.7,Oregon2015,116,Oregon,Pac-12,26-10,7.1,-3.5,3.6,2015,Joseph Young,98,Joseph Young,SG,74,180,Joseph Young
244,76,2016,1,14,SG/SF,Michigan State,Denzel Valentine,JR,2014-15,G,Michigan State,Big Ten,39,33.2,5.1,11.4,2.4,5.1,2.6,6.3,1.8,2.2,1.2,5.1,6.3,4.3,0.9,0.2,2.4,2.2,14.5,Michigan State2016,3,Michigan State,Big Ten,29-6,10.5,8.1,18.6,2016,Denzel Valentine,98,Denzel Valentine,SF,77,205,Denzel Valentine
203,137,2015,1,19,PG,Notre Dame,Jerian Grant,SR,2014-15,G,Notre Dame,ACC,38,37.1,5.4,11.2,4.1,7.1,1.3,4.2,4.5,5.7,0.3,2.7,3,6.7,1.7,0.5,2.2,2,16.5,Notre Dame2015,11,Notre Dame,ACC,32-6,13,2.8,15.8,2015,Jerian Grant,96,Jerian Grant,SF,76,175,Jerian Grant
327,129,2017,2,59,SF,Clemson,Jaron Blossomgame,SR,2016-17,F,Clemson,ACC,33,34.3,6.7,13.4,5.9,10.5,0.7,2.8,3.6,5.1,1.8,4.5,6.3,1.5,0.8,0.9,1.7,1.6,17.7,Clemson2017,39,Clemson,ACC,17-16,6.6,3.5,10,2017,Jaron Blossomgame,95,Jaron Blossomgame,SF,79,200,Jaron Blossomgame
180,179,2014,2,48,SG/SF,Pittsburgh,Lamar Patterson,SR,2013-14,G,Pittsburgh,ACC,36,32.6,5.6,12.7,3.4,7,2.2,5.7,3.7,4.9,1,3.9,4.9,4.3,1.4,0.3,2.6,2,17.1,Pittsburgh2014,10,Pittsburgh,ACC,26-10,7.1,8.3,15.4,2014,,94,,,77,200,Lamar Patterson
13,230,2011,1,24,PG,Boston College,Reggie Jackson,JR,2010-11,G,Boston College,ACC,34,34.1,6.4,12.8,4.4,7.8,2.1,5,3.2,4,1,3.3,4.3,4.5,1.1,0.5,2.4,1.7,18.2,Boston College2011,72,Boston College,ACC,21-13,6.4,-0.1,6.3,2011,,94,,,75,165,Reggie Jackson
116,254,2013,1,24,SG,Michigan,Tim Hardaway Jr.,JR,2012-13,G,Michigan,Big Ten,38,34.8,5.3,12.1,3.4,7,1.9,5.1,2,2.9,0.2,4.4,4.7,2.4,0.7,0.4,1.9,1.9,14.5,Michigan2013,8,Michigan,Big Ten,31-8,11,5,16.1,2013,"Tim Hardaway, Jr.",93,"Tim Hardaway, Jr.",SG,77,185,Tim Hardaway Jr.
305,151,2017,1,30,SG,Villanova,Josh Hart,SR,2016-17,G,Villanova,Big East,36,33.1,6.6,12.9,4.5,7.8,2.1,5.1,3.5,4.7,1.4,5,6.4,2.9,1.6,0.3,2,2.3,18.7,Villanova2017,2,Villanova,Big East,32-4,11.9,8.4,20.3,2017,Josh Hart,92,Josh Hart,SF,76,190,Josh Hart
25,143,2011,2,40,PF,Wisconsin,Jon Leuer,SR,2010-11,F,Wisconsin,Big Ten,34,33.5,6.7,14.2,5.1,9.9,1.6,4.3,3.3,3.9,1.7,5.6,7.2,1.6,0.5,0.9,1.6,2.2,18.3,Wisconsin2011,8,Wisconsin,Big Ten,25-9,3.7,12.2,16,2011,,91,,,72,210,Jon Leuer
214,209,2015,2,32,PF,Louisville,Montrezl Harrell,JR,2014-15,F,Louisville,ACC,35,35.1,6.1,10.7,5.8,9.7,0.3,1.1,3.3,5.5,3.2,6,9.2,1.4,0.9,1.2,2,2.1,15.7,Louisville2015,12,Louisville,ACC,27-9,5.1,9.8,14.8,2015,Montrezl Harrell,90,Montrezl Harrell,PF,80,215,Montrezl Harrell
187,55,2014,2,60,PF,Baylor,Cory Jefferson,SR,2013-14,F,Baylor,Big 12,38,29,4.8,9.7,4.5,8.7,0.4,1,3.6,5.6,2.8,5.4,8.2,1,0.4,1.3,1.3,2.2,13.7,Baylor2014,31,Baylor,Big 12,26-12,5.8,5.2,11,2014,,89,,,81,190,Cory Jefferson
291,156,2017,1,15,SF,North Carolina,Justin Jackson,JR,2016-17,F,North Carolina,ACC,40,32,6.6,14.9,4,7.8,2.6,7.1,2.5,3.3,1.5,3.2,4.7,2.8,0.8,0.2,1.7,1.4,18.3,North Carolina2017,3,North Carolina,ACC,33-7,11.3,8.2,19.4,2017,Justin Jackson,86,Justin Jackson,PF,80,210,Justin Jackson
59,250,2012,2,41,PG,Kansas,Tyshawn Taylor,SR,2011-12,G,Kansas,Big 12,39,33.4,5.8,12.2,4.3,8.3,1.5,3.9,3.5,5.1,0.2,2.1,2.3,4.8,1.3,0.2,3.5,2,16.6,Kansas2012,7,Kansas,Big 12,32-7,8.2,7.8,16.1,2012,,86,,,74,185,Tyshawn Taylor
105,253,2013,1,9,PG,Michigan,Trey Burke,SO,2012-13,G,Michigan,Big Ten,39,35.3,6.6,14.4,4.7,9.3,1.9,5.1,3.4,4.3,0.5,2.6,3.2,6.7,1.6,0.5,2.2,1.9,18.6,Michigan2013,8,Michigan,Big Ten,31-8,11,5,16.1,2013,Trey Burke,84,Trey Burke,PG,73,170,Trey Burke
322,268,2017,2,51,PG,Iowa State,Monte Morris,SR,2016-17,G,Iowa State,Big 12,35,35.3,6.2,13.3,4.6,9.2,1.5,4.1,2.5,3.2,1.1,3.7,4.8,6.2,1.5,0.3,1.2,1.5,16.4,Iowa State2017,21,Iowa State,Big 12,24-11,9.6,5.1,14.7,2017,Monte Morris,84,Monte Morris,PG,73,165,Monte Morris
266,280,2016,2,46,C,Purdue,A. J. Hammons,SR,2015-16,C,Purdue,Big Ten,33,24.6,6,10.2,5.8,9.8,0.2,0.3,2.7,3.8,2.3,5.8,8.2,1.1,0.3,2.5,2,2.4,15,Purdue2016,9,Purdue,Big Ten,26-9,7.7,8.2,15.9,2016,,82,,,84,275,A. J. Hammons
58,321,2012,2,39,SF,Texas A&M,Khris Middleton,JR,2011-12,F,Texas A&M,SEC,20,28.8,5.1,12.3,4.1,8.5,1,3.9,2,2.6,1.3,3.7,5,2.3,1,0.3,2.2,1.9,13.2,Texas A&M2012,126,Texas A&M,Big 12,14-18,-4.3,7,2.7,2012,Khris Middleton,82,Khris Middleton,SF,79,195,Khris Middleton
216,17,2015,2,34,SF,Stanford,Anthony Brown,SR,2014-15,G,Stanford,Pac-12,37,35.7,4.8,11,2.6,6.2,2.1,4.8,3.1,3.9,1.1,5.8,6.9,2.5,0.8,0.2,1.9,2.1,14.8,Stanford2015,75,Stanford,Pac-12,24-13,6,0,6,2015,Anthony Brown,81,Anthony Brown,SF,78,180,Anthony Brown
255,282,2016,1,30,C,Vanderbilt,Damian Jones,JR,2015-16,C,Vanderbilt,SEC,33,26.2,5.6,9.5,5.6,9.4,0,0.1,2.7,5.1,2.2,4.6,6.9,1.2,0.2,1.6,2,3.3,13.9,Vanderbilt2016,17,Vanderbilt,SEC,19-14,6,7.6,13.6,2016,Damian Jones,81,Damian Jones,PF,81,220,Damian Jones
312,82,2017,2,38,PF,Oregon,Jordan Bell,JR,2016-17,F,Oregon,Pac-12,39,28.8,4.4,6.9,4.3,6.5,0.1,0.4,2.1,3,2.9,5.9,8.8,1.8,1.3,2.3,1.9,1.7,10.9,Oregon2017,10,Oregon,Pac-12,33-6,10.7,6.8,17.4,2017,Jordan Bell,78,Jordan Bell,PF,79,190,Jordan Bell
323,275,2017,2,52,PG,Xavier,Edmond Sumner,JR,2016-17,G,Xavier,Big East,22,31.7,4.6,9.6,4,7.6,0.5,2,4.5,6.2,0.5,3.6,4.1,4.8,1.2,0.7,2.6,2.3,14.3,Xavier2017,33,Xavier,Big East,24-14,6.8,3.6,10.4,2017,Edmond Sumner,78,Edmond Sumner,PG,75,160,Edmond Sumner
148,214,2014,1,8,SG,Michigan,Nik Stauskas,SO,2013-14,G,Michigan,Big Ten,36,35.6,5.1,10.9,2.6,5.2,2.6,5.8,4.7,5.7,0.4,2.5,2.9,3.3,0.6,0.3,1.9,1.3,17.5,Michigan2014,9,Michigan,Big Ten,28-9,8.7,7,15.7,2014,Nik Stauskas,76,Nik Stauskas,SF,78,205,Nik Stauskas
300,258,2017,1,24,PF,Syracuse,Tyler Lydon,SO,2016-17,F,Syracuse,ACC,34,36.1,4.4,9.4,3,5.7,1.4,3.6,2.9,3.4,2.3,6.3,8.6,2.1,1,1.4,1.7,2.5,13.2,Syracuse2017,35,Syracuse,ACC,19-15,7.6,2.8,10.4,2017,Tyler Lydon,76,Tyler Lydon,PF,80,181,Tyler Lydon
260,279,2016,2,37,PF/C,Louisville,Chinanu Onuaku,SO,2015-16,C,Louisville,ACC,31,24.6,4.4,7.1,4.4,7.1,0,0,1.1,1.8,2.9,5.5,8.5,1.6,0.8,2,2.1,3,9.9,Louisville2016,6,Louisville,ACC,23-8,4.5,12.6,17.1,2016,Chinanu Onuaku,75,Chinanu Onuaku,C,82,220,Chinanu Onuaku
200,210,2015,1,16,PG,Louisville,Terry Rozier,SO,2014-15,G,Louisville,ACC,36,35,5.9,14.5,4.6,10.1,1.3,4.4,3.9,4.9,1.2,4.4,5.6,3,2,0.2,2.2,1.7,17.1,Louisville2015,12,Louisville,ACC,27-9,5.1,9.8,14.8,2015,Terry Rozier,74,Terry Rozier,PG,73,165,Terry Rozier
259,193,2016,2,36,PG/SG,Virginia,Malcolm Brogdon,SR,2015-16,G,Virginia,ACC,37,34.1,6.2,13.6,4.2,8.4,2,5.2,3.8,4.2,0.5,3.5,4.1,3.1,0.9,0.2,1.4,2.1,18.2,Virginia2016,4,Virginia,ACC,29-8,3.4,15.2,18.6,2016,Malcolm Brogdon,73,Malcolm Brogdon,SG,77,205,Malcolm Brogdon
0,79,2011,1,2,SF/PF,Arizona,Derrick Williams,SO,2010-11,F,Arizona,Pac-10,38,30,5.9,10,4.8,8.1,1.1,1.9,6.5,8.7,2.8,5.5,8.3,1.1,1,0.7,2.6,2.8,19.5,Arizona2011,19,Arizona,Pac-12,30-8,9.7,3,12.7,2011,Derrick Williams,72,Derrick Williams,PF,80,215,Derrick Williams
68,231,2012,2,58,SF,Purdue,Robbie Hummel,SR,2011-12,F,Purdue,Big Ten,35,32.2,5.5,13.3,3.5,7.9,2.1,5.4,3.2,3.9,1.6,5.6,7.2,1.9,0.7,1.2,0.9,2.1,16.4,Purdue2012,22,Purdue,Big Ten,22-13,7.5,4.1,11.6,2012,,72,,,80,200,Robbie Hummel
233,106,2015,2,58,SG/SF,North Carolina,J.P. Tokoto,JR,2014-15,F,North Carolina,ACC,38,29.1,3.1,7.1,2.7,6.3,0.3,0.8,1.9,3.1,1.6,4,5.6,4.3,1.5,0.3,2.2,2.4,8.3,North Carolina2015,7,North Carolina,ACC,26-12,14.9,2.9,17.8,2015,,70,,,78,195,J.P. Tokoto
52,132,2012,2,31,SF,Vanderbilt,Jeffery Taylor,SR,2011-12,F,Vanderbilt,SEC,36,32.1,5.8,11.8,4,7.5,1.8,4.3,2.6,4.4,2.1,3.4,5.6,1.7,1.3,0.4,2.2,1.9,16.1,Vanderbilt2012,18,Vanderbilt,SEC,25-11,8.2,4.4,12.6,2012,,69,,,79,190,Jeffery Taylor
267,114,2016,2,47,SF,Maryland,Jake Layman,SR,2015-16,F,Maryland,Big Ten,36,30.9,3.9,7.8,2.3,3.8,1.6,4,2.2,2.6,1.1,4.2,5.3,1.1,1.1,1,1.7,1.9,11.6,Maryland2016,20,Maryland,Big Ten,27-9,6.3,7,13.3,2016,Jake Layman,67,Jake Layman,SF,80,190,Jake Layman
240,72,2016,1,8,PF,Washington,Marquese Chriss,FR,2015-16,F,Washington,Pac-12,34,24.9,5.3,9.9,4.6,8.2,0.6,1.8,2.6,3.8,2.5,2.9,5.4,0.8,0.9,1.6,2,4.1,13.7,Washington2016,92,Washington,Pac-12,19-15,10.1,-5.2,4.9,2016,Marquese Chriss,60,Marquese Chriss,PF,80,200,Marquese Chriss
320,185,2017,2,47,C,UCLA,Ike Anigbogu,FR,2016-17,C,UCLA,Pac-12,29,13,2,3.5,2,3.5,0,0,0.8,1.5,1.4,2.6,4,0.2,0.2,1.2,0.8,2.5,4.7,UCLA2017,12,UCLA,Pac-12,31-5,14.4,2.4,16.8,2017,Ike Anigbogu,60,Ike Anigbogu,C,81,220,Ike Anigbogu
120,7,2013,2,31,SG,California,Allen Crabbe,JR,2012-13,G,University of California,Pac-12,33,36.2,6.5,14.2,4.6,8.6,1.9,5.6,3.4,4.2,1,5.1,6.1,2.6,1.1,0.7,2.5,2.1,18.4,California2013,39,California,Pac-12,21-12,5.5,4.9,10.4,2013,Allen Crabbe,57,Allen Crabbe,SG,78,190,Allen Crabbe
36,39,2011,2,53,SG,Kentucky,DeAndre Liggins,JR,2010-11,G,Kentucky,SEC,38,31.6,2.9,6.9,2,4.5,0.9,2.4,1.8,2.8,0.6,3.4,4,2.5,1.2,0.7,1.4,2.5,8.6,Kentucky2011,5,Kentucky,SEC,29-9,8.7,7.8,16.5,2011,,57,,,78,200,DeAndre Liggins
269,4,2016,2,50,PF,Iowa State,Georges Niang,SR,2015-16,F,Iowa State,Big 12,35,33.2,8.1,14.8,6.5,10.7,1.6,4.1,2.7,3.4,1.3,4.9,6.2,3.3,0.9,0.6,2.6,3.2,20.5,Iowa State2016,25,Iowa State,Big 12,23-12,12.3,0.5,12.8,2016,Georges Niang,56,Georges Niang,PF,79,230,Georges Niang
7,160,2011,1,15,SF,San Diego State,Kawhi Leonard,SO,2010-11,F,San Diego State,MWC,36,32.6,5.9,13.2,5.2,10.8,0.7,2.4,3.1,4,3.1,7.5,10.6,2.5,1.4,0.6,2.1,2.5,15.5,San Diego State2011,9,San Diego State,MW,34-3,6.6,9,15.6,2011,Kawhi Leonard,56,Kawhi Leonard,SF,79,210,Kawhi Leonard
79,243,2013,1,23,SF,Arizona,Solomon Hill,SR,2012-13,F,Arizona,Pac-12,35,33,4.5,9.9,2.9,5.7,1.6,4.2,2.7,3.5,1.7,3.6,5.3,2.7,1.1,0.6,2.2,2.2,13.4,Arizona2013,12,Arizona,Pac-12,27-8,9.2,5.3,14.5,2013,Solomon Hill,54,Solomon Hill,SF,78,210,Solomon Hill
3,171,2011,1,11,SG,Washington State,Klay Thompson,JR,2010-11,G,Washington State,Pac-10,34,34.7,7.1,16.2,4.2,9,2.9,7.2,4.6,5.4,0.7,4.5,5.2,3.7,1.6,0.9,3.4,2.9,21.6,Washington State2011,52,Washington State,Pac-12,22-13,5.6,3,8.7,2011,,53,,,79,180,Klay Thompson
226,168,2015,2,46,SG,UCLA,Norman Powell,SR,2014-15,G,UCLA,Pac-12,36,34.6,5.9,13,4.9,9.7,1.1,3.3,3.5,4.7,0.6,4.1,4.7,2.1,1.8,0.4,2.2,2.5,16.4,UCLA2015,91,UCLA,Pac-12,22-14,5.8,-1,4.8,2015,Norman Powell,52,Norman Powell,SG,74,175,Norman Powell
92,310,2013,2,51,PF,Oklahoma,Romero Osby,SR,2012-13,F,Oklahoma,Big 12,32,28.5,5.4,10.3,5.2,9.8,0.3,0.5,4.8,6.1,2.1,5,7,1.3,0.6,0.8,1.3,2.4,16,Oklahoma2013,43,Oklahoma,Big 12,20-12,6.4,3.3,9.7,2013,,51,,,79,200,Romero Osby
21,195,2011,2,35,SF,UCLA,Tyler Honeycutt,SO,2010-11,F,UCLA,Pac-10,33,35,4.4,10.8,2.7,6.2,1.7,4.6,2.4,3.2,1.5,5.7,7.2,2.8,0.9,2,3,1.6,12.8,UCLA2011,74,UCLA,Pac-12,23-11,3.3,2.7,6,2011,Tyler Honeycutt,51,Tyler Honeycutt,SF,80,180,Tyler Honeycutt
152,147,2014,1,13,SG,UCLA,Zach LaVine,FR,2013-14,G,UCLA,Pac-12,37,24.4,3.4,7.8,2.1,4.3,1.3,3.5,1.3,1.8,0.5,2.1,2.5,1.8,0.9,0.2,1.1,2,9.4,UCLA2014,20,UCLA,Pac-12,28-9,12,1.8,13.8,2014,Zach Lavine,50,Zach Lavine,PG,75,165,Zach LaVine
66,172,2012,2,51,SF,Syracuse,Kris Joseph,SR,2011-12,F,Syracuse,Big East,37,32.2,4.4,10.5,3.1,6.5,1.4,4,3.2,4.2,1.5,3.2,4.7,1.5,1.4,0.6,1.5,1.7,13.4,Syracuse2012,3,Syracuse,Big East,34-3,9.9,8.4,18.3,2012,,50,,,79,210,Kris Joseph
103,32,2013,1,7,SG,Kansas,Ben McLemore,FR,2012-13,G,Kansas,Big 12,37,32.2,5.4,10.8,3.4,6.1,2,4.7,3.2,3.7,1.3,3.9,5.2,2,1,0.7,2.1,1.9,15.9,Kansas2013,5,Kansas,Big 12,31-6,9.8,6.9,16.8,2013,Ben Mclemore,49,Ben Mclemore,SF,77,185,Ben McLemore
205,293,2015,1,21,SF,Virginia,Justin Anderson,JR,2014-15,F,Virginia,ACC,26,27.8,4,8.5,2.2,4.5,1.8,4,2.5,3.2,0.7,3.4,4,1.7,0.7,0.5,1.2,1.2,12.2,Virginia2015,4,Virginia,ACC,30-4,1.9,17.7,19.6,2015,Justin Anderson,49,Justin Anderson,SF,77,210,Justin Anderson
254,71,2016,1,29,PG/SG,Washington,Dejounte Murray,FR,2015-16,G,Washington,Pac-12,34,33.5,5.9,14.3,4.9,10.8,1,3.5,3.2,4.9,1.4,4.6,6,4.4,1.8,0.3,3.2,2.6,16.1,Washington2016,92,Washington,Pac-12,19-15,10.1,-5.2,4.9,2016,Dejounte Murray,49,Dejounte Murray,SG,77,175,Dejounte Murray
56,318,2012,1,11,C,Illinois,Meyers Leonard,SO,2011-12,C,Illinois,Big Ten,32,31.8,5.3,9.1,5.3,8.8,0,0.3,2.9,4,2.3,5.9,8.2,1.3,0.5,1.9,2.1,2.9,13.6,Illinois2012,76,Illinois,Big Ten,17-15,0.9,5.2,6.1,2012,Meyers Leonard,47,Meyers Leonard,C,84,215,Meyers Leonard
49,26,2012,1,26,C,Duke,Miles Plumlee,SR,2011-12,C,Duke,ACC,34,20.5,2.6,4.3,2.6,4.3,0,0,1.4,2.2,2.9,4.2,7.1,0.5,0.5,0.9,1.2,2.3,6.6,Duke2012,11,Duke,ACC,27-7,12.2,2.6,14.8,2012,,47,,,82,210,Miles Plumlee
170,298,2014,2,36,PF,Louisiana,Johnny O'Bryant III,JR,2013-14,F,LSE,SEC,34,30,5.9,12,5.9,11.9,0,0.1,3.5,5.5,3,4.7,7.7,1.6,0.5,0.9,3.2,3.2,15.4,Louisiana2014,118,Louisiana,Sun Belt,23-12,6.4,-3.3,3.1,2014,Johnny O'Bryant III,46,Johnny O'Bryant III,PF,82,245,Johnny O'Bryant III
24,52,2011,2,38,SF,Florida,Chandler Parsons,SR,2010-11,F,Florida,SEC,36,34.1,4.3,9,3.1,5.7,1.2,3.3,1.5,2.7,2.1,5.7,7.8,3.8,0.9,0.4,2.3,1.9,11.3,Florida2011,11,Florida,SEC,29-8,8.6,6.5,15.1,2011,,44,,,80,190,Chandler Parsons
289,85,2017,1,13,SG,Louisville,Donovan Mitchell,SO,2016-17,G,Louisville,ACC,34,32.3,5.3,13.1,3,6.4,2.4,6.6,2.6,3.2,1.1,3.8,4.9,2.7,2.1,0.5,1.6,2.6,15.6,Louisville2017,6,Louisville,ACC,25-9,7.9,9.9,17.8,2017,Donovan Mitchell,43,Donovan Mitchell,SG,74,185,Donovan Mitchell
84,33,2013,2,39,C,Kansas,Jeff Withey,SR,2012-13,C,Kansas,Big 12,37,30.9,5,8.6,5,8.6,0,0,3.7,5.2,2.1,6.4,8.5,0.9,0.8,3.9,2,2.1,13.7,Kansas2013,5,Kansas,Big 12,31-6,9.8,6.9,16.8,2013,,43,,,81,215,Jeff Withey
99,220,2013,1,3,SF,Georgetown,Otto Porter,SO,2012-13,F,Georgetown,Big East,31,35.4,5.4,11.3,4,8,1.4,3.3,3.9,5.1,1.8,5.7,7.5,2.7,1.8,0.9,1.5,2,16.2,Georgetown2013,14,Georgetown,Big East,25-7,2.4,11.7,14.1,2013,Otto Porter,42,Otto Porter,SF,81,200,Otto Porter
159,144,2014,1,22,SG,UCLA,Jordan Adams,SO,2013-14,G,UCLA,Pac-12,36,30.1,5.8,11.9,4.3,7.9,1.4,4.1,4.4,5.3,1.9,3.5,5.3,2.3,2.6,0.1,1.5,2.2,17.4,UCLA2014,20,UCLA,Pac-12,28-9,12,1.8,13.8,2014,Jordan Adams,41,Jordan Adams,SF,77,220,Jordan Adams
321,241,2017,2,48,SG,South Carolina,Sindarius Thornwell,JR,2015-16,G,South Carolina,SEC,34,33.1,4.2,11.1,2.9,7,1.4,4.1,3.6,4.7,1.1,3.7,4.8,3.8,1.5,0.5,2.3,1.9,13.4,South Carolina2017,28,South Carolina,SEC,26-11,2,9.4,11.4,2017,Sindarius Thornwell,41,Sindarius Thornwell,SG,77,180,Sindarius Thornwell
177,88,2014,2,45,PF,Stanford,Dwight Powell,SR,2013-14,F,Stanford,Pac-12,36,32.4,4.9,10.5,4.6,9.4,0.3,1.1,4,5.9,1.9,4.9,6.9,3.1,1.3,0.8,2.9,3.1,14,Stanford2014,61,Stanford,Pac-12,23-13,4.5,3,7.4,2014,Dwight Powell,40,Dwight Powell,PF,82,212,Dwight Powell
191,11,2015,1,6,C,Kentucky,Willie Cauley-Stein,JR,2014-15,C,Kentucky,SEC,39,25.9,3.5,6.1,3.5,6.1,0,0,2,3.3,2.3,4.2,6.4,1,1.2,1.7,1.2,2,8.9,Kentucky2015,1,Kentucky,SEC,38-1,10.3,13.6,23.9,2015,Willie Cauley Stein,40,Willie Cauley Stein,C,82,215,Willie Cauley-Stein
311,237,2017,2,37,SF/PF,SMU,Semi Ojeleye,JR,2016-17,F,Southern Methodist,AAC,35,34.1,6,12.3,3.9,7.4,2.1,4.9,4.9,6.3,2.3,4.6,6.9,1.5,0.4,0.4,1.4,1.8,19,SMU2017,17,SMU,American,30-5,10.3,5.2,15.5,2017,Semi Ojeleye,40,Semi Ojeleye,SF,78,220,Semi Ojeleye
34,142,2011,2,51,SG,Ohio State,Jon Diebler,SR,2010-11,G,Ohio State,Big Ten,37,35.7,3.9,7.7,0.8,1.6,3.1,6.1,1.7,2.1,0.4,2.3,2.6,2.4,1,0.1,0.9,1,12.6,Ohio State2011,1,Ohio State,Big Ten,34-3,11.4,10.4,21.8,2011,,40,,,78,200,Jon Diebler
39,249,2012,1,5,PF,Kansas,Thomas Robinson,JR,2011-12,F,Kansas,Big 12,39,31.8,6.7,13.3,6.5,12.9,0.2,0.4,4.2,6.1,2.9,9,11.9,1.8,1.1,0.9,2.7,2.7,17.7,Kansas2012,7,Kansas,Big 12,32-7,8.2,7.8,16.1,2012,Thomas  Robinson,40,Thomas  Robinson,PF,80,210,Thomas Robinson
60,205,2012,1,15,SF,St. John's,Maurice Harkless,FR,2011-12,G,St. John's (NY),Big East,32,36.1,6,13.3,5.5,10.9,0.5,2.5,2.9,4.3,2.8,5.9,8.6,1.5,1.6,1.4,2.5,2.3,15.5,St. John's2012,167,St. John's,Big East,13-19,0.5,0,0.6,2012,Maurice Harkless,39,Maurice Harkless,SF,78,200,Maurice Harkless
90,303,2013,2,49,PF,Florida,Erik Murphy,SR,2012-13,F,Florida,SEC,36,26.4,4.6,8.8,2.6,4.4,2,4.4,1.1,1.4,1.6,3.9,5.5,1.4,0.6,0.7,1.4,2.8,12.2,Florida2013,1,Florida,SEC,29-8,7.5,13.7,21.2,2013,Erik Murphy,38,Erik Murphy,PF,82,225,Erik Murphy
185,128,2014,2,58,SG,Tennessee,Jordan McRae,SR,2013-14,G,Tennessee,SEC,37,32.2,6,13.8,3.9,7.8,2.1,6.1,4.5,5.7,0.7,2.8,3.5,2.5,0.7,1,2.1,2.1,18.7,Tennessee2014,15,Tennessee,SEC,24-13,5.1,9.4,14.5,2014,Jordan Mcrae,38,Jordan Mcrae,SG,77,175,Jordan McRae
215,126,2015,2,33,PF,LSU,Jordan Mickey,SO,2014-15,F,Louisiana,SEC,31,34.9,6.2,12.2,6.1,11.9,0,0.3,3.1,4.7,3.2,6.7,9.9,1.3,0.9,3.6,3.3,2.6,15.4,LSU2015,55,LSU,SEC,22-11,7,0.8,7.8,2015,Jordan Mickey,38,Jordan Mickey,PF,80,220,Jordan Mickey
315,83,2017,2,41,SG,Oregon,Tyler Dorsey,SO,2016-17,G,Oregon,Pac-12,39,30,4.8,10.4,2.6,5.1,2.3,5.3,2.7,3.6,0.8,2.6,3.5,1.7,0.8,0.1,1.5,1.5,14.6,Oregon2017,10,Oregon,Pac-12,33-6,10.7,6.8,17.4,2017,Tyler Dorsey,38,Tyler Dorsey,SG,76,180,Tyler Dorsey
9,325,2011,1,17,SG,Georgia Tech,Iman Shumpert,JR,2010-11,G,Georgia Tech,ACC,31,32,5.7,14.1,4.4,9.2,1.4,4.9,4.5,5.6,1.7,4.2,5.9,3.5,2.7,0.2,2.3,2.8,17.3,Georgia Tech2011,80,Georgia Tech,ACC,13-18,1.9,3.6,5.5,2011,,38,,,76,185,Iman Shumpert
173,256,2014,2,39,SF,Syracuse,Jerami Grant,SO,2013-14,F,Syracuse,ACC,32,31.4,4.2,8.4,4.2,8.2,0,0.2,3.8,5.6,2.4,4.3,6.8,1.4,0.8,0.6,1.2,2.3,12.1,Syracuse2014,16,Syracuse,ACC,28-6,1.7,12.6,14.3,2014,Jerami Grant,37,Jerami Grant,PF,79,200,Jerami Grant
286,213,2017,1,10,C/PF,Gonzaga,Zach Collins,FR,2016-17,C,Gonzaga,WCC,39,17.3,3.5,5.3,3.2,4.8,0.3,0.5,2.8,3.8,1.7,4.2,5.9,0.4,0.5,1.8,1.5,2.7,10,Gonzaga2017,1,Gonzaga,WCC,37-2,10.8,9.5,20.4,2017,Zach Collins,37,Zach Collins,C,83,220,Zach Collins
55,87,2012,2,35,PF,Michigan State,Draymond Green,SR,2011-12,F,Michigan State,Big Ten,37,33.2,5.7,12.8,4.3,9.1,1.4,3.6,3.4,4.7,2.1,8.5,10.6,3.8,1.5,0.9,3,2.8,16.2,Michigan State2012,4,Michigan State,Big Ten,29-8,7.7,9.9,17.6,2012,,36,,,78,225,Draymond Green
43,234,2012,1,16,PF,Iowa State,Royce White,SO,2011-12,F,Iowa State,Big 12,34,31.5,5.1,9.6,5,9.3,0.1,0.4,3,6,2.5,6.8,9.3,5,1.2,0.9,3.8,2.6,13.4,Iowa State2012,37,Iowa State,Big 12,23-11,7.2,2.6,9.7,2012,Royce White,35,Royce White,PF,79,220,Royce White
251,41,2016,1,25,PF,North Carolina,Brice Johnson,SR,2015-16,F,North Carolina,ACC,40,28,7.2,11.6,7.2,11.6,0,0,3.9,4.9,2.9,7.5,10.4,1.5,1.1,1.5,1.8,2.7,18.2,North Carolina2016,2,North Carolina,ACC,33-6,13.8,4.8,18.7,2016,Brice Johnson,34,Brice Johnson,PF,81,210,Brice Johnson
313,270,2017,2,39,PG,Oklahoma State,Jawun Evans,SO,2016-17,G,Oklahoma State,Big 12,32,29.3,6.6,15.1,5.5,12.1,1.1,3,4.8,6,0.8,2.7,3.4,6.4,1.8,0.1,2.8,2.3,19.2,Oklahoma State2017,26,Oklahoma State,Big 12,20-13,11.1,1.3,12.4,2017,Jawun Evans,33,Jawun Evans,PG,72,180,Jawun Evans
27,194,2011,2,43,SG,UCLA,Malcolm Lee,JR,2010-11,G,UCLA,Pac-10,33,33.1,4.3,9.8,3.1,5.8,1.2,4,3.4,4.4,0.7,2.4,3.1,2,0.7,0.2,1.7,2.4,13.1,UCLA2011,74,UCLA,Pac-12,23-11,3.3,2.7,6,2011,,33,,,76,170,Malcolm Lee
63,19,2012,2,46,SF,Kentucky,Darius Miller,JR,2010-11,G,Kentucky,SEC,38,31,3.9,8.2,2.4,4.8,1.5,3.4,1.5,1.8,1.3,3.2,4.6,1.7,0.8,1.1,1.5,2.6,10.9,Kentucky2012,2,Kentucky,SEC,38-2,11.9,8.2,20.1,2012,,33,,,79,225,Darius Miller
160,108,2014,1,23,SG,Duke,Rodney Hood,SO,2013-14,F,Duke,ACC,35,32.9,5.5,11.8,3.4,6.9,2,4.8,3.1,3.9,0.8,3.1,3.9,2.1,0.7,0.3,1.5,2.6,16.1,Duke2014,3,Duke,ACC,26-9,13.6,5.2,18.8,2014,Rodney Hood,31,Rodney Hood,SF,79,190,Rodney Hood
53,247,2012,1,8,SG,Washington,Terrence Ross,SO,2011-12,G,Washington,Pac-12,35,31.1,6.1,13.4,4.1,7.9,2.1,5.5,2.1,2.7,1.4,5.1,6.4,1.4,1.3,0.9,2,2.8,16.4,Washington2012,80,Washington,Pac-12,24-11,7.3,-1.6,5.7,2012,Terrence Ross,30,Terrence Ross,SF,78,180,Terrence Ross
274,63,2016,2,56,SG/SF,Connecticut,Daniel Hamilton,SO,2015-16,G,Connecticut,AAC,36,31.9,4.4,11.4,3.1,7.5,1.3,3.9,2.4,2.8,0.9,8,8.9,4.7,1.1,0.4,2.4,1.8,12.5,Connecticut2016,18,Connecticut,American,25-11,4.4,9.1,13.5,2016,Daniel Hamilton,30,Daniel Hamilton,SG,78,175,Daniel Hamilton
85,20,2012,2,42,SG,Kentucky,Doron Lamb,SO,2011-12,G,Kentucky,SEC,40,31.2,4.4,9.2,2.5,5.2,1.9,4.1,3.1,3.7,0.4,2.3,2.7,1.5,0.5,0.1,1.1,1.8,13.7,Kentucky2012,2,Kentucky,SEC,38-2,11.9,8.2,20.1,2012,Doron Lamb,29,Doron Lamb,SG,76,183,Doron Lamb
153,246,2014,1,14,SF,NC State,T.J. Warren,SO,2013-14,F,NC State,ACC,35,35.4,9.8,18.6,8.9,15.3,0.9,3.3,4.5,6.5,3.2,3.9,7.1,1.1,1.8,0.6,2.4,2.8,24.9,NC State2014,77,NC State,ACC,22-14,4.7,1.5,6.2,2014,,29,,,79,205,T.J. Warren
268,192,2016,2,49,SF,Syracuse,Michael Gbinije,SR,2015-16,F,Syracuse,ACC,37,37.9,6.1,13.2,3.6,6.9,2.5,6.3,2.9,4.3,1.1,3,4.1,4.3,1.9,0.4,2.8,2.6,17.5,Syracuse2016,32,Syracuse,ACC,23-14,1.5,9.5,11,2016,Michael Gbinije,29,Michael Gbinije,SF,78,194,Michael Gbinije
93,186,2013,2,52,PG,NC State,Lorenzo Brown,JR,2012-13,G,NC State,ACC,33,34.2,4.2,10.1,3.6,7.8,0.6,2.3,3.3,4.2,0.7,3.7,4.3,7.2,2,0.6,3.5,2,12.4,NC State2013,29,NC State,ACC,24-11,11.6,-0.4,11.3,2013,Lorenzo Brown,29,Lorenzo Brown,SG,76,180,Lorenzo Brown
247,277,2016,1,19,SG,Florida State,Malik Beasley,FR,2015-16,G,Florida State,ACC,34,29.8,5.4,11.6,3.8,7.4,1.6,4.2,3.1,3.8,1.3,4,5.3,1.5,0.9,0.2,1.7,2.2,15.6,Florida State2016,47,Florida State,ACC,20-14,7.9,1.5,9.4,2016,Malik Beasley,28,Malik Beasley,SG,76,185,Malik Beasley
158,215,2014,1,21,PF,Michigan,Mitch McGary,SO,2013-14,F,Michigan,Big Ten,8,24.8,3.8,6.9,3.8,6.6,0,0.3,2,3,2.9,5.4,8.3,1.5,1.9,0.8,1.6,3.1,9.5,Michigan2014,9,Michigan,Big Ten,28-9,8.7,7,15.7,2014,Mitch Mcgary,27,Mitch Mcgary,PF,82,225,Mitch McGary
20,112,2011,1,27,PF,Purdue,JaJuan Johnson,SR,2010-11,F,Purdue,Big Ten,34,35.4,7.6,15.3,7.1,13.8,0.4,1.5,5,6.1,2.4,6.1,8.6,1,0.9,2.3,1.6,1.6,20.5,Purdue2011,6,Purdue,Big Ten,26-8,7.1,9.1,16.2,2011,Jajuan Johnson,27,Jajuan Johnson,SG,77,185,JaJuan Johnson
154,95,2014,1,15,PF,Michigan State,Adreian Payne,SR,2013-14,C,Michigan State,Big Ten,21,28.1,5.7,11.4,4.3,8.1,1.4,3.4,3.5,4.5,1.5,5.7,7.3,1.3,0.5,0.9,2,2.6,16.4,Michigan State2014,11,Michigan State,Big Ten,29-9,8.5,6.9,15.4,2014,Adreian Payne,26,Adreian Payne,PF,81,215,Adreian Payne
35,53,2011,2,52,PF,Florida,Vernon Macklin,SR,2010-11,F,Florida,SEC,37,24.5,5.2,8.7,5.2,8.7,0,0,1.2,2.8,2.2,3.2,5.4,0.8,0.4,0.7,1.7,2.5,11.6,Florida2011,11,Florida,SEC,29-8,8.6,6.5,15.1,2011,,26,,,82,245,Vernon Macklin
230,242,2015,2,53,SF,St. John's,Sir'Dominic Pointer,SR,2014-15,G,St. John's (NY),Big East,33,34.6,5.3,10.1,5.2,9.4,0.1,0.8,3,4.2,1.9,5.7,7.7,3,1.9,2.4,2,3,13.7,St. John's2015,42,St. John's,Big East,21-12,6.3,2.9,9.2,2015,,25,,,78,195,Sir'Dominic Pointer
258,118,2016,2,34,PG,Kentucky,Tyler Ulis,SO,2015-16,G,Kentucky,SEC,35,36.8,5.5,12.6,3.9,8.1,1.6,4.6,4.8,5.6,0.5,2.5,3,7,1.5,0.1,2,1.8,17.3,Kentucky2016,8,Kentucky,SEC,27-9,9.8,6.4,16.2,2016,Tyler Ulis,25,Tyler Ulis,PG,69,150,Tyler Ulis
10,322,2011,1,18,SF,Florida State,Chris Singleton,JR,2010-11,F,Florida State,ACC,28,29.1,4.4,10.2,3.2,6.8,1.3,3.4,3,4.5,2.1,4.8,6.8,1.2,2,1.5,2.2,3.2,13.1,Florida State2011,35,Florida State,ACC,23-11,2.3,8.3,10.5,2011,,25,,,80,210,Chris Singleton
96,97,2013,2,56,PG,Louisville,Peyton Siva,SR,2012-13,G,Louisville,Big East,40,31.2,3.5,8.6,2.5,5.3,1,3.3,2.1,2.5,0.3,2.1,2.4,5.7,2.3,0.2,2.7,2.6,10,Louisville2013,2,Louisville,Big East,35-5,10.7,10.3,21,2013,Peyton Siva,25,Peyton Siva,PG,71,180,Peyton Siva
104,165,2013,1,8,SG,Georgia,Kentavious Caldwell-Pope,SO,2012-13,G,Georgia,SEC,32,33.9,5.8,13.4,3.2,6.4,2.6,7,4.2,5.3,1.2,5.9,7.1,1.8,2,0.5,2,2.2,18.5,Georgia2013,107,Georgia,SEC,15-17,-3.4,6.6,3.2,2013,Kentavious Caldwell Pope,24,Kentavious Caldwell Pope,SG,76,190,Kentavious Caldwell-Pope
124,251,2013,2,37,PF,North Texas,Tony Mitchell,SO,2010-11,F,Alabama,SEC,37,31.5,6.2,11.8,5.3,9.2,0.8,2.6,2.1,3.2,2.6,4.4,7.1,1.3,1.6,1.1,1.7,2.4,15.2,North Texas2013,252,North Texas,Sun Belt,20-Dec,-2.3,-2.8,-5,2013,Tony Mitchell,24,Tony Mitchell,PF,80,215,Tony Mitchell
212,288,2015,1,29,PF,Syracuse,Chris McCullough,FR,2014-15,F,Syracuse,ACC,16,28.1,3.4,7.1,3.3,7,0.1,0.1,2.5,4.4,2.3,4.6,6.9,1.1,1.7,2.1,2.2,2.6,9.3,Syracuse2015,25,Syracuse,ACC,18-13,4.3,6.4,10.7,2015,Chris Mccullough,24,Chris Mccullough,PF,82,220,Chris McCullough
265,74,2016,2,45,PG,Notre Dame,Demetrius Jackson,JR,2015-16,G,Notre Dame,ACC,35,36,5.5,12.2,4,7.6,1.5,4.7,3.2,4,0.9,2.6,3.5,4.7,1.2,0.3,2.2,1.9,15.8,Notre Dame2016,31,Notre Dame,ACC,24-12,6.6,4.4,11,2016,Demetrius Jackson,24,Demetrius Jackson,PG,73,170,Demetrius Jackson
288,187,2017,1,12,SG,Duke,Luke Kennard,SO,2016-17,G,Duke,ACC,37,35.5,6.4,13.1,4,7.7,2.4,5.4,4.3,5.1,1.2,3.9,5.1,2.5,0.8,0.4,1.6,2.2,19.5,Duke2017,7,Duke,ACC,28-9,11.8,5.9,17.7,2017,Luke Kennard,24,Luke Kennard,SG,77,180,Luke Kennard
232,287,2015,2,56,SF,Michigan State,Branden Dawson,SR,2014-15,F,Michigan State,Big Ten,35,30.1,5.2,9.7,5.2,9.7,0,0,1.5,3,2.9,6.2,9.1,1.7,1.2,1.7,1.9,2.1,11.9,Michigan State2015,16,Michigan State,Big Ten,27-12,7.6,6.2,13.7,2015,Branden Dawson,23,Branden Dawson,SF,78,220,Branden Dawson
237,31,2016,1,5,PG,Providence,Kris Dunn,JR,2015-16,G,Providence,Big East,33,33,5.6,12.5,4.3,9,1.3,3.4,4,5.8,1.1,4.2,5.3,6.2,2.5,0.6,3.5,2.8,16.4,Providence2016,62,Providence,Big East,24-11,3.8,3.6,7.4,2016,Kris Dunn,23,Kris Dunn,PG,75,180,Kris Dunn
250,191,2016,1,22,SG,Syracuse,Malachi Richardson,FR,2015-16,G,Syracuse,ACC,37,34.4,4.1,11.1,2,5.1,2.1,6.1,3.1,4.2,0.5,3.8,4.3,2.1,1.1,0.3,2.1,2.5,13.4,Syracuse2016,32,Syracuse,ACC,23-14,1.5,9.5,11,2016,Malachi Richardson,23,Malachi Richardson,SG,78,190,Malachi Richardson
326,262,2017,2,56,SG,California,Jabari Bird,SR,2016-17,G,California,Pac-12,27,32,5.2,11.8,2.8,5.2,2.4,6.6,1.6,2,1,3.7,4.7,1,0.7,0.2,1.9,1.9,14.3,California2017,56,California,Pac-12,21-13,0.4,7.7,8.1,2017,Jabari Bird,23,Jabari Bird,SG,78,190,Jabari Bird
58,99,2012,1,13,PG,North Carolina,Kendall Marshall,SO,2011-12,G,North Carolina,ACC,36,33,2.9,6.3,2.1,4.1,0.8,2.2,1.5,2.2,0.2,2.4,2.6,9.8,1.2,0.2,2.8,1.6,8.1,North Carolina2012,5,North Carolina,ACC,32-6,13.7,3.4,17.1,2012,Kendall Marshall,22,Kendall Marshall,PG,76,180,Kendall Marshall
175,1,2014,2,42,PG/SG,Arizona,Nick Johnson,JR,2013-14,G,Arizona,Pac-12,38,33.1,5.4,12.5,3.8,8,1.6,4.4,3.8,4.9,0.8,3.2,4.1,2.8,1.1,0.7,1.7,2,16.3,Arizona2014,4,Arizona,Pac-12,33-5,5.9,11.8,17.7,2014,Nick Johnson,22,Nick Johnson,SG,75,185,Nick Johnson
256,77,2016,2,31,PF/C,Michigan State,Deyonta Davis,FR,2015-16,C,Michigan State,Big Ten,35,18.6,3.4,5.7,3.4,5.7,0,0,0.7,1.1,2.1,3.4,5.5,0.7,0.3,1.8,0.9,2.3,7.5,Michigan State2016,3,Michigan State,Big Ten,29-6,10.5,8.1,18.6,2016,Deyonta Davis,22,Deyonta Davis,PF,81,210,Deyonta Davis
273,42,2016,2,55,PG,North Carolina,Marcus Paige,SR,2015-16,G,North Carolina,ACC,34,31.6,4.3,10.9,2,4.4,2.3,6.5,2.4,3,0.4,2.1,2.5,3.7,1.1,0.4,1.2,1.5,13.4,North Carolina2016,2,North Carolina,ACC,33-6,13.8,4.8,18.7,2016,Marcus Paige,22,Marcus Paige,PG,73,160,Marcus Paige
11,177,2011,1,21,PG,Duke,Nolan Smith,SR,2010-11,G,Duke,ACC,37,34,7,15.4,5.5,10.9,1.5,4.4,5.1,6.2,1.2,3.3,4.5,5.1,1.2,0.1,3.2,1.9,20.6,Duke2011,3,Duke,ACC,32-5,13.7,5.3,19,2011,,22,,,75,175,Nolan Smith
107,206,2013,1,11,PG,Syracuse,Michael Carter-Williams,SO,2012-13,G,Syracuse,Big East,40,35.2,3.9,9.9,3,6.9,0.9,3,3.2,4.7,1.3,3.7,5,7.3,2.7,0.5,3.5,2.3,11.9,Syracuse2013,11,Syracuse,Big East,30-10,7,8,15,2013,Michael Carter Williams,21,Michael Carter Williams,SG,77,175,Michael Carter-Williams
207,232,2015,1,23,SF,Arizona,Rondae Hollis-Jefferson,SO,2014-15,F,Arizona,Pac-12,38,28.7,3.6,7.2,3.5,6.5,0.2,0.8,3.8,5.4,2,4.8,6.8,1.6,1.2,0.8,1.6,2.5,11.2,Arizona2015,5,Arizona,Pac-12,34-4,10.7,8.9,19.6,2015,Rondae Hollis Jefferson,21,Rondae Hollis Jefferson,SF,79,215,Rondae Hollis-Jefferson
47,133,2012,1,23,SG,Vanderbilt,John Jenkins,JR,2011-12,G,Vanderbilt,SEC,35,33.6,6.2,13.1,2.4,4.4,3.8,8.7,3.7,4.4,0.5,2.4,2.9,1.2,0.8,0.3,1.6,1.2,19.9,Vanderbilt2012,18,Vanderbilt,SEC,25-11,8.2,4.4,12.6,2012,John Jenkins,21,John Jenkins,SG,76,175,John Jenkins
156,255,2014,1,18,PG,Syracuse,Tyler Ennis,FR,2013-14,G,Syracuse,ACC,34,35.7,4.4,10.6,3.5,8.1,0.9,2.5,3.4,4.4,0.8,2.6,3.4,5.5,2.1,0.2,1.7,2,12.9,Syracuse2014,16,Syracuse,ACC,28-6,1.7,12.6,14.3,2014,Tyler Ennis,20,Tyler Ennis,PG,74,180,Tyler Ennis
217,289,2015,2,36,PF/C,Syracuse,Rakeem Christmas,SR,2014-15,C,Syracuse,ACC,31,34.3,6.5,11.9,6.5,11.8,0,0,4.4,6.2,3.1,6,9.1,1.5,0.9,2.5,2.5,3.4,17.5,Syracuse2015,25,Syracuse,ACC,18-13,4.3,6.4,10.7,2015,Rakeem Christmas,20,Rakeem Christmas,C,81,222,Rakeem Christmas
316,267,2017,2,42,PF,Indiana,Thomas Bryant,SO,2016-17,F,Indiana,Big Ten,34,28.1,4.4,8.4,3.7,6.6,0.7,1.8,3.2,4.4,2.2,4.4,6.6,1.5,0.8,1.5,2.3,3.1,12.6,Indiana2017,32,Indiana,Big Ten,18-16,7.5,3.2,10.6,2017,Thomas Bryant,20,Thomas Bryant,C,82,220,Thomas Bryant
37,113,2011,2,55,SG,Purdue,Etwaun Moore,SR,2010-11,G,Purdue,Big Ten,34,33.9,6.5,14.5,4.4,9.4,2.1,5.1,2.9,4.1,1.5,3.6,5.1,3.2,1.2,0.5,1.8,2.1,18,Purdue2011,6,Purdue,Big Ten,26-8,7.1,9.1,16.2,2011,,20,,,75,185,Etwaun Moore
97,6,2013,2,57,C,Missouri,Alex Oriakhi,SO,2010-11,F,Connecticut,Big East,41,29.1,3.7,7.4,3.7,7.4,0,0,2.1,3.4,3.7,5,8.7,0.4,0.4,1.6,1.1,2.5,9.6,Missouri2013,19,Missouri,SEC,23-11,10.2,2.2,12.4,2013,Alex Oriakhi,20,Alex Oriakhi,C,80,230,Alex Oriakhi
201,291,2015,1,17,SG,UNLV,Rashad Vaughn,FR,2014-15,G,UNLV,MWC,23,32.3,6.3,14.3,3.9,8.1,2.3,6.1,3,4.3,0.6,4.2,4.8,1.6,0.8,0.3,2.2,2.3,17.8,UNLV2015,93,UNLV,MW,18-15,4.2,0.5,4.8,2015,Rashad Vaughn,19,Rashad Vaughn,SG,78,200,Rashad Vaughn
325,212,2017,2,55,PG,Gonzaga,Nigel Williams-Goss,JR,2016-17,G,Gonzaga,WCC,38,32.8,5.8,11.9,4.7,8.8,1.1,3.1,4.1,4.8,0.6,5.4,6,4.7,1.7,0.1,2.1,1.6,16.8,Gonzaga2017,1,Gonzaga,WCC,37-2,10.8,9.5,20.4,2017,Nigel Williams Goss,19,Nigel Williams Goss,PG,75,180,Nigel Williams-Goss
174,216,2014,2,40,SF,Michigan,Glenn Robinson III,SO,2013-14,F,Michigan,Big Ten,37,32.3,4.9,10.1,4,7.2,0.9,2.9,2.4,3.1,1.5,3,4.4,1.2,0.9,0.3,1.2,1.5,13.1,Michigan2014,9,Michigan,Big Ten,28-9,8.7,7,15.7,2014,Glenn Robinson III,18,Glenn Robinson III,SF,78,200,Glenn Robinson III
117,229,2013,1,25,SF,North Carolina,Reggie Bullock,JR,2012-13,G,North Carolina,ACC,35,31.4,4.9,10.2,2.4,4.4,2.5,5.8,1.6,2.1,2,4.4,6.5,2.9,1.3,0.3,1.2,1.4,13.9,North Carolina2013,31,North Carolina,ACC,25-11,10,1.1,11.1,2013,Reggie Bullock,18,Reggie Bullock,SG,78,190,Reggie Bullock
197,13,2015,1,13,SG,Kentucky,Devin Booker,FR,2014-15,G,Kentucky,SEC,38,21.5,3.6,7.6,2,3.8,1.5,3.7,1.4,1.7,0.4,1.6,2,1.1,0.4,0.1,1,1.5,10,Kentucky2015,1,Kentucky,SEC,38-1,10.3,13.6,23.9,2015,Devin Booker,18,Devin Booker,SG,77,185,Devin Booker
123,302,2013,2,36,PG,Detroit,Ray McCallum Jr.,JR,2012-13,G,Detroit,Horizon,33,36.6,6.5,13.2,5.2,9.3,1.3,3.9,4.5,6.2,1.3,3.8,5.1,4.5,1.9,0.6,2.1,2,18.7,Detroit2013,76,Detroit,Horizon,20-13,10.1,-3.4,6.6,2013,Ray Mccallum Jr,17,Ray Mccallum Jr,PG,73,179,Ray McCallum Jr.
89,204,2013,2,48,PF,Duke,Ryan Kelly,SR,2012-13,F,Duke,ACC,23,28.9,4.2,9.2,2.7,5.6,1.5,3.6,3,3.7,1.6,3.7,5.3,1.7,0.7,1.6,1,2.4,12.9,Duke2013,4,Duke,ACC,30-6,12.2,5.4,17.6,2013,Ryan Kelly,17,Ryan Kelly,PF,82,210,Ryan Kelly
69,248,2012,1,25,PG,Washington,Tony Wroten,FR,2011-12,G,Washington,Pac-12,35,30.3,5.7,12.8,5.4,11.2,0.3,1.6,4.4,7.5,2.3,2.7,5,3.7,1.9,0.4,3.8,2.7,16,Washington2012,80,Washington,Pac-12,24-11,7.3,-1.6,5.7,2012,Tony Wroten,17,Tony Wroten,PG,76,206,Tony Wroten
202,93,2015,1,18,SF,Wisconsin,Sam Dekker,JR,2014-15,F,Wisconsin,Big Ten,40,31,5.3,10.2,4.1,6.4,1.3,3.8,2,2.8,1.9,3.6,5.5,1.2,0.5,0.5,0.9,1.1,13.9,Wisconsin2015,3,Wisconsin,Big Ten,36-3,10.4,11.3,21.7,2015,Sam Dekker,17,Sam Dekker,SF,79,195,Sam Dekker
303,158,2017,1,28,PF/C,North Carolina,Tony Bradley,FR,2016-17,C,North Carolina,ACC,38,14.6,2.7,4.7,2.7,4.7,0,0,1.7,2.8,2.6,2.6,5.1,0.6,0.3,0.6,0.7,1.8,7.1,North Carolina2017,3,North Carolina,ACC,33-7,11.3,8.2,19.4,2017,Tony Bradley,17,Tony Bradley,C,82,235,Tony Bradley
22,56,2011,1,29,PG,Texas,Cory Joseph,FR,2010-11,G,Texas,Big 12,36,32.4,3.8,8.9,2.3,5.4,1.4,3.5,1.4,2,0.6,2.9,3.6,3,1,0.3,1.5,1.8,10.4,Texas2011,7,Texas,Big 12,28-8,8,8.1,16.1,2011,Cory Joseph,16,Cory Joseph,PG,75,180,Cory Joseph
206,35,2015,1,22,PF,Arkansas,Bobby Portis,SO,2014-15,F,Arkansas,SEC,36,29.9,6.9,12.9,6.6,12.1,0.4,0.8,3.2,4.3,3.7,5.2,8.9,1.2,1.1,1.4,1.6,2.2,17.5,Arkansas2015,33,Arkansas,SEC,27-9,10.4,-0.4,10,2015,Bobby Portis,16,Bobby Portis,PF,81,225,Bobby Portis
119,308,2013,1,29,SG,Kentucky,Archie Goodwin,FR,2012-13,G,Kentucky,SEC,33,31.8,4.8,10.8,4.2,8.9,0.5,1.9,4.1,6.4,1.5,3.2,4.6,2.7,1.1,0.5,3.1,2.9,14.1,Kentucky2013,22,Kentucky,SEC,21-12,7.8,4.2,12,2013,Archie Goodwin,15,Archie Goodwin,SG,77,181,Archie Goodwin
49,173,2012,1,4,SG,Syracuse,Dion Waiters,SO,2011-12,G,Syracuse,ACC,37,24.1,4.6,9.6,3.5,6.6,1.1,3.1,2.3,3.2,0.5,1.8,2.3,2.5,1.8,0.3,1.3,1.9,12.6,Syracuse2012,3,Syracuse,Big East,34-3,9.9,8.4,18.3,2012,Dion Waiters,15,Dion Waiters,SG,76,210,Dion Waiters
194,110,2015,1,10,SF,Duke,Justise Winslow,FR,2014-15,F,Duke,ACC,39,29.1,4.4,9.1,3.3,6.3,1.2,2.8,2.6,4,1.3,5.2,6.5,2.1,1.3,0.9,1.8,2.8,12.6,Duke2015,2,Duke,ACC,34-4,16.4,6,22.4,2015,Justise Winslow,15,Justise Winslow,SF,78,218,Justise Winslow
298,271,2017,1,22,C,Texas,Jarrett Allen,FR,2016-17,C,Texas,Big 12,33,32.2,5.4,9.6,5.4,9.4,0,0.2,2.5,4.5,3,5.4,8.4,0.8,0.6,1.5,2.5,2.1,13.4,Texas2017,70,Texas,Big 12,22-Nov,0.2,6.2,6.4,2017,Jarrett Allen,15,Jarrett Allen,C,82,220,Jarrett Allen
100,306,2013,1,4,C/PF,Indiana,Cody Zeller,SO,2012-13,F,Indiana,Big Ten,36,29.5,5.5,9.8,5.5,9.8,0,0.1,5.4,7.2,2.8,5.2,8,1.3,1,1.3,2.3,2.2,16.5,Indiana2013,3,Indiana,Big Ten,29-7,13.8,6.4,20.2,2013,Cody Zeller,14,Cody Zeller,PF,83,210,Cody Zeller
264,105,2016,2,42,PG/SG,Seton Hall,Isaiah Whitehead,SO,2015-16,G,Seton Hall,Big East,34,32.3,5.7,15.1,3.3,8.5,2.4,6.5,4.4,5.8,0.5,3.1,3.6,5.1,1.2,1.4,3.5,2.3,18.2,Seton Hall2016,33,Seton Hall,Big East,25-9,4.7,6.2,11,2016,Isaiah Whitehead,14,Isaiah Whitehead,SG,76,195,Isaiah Whitehead
314,265,2017,2,40,SG,Florida State,Dwayne Bacon,SO,2016-17,G,Florida State,ACC,35,28.8,6.3,14,4.7,9.1,1.6,4.9,3,3.9,1,3.2,4.2,1.7,1,0.1,2,1.6,17.2,Florida State2017,24,Florida State,ACC,26-9,7.6,6.3,13.9,2017,Dwayne Bacon,14,Dwayne Bacon,SG,78,209,Dwayne Bacon
1,163,2011,1,9,PG,Connecticut,Kemba Walker,JR,2010-11,G,Connecticut,Big East,41,37.6,7.7,18,5.9,12.5,1.8,5.5,6.3,7.7,1.3,4.1,5.4,4.5,1.9,0.2,2.3,1.4,23.5,Connecticut2011,25,Connecticut,Big East,32-9,6.8,5,11.8,2011,,14,,,74,175,Kemba Walker
46,174,2012,1,22,C,Syracuse,Fab Melo,SO,2011-12,C,Syracuse,ACC,30,25.4,3.3,5.8,3.3,5.8,0,0,1.3,2,2.7,3.2,5.8,0.7,0.5,2.9,1.4,2.8,7.8,Syracuse2012,3,Syracuse,Big East,34-3,9.9,8.4,18.3,2012,,14,,,84,274,Fab Melo
149,296,2014,1,9,PF,Indiana,Noah Vonleh,FR,2013-14,F,Indiana,Big Ten,30,26.5,3.8,7.2,3.2,6.1,0.5,1.1,3.2,4.5,2.4,6.6,9,0.6,0.9,1.4,2.1,2.7,11.3,Indiana2014,62,Indiana,Big Ten,17-15,4.1,3.2,7.4,2014,Noah Vonleh,13,Noah Vonleh,PF,80,220,Noah Vonleh
189,60,2015,1,2,PG,Ohio State,D'Angelo Russell,FR,2014-15,G,Ohio State,Big Ten,35,33.9,6.6,14.7,3.9,8.1,2.7,6.6,3.4,4.5,1,4.7,5.7,5,1.6,0.3,2.9,2.1,19.3,Ohio State2015,9,Ohio State,Big Ten,24-11,9.7,6.6,16.3,2015,Dangelo Russell,13,Dangelo Russell,SG,76,180,D'Angelo Russell
295,184,2017,1,18,PF,UCLA,T. J. Leaf,FR,2016-17,F,UCLA,Pac-12,35,29.9,6.7,10.9,5.9,9.2,0.8,1.7,2.1,3,2.2,6,8.2,2.4,0.6,1.1,1.5,2.5,16.3,UCLA2017,12,UCLA,Pac-12,31-5,14.4,2.4,16.8,2017,,13,,,81,215,T. J. Leaf
141,80,2013,2,58,SF,Ohio State,Deshaun Thomas,JR,2012-13,F,Ohio State,Big Ten,37,35.4,7,15.8,5.1,10.1,1.9,5.6,3.8,4.6,1.7,4.2,5.9,1.3,0.5,0.3,1.4,1.5,19.8,Ohio State2013,9,Ohio State,Big Ten,29-8,7.5,8.5,15.9,2013,Deshaun Thomas,12,Deshaun Thomas,SF,79,221,Deshaun Thomas
213,167,2015,1,30,PF,UCLA,Kevon Looney,FR,2014-15,F,UCLA,Pac-12,36,30.9,4.2,8.9,3.6,7.4,0.6,1.5,2.6,4.1,3.4,5.8,9.2,1.4,1.3,0.9,1.3,2.9,11.6,UCLA2015,91,UCLA,Pac-12,22-14,5.8,-1,4.8,2015,Kevon Looney,12,Kevon Looney,PF,80,200,Kevon Looney
263,223,2016,2,41,PF/C,UNLV,Stephen Zimmerman,FR,2015-16,C,UNLV,MWC,26,26.2,3.9,8.2,3.7,7.6,0.2,0.7,2.4,3.9,2.2,6.6,8.7,0.8,0.5,2,2.1,3,10.5,UNLV2016,95,UNLV,MW,18-15,5.5,-0.7,4.8,2016,Stephen Zimmerman,12,Stephen Zimmerman,C,84,230,Stephen Zimmerman
283,264,2017,1,6,SF/PF,Florida State,Jonathan Isaac,FR,2016-17,F,Florida State,ACC,32,26.2,4.1,8,3.1,5.2,1,2.8,2.9,3.7,1.8,6.1,7.8,1.2,1.2,1.5,1.5,2.2,12,Florida State2017,24,Florida State,ACC,26-9,7.6,6.3,13.9,2017,Jonathan Isaac,12,Jonathan Isaac,SF,82,185,Jonathan Isaac
157,94,2014,1,19,SG,Michigan State,Gary Harris,SO,2013-14,G,Michigan State,Big Ten,35,32.3,5.6,13,3.3,6.4,2.3,6.6,3.3,4.1,1.1,2.9,4,2.7,1.8,0.4,1.7,2.1,16.7,Michigan State2014,11,Michigan State,Big Ten,29-9,8.5,6.9,15.4,2014,Gary Harris,11,Gary Harris,SG,76,195,Gary Harris
199,285,2015,1,15,SG,Kansas,Kelly Oubre Jr.,FR,2014-15,G,Kansas,Big 12,36,21,3.1,6.9,2.1,4.3,0.9,2.6,2.2,3.1,1.1,3.8,5,0.8,1.1,0.4,1.2,2,9.3,Kansas2015,13,Kansas,Big 12,27-9,8.9,5.5,14.4,2015,Kelly Oubre Jr.,11,Kelly Oubre Jr.,SF,79,190,Kelly Oubre Jr.
209,125,2015,1,25,PF,LSU,Jarell Martin,SO,2014-15,F,Louisiana,SEC,33,35.1,6.1,12,5.7,10.5,0.4,1.6,4.2,6.2,3,6.3,9.2,1.8,1.2,0.7,2.8,2.8,16.9,LSU2015,55,LSU,SEC,22-11,7,0.8,7.8,2015,Jarrell Martin,11,Jarrell Martin,PF,79,210,Jarell Martin
2,58,2011,1,4,C/PF,Texas,Tristan Thompson,FR,2010-11,F,Texas,Big 12,36,30.7,4.8,8.8,4.8,8.8,0,0,3.5,7.3,3.8,4,7.8,1.3,0.9,2.4,1.8,2.8,13.1,Texas2011,7,Texas,Big 12,28-8,8,8.1,16.1,2011,Tristan Thompson,10,Tristan Thompson,PF,81,235,Tristan Thompson
146,199,2014,1,6,PG,Oklahoma State,Marcus Smart,FR,2012-13,G,Oklahoma State,Big 12,33,33.5,4.6,11.3,3.4,7.4,1.2,4,5.1,6.5,1.5,4.3,5.8,4.2,3,0.7,3.4,2.8,15.4,Oklahoma State2014,17,Oklahoma State,Big 12,21-13,10.3,3.8,14.1,2014,Marcus Smart,10,Marcus Smart,SG,75,200,Marcus Smart
306,190,2017,2,31,PG,Duke,Frank Jackson,FR,2016-17,G,Duke,ACC,36,24.9,3.7,7.8,2.3,4.2,1.4,3.6,2.1,2.8,0.6,1.9,2.5,1.7,0.6,0.1,1.4,2.4,10.9,Duke2017,7,Duke,ACC,28-9,11.8,5.9,17.7,2017,Frank Jackson,10,Frank Jackson,PG,76,200,Frank Jackson
78,203,2013,1,22,C,Duke,Mason Plumlee,SR,2012-13,F,Duke,ACC,36,34.7,6.1,10.3,6.1,10.3,0,0,4.8,7.1,2.7,7.2,9.9,1.9,1,1.4,2.9,2.6,17.1,Duke2013,4,Duke,ACC,30-6,12.2,5.4,17.6,2013,Mason Plumlee,10,Mason Plumlee,C,83,220,Mason Plumlee
127,244,2013,2,40,PF,Arizona,Grant Jerrett,FR,2012-13,F,Arizona,Pac-12,34,17.8,1.9,4.5,0.9,2.2,0.9,2.3,0.5,0.6,1.1,2.5,3.6,0.5,0.5,1,0.6,1.3,5.2,Arizona2013,12,Arizona,Pac-12,27-8,9.2,5.3,14.5,2013,Grant Jerrett,9,Grant Jerrett,PF,82,220,Grant Jerrett
63,23,2012,1,18,PF,Kentucky,Terrence Jones,SO,2011-12,F,Kentucky,SEC,38,29.3,4.7,9.3,4.2,8,0.4,1.3,2.6,4.2,2.5,4.6,7.2,1.3,1.3,1.8,1.6,2.4,12.3,Kentucky2012,2,Kentucky,SEC,38-2,11.9,8.2,20.1,2012,Terrence Jones,9,Terrence Jones,SF,81,230,Terrence Jones
188,10,2015,1,1,C,Kentucky,Karl-Anthony Towns,FR,2014-15,C,Kentucky,SEC,39,21.1,3.7,6.6,3.7,6.4,0.1,0.2,2.8,3.4,2.4,4.3,6.7,1.1,0.5,2.3,1.4,2.9,10.3,Kentucky2015,1,Kentucky,SEC,38-1,10.3,13.6,23.9,2015,,9,,,83,235,Karl-Anthony Towns
287,28,2017,1,11,SG,Kentucky,Malik Monk,FR,2016-17,G,Kentucky,SEC,38,32.1,6.6,14.7,3.9,7.8,2.7,6.9,3.9,4.7,0.3,2.2,2.5,2.3,0.9,0.5,2,1.9,19.8,Kentucky2017,9,Kentucky,SEC,32-6,9.6,7.9,17.5,2017,Malik Monk,9,Malik Monk,SG,75,185,Malik Monk
301,47,2017,1,26,PF,Purdue,Caleb Swanigan,SO,2016-17,F,Purdue,Big Ten,35,32.5,6.3,12,5.3,9.6,1.1,2.4,4.7,6,2.7,9.7,12.5,3.1,0.4,0.8,3.4,2.8,18.5,Purdue2017,14,Purdue,Big Ten,27-8,8.9,7.2,16.1,2017,Caleb Swanigan,9,Caleb Swanigan,C,80,275,Caleb Swanigan
73,21,2012,1,29,PG,Kentucky,Marquis Teague,FR,2011-12,G,Kentucky,SEC,40,32.6,3.6,8.8,3,6.8,0.7,2,2.1,3,0.4,2.1,2.5,4.8,0.9,0.3,2.7,2.3,10,Kentucky2012,2,Kentucky,SEC,38-2,11.9,8.2,20.1,2012,Marquis Teague,8,Marquis Teague,PG,74,175,Marquis Teague
83,259,2012,2,40,SG,Memphis,Will Barton,SO,2011-12,G,Memphis,CUSA,35,35.3,6.6,12.9,5.5,9.9,1.1,3.1,3.8,5.1,2,6,8,2.9,1.4,0.7,2.1,2.1,18,Memphis2012,12,Memphis,C-USA,26-9,9.5,5.1,14.6,2012,Will Barton,8,Will Barton,SG,78,170,Will Barton
155,121,2014,1,17,SG/SF,Kentucky,James Young,FR,2013-14,G,Kentucky,SEC,40,32.4,4.6,11.3,2.5,5.4,2.1,5.9,3.1,4.4,1,3.3,4.3,1.7,0.8,0.2,1.9,2.1,14.3,Kentucky2014,12,Kentucky,SEC,29-10,8.9,6,14.9,2014,James Young,8,James Young,SF,78,210,James Young
292,157,2017,1,15,SF,North Carolina,Justin Jackson,JR,2016-17,F,North Carolina,ACC,40,32,6.6,14.9,4,7.8,2.6,7.1,2.5,3.3,1.5,3.2,4.7,2.8,0.8,0.2,1.7,1.4,18.3,North Carolina2017,3,North Carolina,ACC,33-7,11.3,8.2,19.4,2017,Justin Jackson,8,Justin Jackson,SF,79,185,Justin Jackson
310,261,2017,2,35,PF,California,Ivan Rabb,SO,2016-17,F,California,Pac-12,31,32.6,4.9,10.1,4.6,9.4,0.3,0.6,4,6,3,7.4,10.5,1.5,0.7,1,2.2,3.1,14,California2017,56,California,Pac-12,21-13,0.4,7.7,8.1,2017,Ivan Rabb,8,Ivan Rabb,PF,83,210,Ivan Rabb
15,57,2011,1,26,SG,Texas,Jordan Hamilton,SO,2010-11,G,Texas,Big 12,36,32.2,6.8,15.3,4.3,8.8,2.5,6.5,2.6,3.4,2,5.7,7.7,2.1,0.9,0.6,2.1,1.8,18.6,Texas2011,7,Texas,Big 12,28-8,8,8.1,16.1,2011,Jordan Hamilton,8,Jordan Hamilton,SF,79,215,Jordan Hamilton
97,315,2013,1,1,PF/SF,UNLV,Anthony Bennett,FR,2012-13,F,UNLV,MWC,35,27.1,5.8,10.8,4.7,8.1,1,2.7,3.5,5.1,2.5,5.7,8.1,1,0.7,1.2,1.9,2.3,16.1,UNLV2013,33,UNLV,MW,25-10,5.6,5.2,10.8,2013,Anthony Bennett,7,Anthony Bennett,PF,80,230,Anthony Bennett
72,226,2012,1,28,SF,Baylor,Perry Jones III,SO,2011-12,F,Baylor,Big 12,33,30.7,5.5,11,5.2,10,0.3,1,2.2,3.1,2.7,4.9,7.6,1.3,0.8,0.6,1.7,2.3,13.5,Baylor2012,17,Baylor,Big 12,30-8,8.9,3.8,12.7,2012,Perry Jones III,7,Perry Jones III,PF,83,220,Perry Jones III
81,227,2012,2,38,SF,Baylor,Quincy Miller,FR,2011-12,F,Baylor,Big 12,37,24.4,3.7,8.4,3.1,6.5,0.6,1.9,2.5,3.1,1.5,3.5,4.9,1.4,0.7,0.6,1.8,1.9,10.6,Baylor2012,17,Baylor,Big 12,30-8,8.9,3.8,12.7,2012,Quincy Miller,7,Quincy Miller,PF,81,210,Quincy Miller
192,233,2015,1,8,SF,Arizona,Stanley Johnson,FR,2014-15,F,Arizona,Pac-12,38,28.4,4.6,10.3,3.4,7.2,1.1,3.1,3.5,4.7,2,4.5,6.5,1.7,1.5,0.4,2.2,2.6,13.8,Arizona2015,5,Arizona,Pac-12,34-4,10.7,8.9,19.6,2015,Stanley Johnson,7,Stanley Johnson,SF,78,225,Stanley Johnson
227,14,2015,2,48,C,Kentucky,Dakari Johnson,SO,2014-15,C,Kentucky,SEC,39,16.3,2,4,2,4,0,0,2.3,3.7,1.7,2.9,4.6,0.7,0.4,0.9,1.1,1.8,6.4,Kentucky2015,1,Kentucky,SEC,38-1,10.3,13.6,23.9,2015,Dakari Johnson,7,Dakari Johnson,C,82,250,Dakari Johnson
257,278,2016,2,33,PF/C,Kansas,Cheick Diallo,FR,2015-16,C,Kansas,Big 12,27,7.5,1.2,2.1,1.2,2.1,0,0,0.6,1,0.6,1.9,2.5,0,0.3,0.9,0.6,1.4,3,Kansas2016,5,Kansas,Big 12,33-5,11.8,6.6,18.5,2016,Cheick Diallo,7,Cheick Diallo,PF,81,225,Cheick Diallo
278,274,2017,1,1,PG/SG,Washington,Markelle Fultz,FR,2016-17,G,Washington,Pac-12,25,35.7,8.4,17.6,6.3,12.5,2.1,5,4.4,6.7,1.3,4.4,5.7,5.9,1.6,1.2,3.2,2.5,23.2,Washington2017,184,Washington,Pac-12,22-Sep,1.9,-2.7,-0.9,2017,Markelle Fultz,7,Markelle Fultz,PG,76,190,Markelle Fultz
44,100,2012,1,17,C,North Carolina,Tyler Zeller,SR,2011-12,F,North Carolina,ACC,38,28.2,5.8,10.5,5.8,10.5,0,0,4.8,5.9,3.8,5.8,9.6,0.9,0.9,1.5,1.9,2.7,16.3,North Carolina2012,5,North Carolina,ACC,32-6,13.7,3.4,17.1,2012,,7,,,83,215,Tyler Zeller
108,312,2013,1,12,C,Pittsburgh,Steven Adams,FR,2012-13,C,Pitt,Big East,32,23.4,3.1,5.5,3.1,5.5,0,0,1,2.2,2.8,3.5,6.3,0.6,0.7,2,1.1,1.6,7.2,Pittsburgh2013,6,Pittsburgh,Big East,24-9,4.5,12.2,16.7,2013,Steven Adams,6,Steven Adams,C,82,235,Steven Adams
144,16,2014,1,3,C,Kansas,Joel Embiid,FR,2013-14,C,Kansas,Big 12,28,23.1,3.8,6.1,3.8,5.9,0,0.2,3.5,5.1,2.3,5.8,8.1,1.4,0.9,2.6,2.4,3.4,11.2,Kansas2014,7,Kansas,Big 12,25-10,11,4.8,15.8,2014,Joel Embiid,6,Joel Embiid,C,83,230,Joel Embiid
14,326,2011,1,19,SF,Tennessee,Tobias Harris,FR,2010-11,F,Tennessee,SEC,34,29.2,5.4,11.8,4.8,9.6,0.7,2.2,3.8,5,2,5.3,7.3,1.3,0.7,0.9,1.8,2.1,15.3,Tennessee2011,50,Tennessee,SEC,19-15,4.4,4.7,9,2011,Tobias Harris,6,Tobias Harris,PF,80,210,Tobias Harris
196,12,2015,1,12,PF,Kentucky,Trey Lyles,FR,2014-15,F,Kentucky,SEC,36,23,3.3,6.7,3.1,5.9,0.1,0.8,2.1,2.8,1.8,3.4,5.2,1.1,0.5,0.4,1.1,1.6,8.7,Kentucky2015,1,Kentucky,SEC,38-1,10.3,13.6,23.9,2015,Trey Lyles,6,Trey Lyles,PF,82,255,Trey Lyles
262,115,2016,2,40,C,Maryland,Diamond Stone,FR,2015-16,C,Maryland,Big Ten,35,23.1,4.8,8.4,4.8,8.4,0,0,2.9,3.8,2.2,3.2,5.4,0.4,0.5,1.6,1.5,2.3,12.5,Maryland2016,20,Maryland,Big Ten,27-9,6.3,7,13.3,2016,Diamond Stone,6,Diamond Stone,C,82,250,Diamond Stone
282,29,2017,1,5,PG,Kentucky,De'Aaron Fox,FR,2016-17,G,Kentucky,SEC,36,29.6,5.9,12.4,5.5,10.5,0.5,1.9,4.3,5.9,0.6,3.4,4,4.6,1.5,0.2,2.4,2.5,16.7,Kentucky2017,9,Kentucky,SEC,32-6,9.6,7.9,17.5,2017,Deaaron Fox,6,Deaaron Fox,PG,75,160,De'Aaron Fox
42,101,2012,1,14,PF,North Carolina,John Henson,JR,2011-12,F,North Carolina,ACC,35,29.1,5.9,11.7,5.9,11.7,0,0,2,3.9,2.5,7.4,9.9,1.3,0.6,2.9,1.3,1.6,13.7,North Carolina2012,5,North Carolina,ACC,32-6,13.7,3.4,17.1,2012,John Henson,6,John Henson,PF,82,195,John Henson
39,198,2011,2,49,PG,Kansas,Josh Selby,FR,2010-11,G,Kansas,Big 12,26,20.4,2.8,7.4,1.5,3.8,1.3,3.6,1.1,1.4,0.4,1.8,2.2,2.2,0.8,0,2,1.7,7.9,Kansas2011,2,Kansas,Big 12,35-3,13.3,6.5,19.8,2011,Josh Selby,5,Josh Selby,PG,75,183,Josh Selby
48,36,2012,1,3,SG,Florida,Bradley Beal,FR,2011-12,G,Florida,SEC,37,34.2,4.7,10.6,3,5.6,1.7,5,3.6,4.7,1.4,5.4,6.7,2.2,1.4,0.8,2.1,2.1,14.8,Florida2012,9,Florida,SEC,26-11,11.8,3.5,15.3,2012,Bradley Beal,5,Bradley Beal,SG,76,205,Bradley Beal
164,145,2014,1,30,SF,UCLA,Kyle Anderson,SO,2013-14,G,UCLA,Pac-12,36,33.2,5,10.5,4.3,8.9,0.8,1.6,3.8,5.2,1.3,7.5,8.8,6.5,1.8,0.8,3.1,1.7,14.6,UCLA2014,20,UCLA,Pac-12,28-9,12,1.8,13.8,2014,Kyle Anderson,5,Kyle Anderson,SF,79,210,Kyle Anderson
165,146,2014,1,30,SF,UCLA,Kyle Anderson,JR,2013-14,G,Delaware,CAA,35,34.7,3.6,9.1,1.1,2.6,2.4,6.5,1.4,1.8,0.9,2.8,3.7,0.9,0.8,0.3,0.8,2.6,11,UCLA2014,20,UCLA,Pac-12,28-9,12,1.8,13.8,2014,Kyle Anderson,5,Kyle Anderson,SF,79,210,Kyle Anderson
224,9,2015,2,44,PG,Kentucky,Andrew Harrison,FR,2013-14,G,Kentucky,SEC,40,31.7,3,8.3,2.2,5.9,0.8,2.4,4,5.2,0.8,2.4,3.2,4,0.5,0.2,2.7,3,10.9,Kentucky2015,1,Kentucky,SEC,38-1,10.3,13.6,23.9,2015,Andrew Harrison,5,Andrew Harrison,PG,77,210,Andrew Harrison
246,102,2016,1,18,PF,Marquette,Henry Ellenson,FR,2015-16,F,Marquette,Big East,33,33.5,5.9,13.2,5,10,0.9,3.2,4.3,5.8,2.2,7.6,9.7,1.8,0.8,1.5,2.4,2.5,17,Marquette2016,101,Marquette,Big East,20-13,4.2,0.3,4.5,2016,Henry Ellenson,5,Henry Ellenson,PF,82,230,Henry Ellenson
290,27,2017,1,14,PF/C,Kentucky,Bam Adebayo,FR,2016-17,F,Kentucky,SEC,38,30.1,4.5,7.5,4.5,7.5,0,0,4.1,6.2,3.1,4.9,8,0.8,0.7,1.5,1.7,2.6,13,Kentucky2017,9,Kentucky,SEC,32-6,9.6,7.9,17.5,2017,Bam Adebayo,5,Bam Adebayo,PF,81,240,Bam Adebayo
3,38,2011,1,8,PG,Kentucky,Brandon Knight,FR,2010-11,G,Kentucky,SEC,38,35.9,5.7,13.5,3.4,7.4,2.3,6.1,3.6,4.5,0.7,3.4,4,4.2,0.7,0.2,3.2,2.2,17.3,Kentucky2011,5,Kentucky,SEC,29-9,8.7,7.8,16.5,2011,Brandon Knight,4,Brandon Knight,PG,75,183,Brandon Knight
47,22,2012,1,2,SF,Kentucky,Michael Kidd-Gilchrist,FR,2011-12,F,Kentucky,SEC,40,31.1,4,8.2,3.7,6.9,0.3,1.3,3.6,4.8,2.6,4.9,7.4,1.9,1,0.9,2.2,2.4,11.9,Kentucky2012,2,Kentucky,SEC,38-2,11.9,8.2,20.1,2012,Michael Kidd Gilchrist,4,Michael Kidd Gilchrist,SF,79,210,Michael Kidd-Gilchrist
145,0,2014,1,4,PF,Arizona,Aaron Gordon,FR,2013-14,F,Arizona,Pac-12,38,31.2,5,10.1,4.6,8.9,0.4,1.2,2,4.7,2.7,5.3,8,2,0.9,1,1.4,2.4,12.4,Arizona2014,4,Arizona,Pac-12,33-5,5.9,11.8,17.7,2014,Aaron Gordon,4,Aaron Gordon,PF,80,210,Aaron Gordon
208,111,2015,1,24,PG,Duke,Tyus Jones,FR,2014-15,G,Duke,ACC,39,33.9,3.5,8.3,2.3,5.1,1.2,3.2,3.7,4.2,0.5,3,3.5,5.6,1.5,0.1,1.9,1.2,11.8,Duke2015,2,Duke,ACC,34-4,16.4,6,22.4,2015,Tyus Jones,4,Tyus Jones,PG,73,171,Tyus Jones
236,130,2016,1,3,SF/SG,California,Jaylon Brown,SR,2015-16,G,Evansville,MVC,33,36.8,6.7,14.4,5.5,11.7,1.2,2.7,6.4,7.5,0.5,3.9,4.4,3.1,1,0.1,2.5,2.4,20.9,California2016,30,California,Pac-12,23-11,5.1,6.7,11.8,2016,Jaylen Brown,4,Jaylen Brown,SF,79,220,Jaylon Brown
279,183,2017,1,2,PG,UCLA,Lonzo Ball,FR,2016-17,G,UCLA,Pac-12,36,35.1,5.3,9.5,3,4.1,2.2,5.4,1.8,2.7,0.9,5.1,6,7.6,1.8,0.8,2.5,1.8,14.6,UCLA2017,12,UCLA,Pac-12,31-5,14.4,2.4,16.8,2017,Lonzo Ball,4,Lonzo Ball,PG,77,195,Lonzo Ball
19,176,2011,2,33,SF,Duke,Kyle Singler,SR,2010-11,F,Duke,ACC,37,34.8,5.9,13.8,4.2,8.5,1.7,5.2,3.4,4.2,2.4,4.5,6.8,1.6,0.9,0.3,1.9,2.6,16.9,Duke2011,3,Duke,ACC,32-5,13.7,5.3,19,2011,,4,,,80,215,Kyle Singler
0,178,2011,1,1,PG,Duke,Kyrie Irving,FR,2010-11,G,Duke,ACC,11,27.5,5,9.5,3.4,5.9,1.6,3.5,5.8,6.5,0.5,2.8,3.4,4.3,1.5,0.5,2.5,2.1,17.5,Duke2011,3,Duke,ACC,32-5,13.7,5.3,19,2011,Kyrie Irving,3,Kyrie Irving,PG,74,172,Kyrie Irving
55,25,2012,1,10,SG,Duke,Austin Rivers,FR,2011-12,G,Duke,ACC,34,33.2,5.1,11.8,3.4,7.1,1.7,4.7,3.6,5.4,0.6,2.8,3.4,2.1,1,0,2.3,2.2,15.5,Duke2012,11,Duke,ACC,27-7,12.2,2.6,14.8,2012,Austin Rivers,3,Austin Rivers,SG,76,189,Austin Rivers
147,122,2014,1,7,PF,Kentucky,Julius Randle,FR,2013-14,F,Kentucky,SEC,40,30.8,4.9,9.8,4.8,9.3,0.1,0.5,5.1,7.2,3.5,6.9,10.4,1.4,0.5,0.8,2.5,2.3,15,Kentucky2014,12,Kentucky,SEC,29-10,8.9,6,14.9,2014,Julius Randle,3,Julius Randle,PF,81,225,Julius Randle
235,37,2016,1,2,SF,Duke,Brandon Ingram,FR,2015-16,G,Duke,ACC,36,34.6,5.9,13.4,3.7,8,2.2,5.4,3.2,4.7,1.9,4.9,6.8,2,1.1,1.4,2,2.1,17.3,Duke2016,11,Duke,ACC,25-11,12.1,3.5,15.6,2016,Brandon Ingram,3,Brandon Ingram,SF,80,198,Brandon Ingram
280,188,2017,1,3,SF,Duke,Jayson Tatum,FR,2016-17,F,Duke,ACC,29,33.3,5.7,12.6,4.3,8.6,1.4,4,4.1,4.8,1.3,6,7.3,2.1,1.3,1.1,2.6,3,16.8,Duke2017,7,Duke,ACC,28-9,11.8,5.9,17.7,2017,Jayson Tatum,3,Jayson Tatum,SF,80,175,Jayson Tatum
110,314,2013,1,14,SG/SF,UCLA,Shabazz Muhammad,FR,2012-13,G,UCLA,Pac-12,32,30.8,6.3,14.3,5.1,10.9,1.3,3.3,4,5.6,2.7,2.5,5.2,0.8,0.7,0.1,1.6,1.7,17.9,UCLA2013,60,UCLA,Pac-12,25-10,8.8,-1,7.8,2013,Shabazz Muhammad,2,Shabazz Muhammad,SF,78,215,Shabazz Muhammad
54,136,2012,1,9,C,Connecticut,Andre Drummond,FR,2011-12,C,Connecticut,AAC,34,28.4,4.6,8.6,4.6,8.5,0,0.1,0.8,2.6,3.4,4.2,7.6,0.4,0.8,2.7,1.5,2.2,10,Connecticut2012,39,Connecticut,Big East,20-14,4.3,5.2,9.5,2012,Andre Drummond,2,Andre Drummond,C,82,275,Andre Drummond
65,124,2012,1,21,PF,Ohio State,Jared Sullinger,SO,2011-12,F,Ohio State,Big Ten,37,30.4,6.2,11.9,5.7,10.8,0.4,1.1,4.7,6.2,3.1,6.1,9.2,1.2,1.2,1.1,1.9,2.9,17.5,Ohio State2012,1,Ohio State,Big Ten,31-8,10.8,9.5,20.3,2012,Jared Sullinger,2,Jared Sullinger,PF,80,262,Jared Sullinger
143,107,2014,1,2,SF/PF,Duke,Jabari Parker,FR,2013-14,F,Duke,ACC,35,30.7,6.7,14.3,5.7,11.2,1.1,3,4.6,6.1,3,5.7,8.7,1.2,1.1,1.2,2.3,2.4,19.1,Duke2014,3,Duke,ACC,26-9,13.6,5.2,18.8,2014,Jabari Parker,2,Jabari Parker,SF,80,220,Jabari Parker
195,290,2015,1,11,C,Texas,Myles Turner,FR,2014-15,C,Texas,Big Ten,34,22.2,3.4,7.6,2.9,5.7,0.5,1.8,2.8,3.3,1.3,5.2,6.5,0.6,0.3,2.6,1.4,2.4,10.1,Texas2015,20,Texas,Big 12,20-14,4,8.5,12.5,2015,Myles Turner,2,Myles Turner,C,84,240,Myles Turner
253,119,2016,1,28,PF/C,Kentucky,Skal Labissiere,FR,2015-16,C,Kentucky,SEC,36,15.8,2.7,5.3,2.7,5.2,0,0.1,1.1,1.7,1,2.2,3.1,0.3,0.3,1.6,0.9,3,6.6,Kentucky2016,8,Kentucky,SEC,27-9,9.8,6.4,16.2,2016,Skal Labissiere,2,Skal Labissiere,C,82,210,Skal Labissiere
281,152,2017,1,4,SF,Kansas,Josh Jackson,FR,2016-17,G,Kansas,Big 12,35,30.8,6.3,12.3,5.3,9.7,1,2.6,2.8,4.9,2.3,5.1,7.4,3,1.7,1.1,2.8,3,16.3,Kansas2017,4,Kansas,Big 12,31-5,12.1,6.3,18.4,2017,Josh Jackson,2,Josh Jackson,SF,79,185,Josh Jackson
102,307,2013,1,6,C,Kentucky,Nerlens Noel,FR,2012-13,C,Kentucky,SEC,24,31.9,4.1,6.9,4.1,6.9,0,0,2.3,4.3,2.7,6.8,9.5,1.6,2.1,4.4,1.9,2.6,10.5,Kentucky2013,22,Kentucky,SEC,21-12,7.8,4.2,12,2013,Nerlens Noel,1,Nerlens Noel,C,82,215,Nerlens Noel
46,18,2012,1,1,PF/C,Kentucky,Anthony Davis,FR,2011-12,F,Kentucky,SEC,40,32,5.3,8.4,5.2,7.9,0.1,0.5,3.6,5.1,3,7.4,10.4,1.3,1.4,4.7,1,2,14.2,Kentucky2012,2,Kentucky,SEC,38-2,11.9,8.2,20.1,2012,Anthony Davis,1,Anthony Davis,PF,82,200,Anthony Davis
52,98,2012,1,7,SF,North Carolina,Harrison Barnes,SO,2011-12,F,North Carolina,ACC,38,29.2,6,13.7,4.7,10.1,1.3,3.6,3.7,5.1,1.9,3.3,5.2,1.1,1.1,0.3,1.9,1.8,17.1,North Carolina2012,5,North Carolina,ACC,32-6,13.7,3.4,17.1,2012,Harrison Barnes,1,Harrison Barnes,SF,80,209,Harrison Barnes
142,15,2014,1,1,SF/SG,Kansas,Andrew Wiggins,FR,2013-14,G,Kansas,Big 12,35,32.8,5.4,12.1,4.2,8.5,1.2,3.6,5,6.5,2.2,3.7,5.9,1.5,1.2,1,2.3,2.7,17.1,Kansas2014,7,Kansas,Big 12,25-10,11,4.8,15.8,2014,Andrew Wiggins,1,Andrew Wiggins,SF,79,205,Andrew Wiggins
190,109,2015,1,3,C,Duke,Jahlil Okafor,FR,2014-15,C,Duke,ACC,38,30.1,7.3,11.1,7.3,11.1,0,0,2.6,5.1,3.5,4.9,8.5,1.3,0.8,1.4,2.5,2.1,17.3,Duke2015,2,Duke,ACC,34-4,16.4,6,22.4,2015,Jahlil Okafor,1,Jahlil Okafor,C,82,265,Jahlil Okafor
234,34,2016,1,1,PF/PG,LSU,Ben Simmons,FR,2015-16,F,Louisiana,SEC,33,34.9,6.5,11.7,6.5,11.6,0,0.1,6,9,3.1,8.6,11.8,4.8,2,0.8,3.4,2.8,19.2,LSU2016,81,LSU,SEC,19-14,7.1,-1.3,5.8,2016,Ben Simmons,1,Ben Simmons,PF,81,225,Ben Simmons
297,189,2017,1,20,PF/C,Duke,Harry Giles,FR,2016-17,C,Duke,ACC,26,11.5,1.7,3,1.7,3,0,0,0.5,0.9,1.6,2.3,3.8,0.3,0.3,0.7,0.7,2.2,3.9,Duke2017,7,Duke,ACC,28-9,11.8,5.9,17.7,2017,Harry Giles,1,Harry Giles,PF,82,230,Harry Giles
184,297,2014,2,56,SG/SF,Iowa,Devyn Marble,SR,2013-14,G,Iowa,Big Ten,33,30.2,5.5,13.2,4,8.7,1.6,4.5,4.3,6,0.8,2.4,3.2,3.6,1.8,0.2,1.7,1.9,17,Iowa2014,18,Iowa,Big Ten,20-13,12.4,1.7,14.1,2014,,UR,,,78,200,Devyn Marble
168,299,2014,2,34,SF,Wichita State,Cleanthony Early,SO,2013-14,F,Wichita St. ,MVC,36,27.4,5.2,10.7,3.4,5.8,1.8,4.9,4.2,5,1.3,4.6,5.9,0.8,0.8,0.8,1.9,2.3,16.4,Wichita State2014,14,Wichita State,MVC,35-1,5.4,9.2,14.6,2014,,UR,,,79,220,Cleanthony Early
71,305,2013,1,2,SG/PG,Indiana,Victor Oladipo,JR,2012-13,G,Indiana,Big Ten,36,28.4,5.1,8.4,4.2,6.6,0.8,1.9,2.7,3.6,2.6,3.7,6.3,2.1,2.2,0.8,2.3,2.5,13.6,Indiana2013,3,Indiana,Big Ten,29-7,13.8,6.4,20.2,2013,,UR,,,77,190,Victor Oladipo
85,313,2013,2,41,SG,San Diego State,Jamaal Franklin,JR,2012-13,G,San Diego State,MWC,32,33.1,5.2,12.5,3.9,7.9,1.3,4.6,5.3,6.8,1.8,7.8,9.5,3.3,1.6,0.8,3.4,2.6,16.9,San Diego State2013,34,San Diego State,MW,23-11,4.8,6,10.8,2013,,UR,,,77,190,Jamaal Franklin
74,304,2013,1,13,C,Gonzaga,Kelly Olynyk,JR,2012-13,F,Gonzaga,WCC,32,26.4,6.7,10.7,6.4,9.8,0.3,0.9,4.1,5.3,2.4,4.9,7.3,1.7,0.7,1.1,2.4,2.3,17.8,Gonzaga2013,7,Gonzaga,WCC,32-3,10.7,5.6,16.4,2013,,UR,,,82,215,Kelly Olynyk
80,300,2013,1,26,SG/SF,Colorado,Andre Roberson,JR,2012-13,F,Colorado,Pac-12,31,33.4,4.3,8.9,3.6,7,0.6,1.9,1.7,3.2,3,8.2,11.2,1.4,2.2,1.3,2.4,2.5,10.9,Colorado2013,68,Colorado,Pac-12,21-12,2.5,4.6,7.1,2013,,UR,,,78,190,Andre Roberson
72,309,2013,1,5,C,Maryland,Alex Len,SO,2012-13,C,Maryland,ACC,38,26.4,4.6,8.5,4.5,8.3,0,0.2,2.8,4,2.9,5,7.8,1,0.2,2.1,1.6,2.7,11.9,Maryland2013,52,Maryland,ACC,25-13,4.3,3.9,8.1,2013,,UR,,,85,225,Alex Len
182,295,2014,2,50,C,Green Bay,Alec Brown,SR,2013-14,F,Green Bay,Horizon,30,30.3,5.5,11.6,4.1,8.2,1.4,3.3,2.9,4,2.1,3.6,5.7,1,0.5,3.1,2.2,2.2,15.3,Green Bay2014,79,Green Bay,Horizon,24-7,1.8,4.2,6,2014,,UR,,,84,205,Alec Brown
150,90,2014,1,10,PG,Louisiana Lafayette,Elfrid Payton,JR,2013-14,G,Louisiana,Sun Belt,35,35.9,6.8,13.3,6.4,11.8,0.4,1.5,5.3,8.6,2.3,3.7,6,5.9,2.3,0.6,3.6,2.4,19.2,Louisiana Lafayette2014,270,Louisiana Lafayette,Sun Belt,20-Nov,1.1,-6.3,-5.2,2014,,UR,,,73,170,Elfrid Payton
151,86,2014,1,11,SF,Creighton,Doug McDermott,SR,2013-14,F,Creighton,Big East,35,33.7,9.4,17.9,6.7,11.8,2.7,6.1,5.1,5.9,1.6,5.3,7,1.6,0.2,0.1,1.8,1.9,26.7,Creighton2014,13,Creighton,Big East,27-8,11.4,3.3,14.8,2014,,UR,,,79,195,Doug McDermott
161,70,2014,1,24,PG,Connecticut,Shabazz Napier,SR,2013-14,G,Connecticut,AAC,40,35.1,5.3,12.4,3.2,7,2.2,5.4,5.2,6,1,4.9,5.9,4.9,1.8,0.3,2.9,2.1,18,Connecticut2014,25,Connecticut,American,31-8,4.3,8.5,12.7,2014,,UR,,,71,165,Shabazz Napier
162,46,2014,1,28,SG,Washington,C.J. Wilcox,SR,2013-14,G,Washington,Pac-12,32,34.9,6.2,13.6,3.3,6.4,2.8,7.2,3.2,3.7,0.7,3,3.7,2.5,1,1,1.7,2.3,18.3,Washington2014,117,Washington,Pac-12,17-15,5.7,-2.5,3.1,2014,,UR,,,77,190,C.J. Wilcox
163,89,2014,1,29,SF/PF,Stanford,Josh Huestis,SR,2013-14,F,Stanford,Pac-12,36,35.2,4.3,9.6,3.6,7.5,0.7,2.1,1.8,2.8,2.5,5.7,8.2,1.2,0.6,1.9,1.2,2.1,11.2,Stanford2014,61,Stanford,Pac-12,23-13,4.5,3,7.4,2014,,UR,,,79,200,Josh Huestis
166,159,2014,2,32,SF,Clemson,K.J. McDaniels,JR,2013-14,F,Clemson,ACC,36,33.7,5.8,12.6,4.6,8.8,1.2,3.8,4.3,5.1,2.4,4.7,7.1,1.6,1.1,2.8,2.3,2.2,17.1,Clemson2014,42,Clemson,ACC,23-13,-4,13.2,9.2,2014,,UR,,,78,190,K.J. McDaniels
167,141,2014,2,33,SG,Virginia,Joe Harris,JR,2012-13,G,Virginia,ACC,35,32.5,5.5,11.7,3.3,6.5,2.2,5.2,3.2,4.3,0.9,3.2,4,2.2,0.9,0.5,2,2.3,16.3,Virginia2014,5,Virginia,ACC,30-7,0.2,16.1,16.4,2014,,UR,,,77,195,Joe Harris
169,127,2014,2,35,PF,Tennessee,Jarnell Stokes,JR,2013-14,F,Tennessee,SEC,37,32.4,5.4,10.1,5.4,10.1,0,0,4.3,6.2,4.2,6.4,10.6,2,0.7,0.9,2.1,2,15.1,Tennessee2014,15,Tennessee,SEC,24-13,5.1,9.4,14.5,2014,,UR,,,80,250,Jarnell Stokes
171,69,2014,2,37,SF,Connecticut,DeAndre Daniels,JR,2013-14,F,Connecticut,AAC,38,29,4.9,10.6,3.6,7.4,1.3,3.2,1.8,2.3,1.4,4.6,6,0.4,0.7,1.4,1.5,2.4,13.1,Connecticut2014,25,Connecticut,American,31-8,4.3,8.5,12.7,2014,,UR,,,79,191,DeAndre Daniels
172,245,2014,2,38,PG/SG,Colorado,Spencer Dinwiddie,SO,2012-13,G,Colorado,Pac-12,33,32.5,3.9,9.5,2.5,5.3,1.4,4.2,6,7.3,0.3,2.9,3.2,3,1.3,0.5,2.2,2,15.3,Colorado2014,74,Colorado,Pac-12,23-12,2.5,4.2,6.7,2014,,UR,,,75,160,Spencer Dinwiddie
176,200,2014,2,44,SG,Oklahoma State,Markel Brown,SR,2013-14,G,Oklahoma State,Big 12,34,35.3,5.6,11.8,4,7.6,1.6,4.3,4.4,5.7,1.1,4.2,5.3,2.9,1,1,1.6,2.5,17.2,Oklahoma State2014,17,Oklahoma State,Big 12,21-13,10.3,3.8,14.1,2014,,UR,,,76,185,Markel Brown
178,148,2014,2,46,PG,Missouri,Jordan Clarkson,JR,2013-14,G,Missouri,SEC,35,35.1,6,13.3,5.1,10.1,0.9,3.3,4.6,5.6,0.8,3,3.8,3.4,1.1,0.2,2.7,2.2,17.5,Missouri2014,55,Missouri,SEC,23-12,6.1,1.9,8,2014,,UR,,,76,175,Jordan Clarkson
179,235,2014,2,47,PG/SG,Louisville,Russ Smith,SR,2013-14,G,Louisville,AAC,37,29.3,6.1,13,4.2,8.1,1.9,4.9,4.1,5.9,0.8,2.5,3.3,4.6,2,0.1,2.8,2.5,18.2,Louisville2014,1,Louisville,American,31-6,10.7,9.4,20.1,2014,,UR,,,73,160,Russ Smith
181,48,2014,2,49,PF/C,New Mexico,Cameron Bairstow,SR,2013-14,F,New Mexico,MWC,34,32.9,7,12.5,6.9,12.4,0,0.1,6.4,8.8,2.2,5.1,7.4,1.6,0.6,1.5,2,2.1,20.4,New Mexico2014,45,New Mexico,MW,27-7,5.8,3.3,9.1,2014,,UR,,,80,230,Cameron Bairstow
183,236,2014,2,55,PG,Xavier,Semaj Christon,SO,2013-14,G,Xavier,Big East,34,35.3,5.9,12.4,5.4,10.9,0.6,1.4,4.6,6.9,0.4,2.2,2.7,4.2,1.3,0.2,2.6,2.1,17,Xavier2014,39,Xavier,Big East,21-13,5.1,4.5,9.6,2014,,UR,,,74,180,Semaj Christon
186,260,2014,2,59,PG/SG,San Diego State,Xavier Thames,SR,2013-14,G,San Diego State,MWC,36,31.3,5.2,12.7,3.5,8.2,1.7,4.5,5.4,6.5,0.6,2.3,2.9,3.2,1.6,0.1,1.4,2,17.6,San Diego State2014,21,San Diego State,MW,31-5,1.8,11.5,13.3,2014,,UR,,,75,160,Xavier Thames
193,92,2015,1,9,C,Wisconsin,Frank Kaminsky,SR,2014-15,C,Wisconsin,Big Ten,39,33.6,6.8,12.5,5.8,9.9,1.1,2.6,4,5.1,1.5,6.7,8.2,2.6,0.8,1.5,1.6,1.7,18.8,Wisconsin2015,3,Wisconsin,Big Ten,36-3,10.4,11.3,21.7,2015,,UR,,,82,260,Frank Kaminsky
198,49,2015,1,14,PG,Murray State,Cameron Payne,SO,2014-15,G,Murray State,OVC,35,32.2,7,15.3,4.6,9,2.4,6.4,3.8,4.8,0.6,3.1,3.7,6,1.9,0.5,2.5,2.1,20.2,Murray State2015,59,Murray State,Ohio Valley W,29-6,9.9,-2.3,7.5,2015,,UR,,,71,166,Cameron Payne
204,73,2015,1,20,PG,Utah,Delon Wright,SR,2014-15,G,Utah,Pac-12,35,33.3,4.7,9.3,4,7.2,0.7,2.1,4.4,5.2,1,4,4.9,5.1,2.1,1,1.9,1.4,14.5,Utah2015,10,Utah,Pac-12,26-9,5,11.3,16.2,2015,,UR,,,76,175,Delon Wright
210,294,2015,1,27,PF,Wyoming,Larry Nance Jr.,SR,2014-15,F,Wyoming,MWC,31,34.9,6,11.6,5.5,10.3,0.5,1.4,3.7,4.7,1.4,5.8,7.2,2.5,1.2,1.2,2.3,2.2,16.1,Wyoming2015,119,Wyoming,MW,25-10,-4.8,7.7,2.9,2015,,UR,,,79,195,Larry Nance Jr.
211,228,2015,1,28,SG,Georgia State,R.J. Hunter,JR,2014-15,G,Georgia State,Sun Belt,35,37,5.8,14.7,3.5,7.2,2.3,7.5,5.8,6.6,0.8,3.9,4.7,3.6,2.1,1,2.2,2.4,19.7,Georgia State2015,57,Georgia State,Sun Belt,25-10,4,3.6,7.7,2015,,UR,,,77,180,R.J. Hunter
218,284,2015,2,37,SF/PF,Bowling Green,Richaun Holmes,JR,2014-15,F,Bowling Green,MAC,31,28.8,5.3,9.5,4.7,8.1,0.6,1.4,3.5,4.9,2.8,5.2,8,0.8,0.7,2.7,1.9,2.5,14.7,Bowling Green2015,129,Bowling Green,MAC E,21-12,-1.1,3.4,2.3,2015,,UR,,,80,215,Richaun Holmes
219,292,2015,2,38,SG,Villanova,Darrun Hilliard,SR,2014-15,G,Villanova,Big East,35,28.8,4.9,11,2.6,5.2,2.3,5.8,2.3,2.9,0.5,2.7,3.1,2.1,1.8,0.3,1.2,2.2,14.3,Villanova2015,6,Villanova,Big East,33-3,10.8,8.5,19.3,2015,,UR,,,77,185,Darrun Hilliard
220,154,2015,2,40,SG,Tennessee,Josh Richardson,SR,2014-15,G,Tennessee,SEC,32,36.3,5.8,12.5,4.3,8.5,1.4,4,3.1,3.9,0.9,3.6,4.5,3.6,2.1,0.5,2.7,2.5,16,Tennessee2015,99,Tennessee,SEC,16-16,-0.3,4.8,4.5,2015,,UR,,,77,185,Josh Richardson
221,138,2015,2,41,SF,Notre Dame,Pat Connaughton,SR,2014-15,G,Notre Dame,ACC,38,35.6,4.4,9.4,1.9,3.6,2.4,5.8,1.3,1.7,1.1,6.3,7.4,1.5,0.7,0.9,1.2,2,12.5,Notre Dame2015,11,Notre Dame,ACC,32-6,13,2.8,15.8,2015,,UR,,,76,190,Pat Connaughton
222,218,2015,2,42,PG,Boston College,Olivier Hanlan,JR,2014-15,G,Boston College,ACC,32,37.6,7,15.5,5,9.8,2,5.8,3.4,4.5,0.8,3.5,4.2,4.2,1.3,0,2.7,2.1,19.5,Boston College2015,95,Boston College,ACC,13-19,2.2,2.4,4.6,2015,,UR,,,75,185,Olivier Hanlan
225,201,2015,2,45,PG,William & Mary,Marcus Thornton,SR,2014-15,G,William & Mary,CAA,33,36.7,6.5,14.3,3.4,6.6,3.1,7.7,3.8,4.6,0.3,2.5,2.8,2.9,0.6,0.1,2.3,1.1,20,William & Mary2015,97,William & Mary,CAA,20-13,5.2,-0.7,4.5,2015,,UR,,,76,195,Marcus Thornton
228,2,2015,2,49,PF,Iowa,Aaron White,SR,2014-15,F,Iowa,Big Ten,34,31.5,5,9.6,4.4,7.9,0.6,1.7,5.7,7,2.1,5.2,7.3,1.4,1.3,0.5,1.2,1.6,16.4,Iowa2015,21,Iowa,Big Ten,22-12,5.6,6.5,12.1,2015,,UR,,,79,205,Aaron White
229,257,2015,2,51,PG,Eastern Washington,Tyler Harvey,JR,2014-15,G,Eastern Washington,Big Sky,32,36.9,7.2,15.3,3.2,6,4,9.3,4.7,5.5,0.6,3,3.6,2.6,1.1,0.1,2,1.9,23.1,Eastern Washington2015,120,Eastern Washington,Big Sky,26-9,9.9,-7,2.9,2015,,UR,,,76,150,Tyler Harvey
231,286,2015,2,55,PF,Massachusetts,Cady Lalanne,SR,2014-15,F,Massachusetts,A-10,32,29,4.3,7.8,4.2,7.3,0.1,0.6,2.8,4.5,3.4,6.1,9.5,0.3,0.6,1.9,2.5,2.7,11.6,Massachusetts2015,96,Massachusetts,A 10,17-15,4.6,0.1,4.6,2015,,UR,,,80,210,Cady Lalanne
238,43,2016,1,6,SG,Oklahoma,Buddy Hield,SR,2015-16,G,Oklahoma,Big 12,37,35.4,8.1,16.2,4.2,7.5,4,8.7,4.8,5.4,1.2,4.5,5.7,2,1.1,0.5,3.1,2.1,25,Oklahoma2016,13,Oklahoma,Big 12,29-8,10.1,4.8,14.9,2016,,UR,,,76,185,Buddy Hield
239,117,2016,1,7,SG/PG,Kentucky,Jamal Murray,FR,2015-16,G,Kentucky,SEC,36,35.2,6.8,14.9,3.6,7.3,3.1,7.7,3.3,4.2,1.5,3.7,5.2,2.2,1,0.3,2.3,2.1,20,Kentucky2016,8,Kentucky,SEC,27-9,9.8,6.4,16.2,2016,,UR,,,76,193,Jamal Murray
241,116,2016,1,9,C,Utah,Jakob Poeltl,SO,2015-16,F,Utah,Pac-12,36,30.4,6.3,9.8,6.3,9.8,0,0,4.6,6.6,2.8,6.3,9.1,1.9,0.6,1.6,2.1,2.3,17.2,Utah2016,40,Utah,Pac-12,27-9,6.3,3.9,10.1,2016,,UR,,,84,230,Jakob Poeltl
242,84,2016,1,11,PF/C,Gonzaga,Domantas Sabonis,SO,2015-16,F,Gonzaga,WCC,36,31.9,6.6,10.9,6.5,10.5,0.1,0.4,4.2,5.4,3.1,8.8,11.8,1.8,0.6,0.9,2.6,3.2,17.6,Gonzaga2016,26,Gonzaga,WCC,28-8,6.4,6.1,12.5,2016,,UR,,,82,230,Domantas Sabonis
243,276,2016,1,12,PF,Baylor,Taurean Prince,SR,2015-16,F,Baylor,Big 12,34,30.6,5.5,12.7,3.9,8.4,1.6,4.3,3.3,4.3,2.4,3.7,6.1,2.3,1.3,0.7,2.7,2.5,15.9,Baylor2016,29,Baylor,Big 12,22-12,7.5,4.3,11.8,2016,,UR,,,79,210,Taurean Prince
245,281,2016,1,17,PG,Vanderbilt,Wade Baldwin IV,SO,2015-16,G,Vanderbilt,SEC,33,30.4,4.1,9.6,2.8,6.5,1.2,3.1,4.7,5.9,0.4,3.6,4,5.2,1.2,0.3,2.8,2.6,14.1,Vanderbilt2016,17,Vanderbilt,SEC,19-14,6,7.6,13.6,2016,,UR,,,74,180,Wade Baldwin IV
248,50,2016,1,20,SG,Michigan,Caris LeVert,SO,2013-14,G,Michigan,Big Ten,37,34,4.4,10,2.8,6.1,1.6,4,2.5,3.2,0.5,3.8,4.3,2.9,1.2,0.3,1.7,1.7,12.9,Michigan2016,37,Michigan,Big Ten,23-13,4.1,6.3,10.4,2016,,UR,,,77,200,Caris LeVert
249,68,2016,1,21,SF,Saint Joseph's,DeAndre Bembry,JR,2015-16,F,Saint Joseph's,A-10,36,37.3,6.6,13.8,5.7,10.3,0.9,3.6,3.3,4.9,1.4,6.3,7.8,4.5,1.4,0.8,2,2.4,17.4,Saint Joseph's2016,51,Saint Joseph's,A 10,28-8,6.5,2.2,8.7,2016,,UR,,,78,165,DeAndre Bembry
252,221,2016,1,27,PF,New Mexico State,Pascal Siakam,SO,2015-16,F,New Mexico State,WAC,34,34.6,8.1,15,8,14.6,0.1,0.4,4,5.9,3.9,7.7,11.6,1.7,1,2.2,2,2.7,20.3,New Mexico State2016,113,New Mexico State,WAC,23-11,-2.7,6,3.3,2016,,UR,,,80,210,Pascal Siakam
261,222,2016,2,38,SG/SF,UNLV,Patrick McCaw,SO,2015-16,G,Nevada-Las Vegas,MWC,33,33.7,5.1,10.9,3,5.3,2.1,5.6,2.5,3.2,1.2,4,5.1,3.9,2.5,0.4,2.1,2.2,14.7,UNLV2016,95,UNLV,MW,18-15,5.5,-0.7,4.8,2016,,UR,,,77,180,Patrick McCaw
270,30,2016,2,51,PF,Providence,Ben Bentil,SO,2015-16,F,Providence,Big East,35,34.2,7,15.2,5.5,10.7,1.5,4.5,5.5,7.1,2.7,5,7.7,1.1,0.9,1,1.9,2.8,21.1,Providence2016,62,Providence,Big East,24-11,3.8,3.6,7.4,2016,,UR,,,80,225,Ben Bentil
271,283,2016,2,52,PF/C,Weber State,Joel Bolomboy,SR,2015-16,C,Weber State,Big Sky,33,31.5,5.8,10.2,5.2,8.5,0.6,1.7,4.8,6.9,3.3,9.3,12.6,1.1,0.7,1.2,2.4,2.2,17.1,Weber State2016,120,Weber State,Big Sky,26-9,0.1,2.7,2.8,2016,,UR,,,79,210,Joel Bolomboy
272,161,2016,2,54,PG,Oakland,Kay Felder,JR,2015-16,G,Oakland,Horizon,35,36.7,7.7,17.5,5.5,11.4,2.2,6.1,6.8,8.1,0.7,3.5,4.3,9.3,2,0.2,3.4,3,24.4,Oakland2016,73,Oakland,Horizon,23-12,11.8,-5.3,6.5,2016,,UR,,,69,165,Kay Felder
275,3,2016,2,58,SF,Iowa State,Abdel Nader,SR,2015-16,F,Iowa State,Big 12,35,31.1,4.6,9.6,3.1,5.6,1.5,4,2.2,3,0.7,4.2,5,1.5,1.1,0.7,2.3,2.8,12.9,Iowa State2016,25,Iowa State,Big 12,23-12,12.3,0.5,12.8,2016,,UR,,,78,180,Abdel Nader
276,44,2016,2,59,PG/SG,Oklahoma,Isaiah Cousins,SR,2015-16,G,Oklahoma,Big 12,37,33.3,4.6,11.2,2.8,7,1.8,4.3,1.8,2.6,0.6,3.8,4.5,4.5,1.4,0.3,2.4,1.7,12.6,Oklahoma2016,13,Oklahoma,Big 12,29-8,10.1,4.8,14.9,2016,,UR,,,76,188,Isaiah Cousins
277,131,2016,2,60,PG,California,Tyrone Wallace,JR,2014-15,G,University of California,Pac-12,33,34.9,6.3,14.8,5.5,12.2,0.8,2.7,3.6,6,0.9,6.2,7.1,4,1.3,0.3,2.8,2.8,17.1,California2016,30,California,Pac-12,23-11,5.1,6.7,11.8,2016,,UR,,,76,180,Tyrone Wallace
284,180,2017,1,7,PF,Arizona,Lauri Markkanen,FR,2016-17,F,Arizona,Pac-12,37,30.8,5,10.2,3.1,5.8,1.9,4.4,3.7,4.4,2.4,4.8,7.2,0.9,0.4,0.5,1.1,2,15.6,Arizona2017,22,Arizona,Pac-12,32-5,8.8,5.9,14.7,2017,,UR,,,83,220,Lauri Markkanen
285,75,2017,1,9,PG,NC State,Dennis Smith Jr.,FR,2016-17,G,NC State,ACC,32,34.8,6,13.1,4.3,8.3,1.7,4.8,4.5,6.3,0.8,3.8,4.6,6.2,1.9,0.4,3.4,2.1,18.1,NC State2017,87,NC State,ACC,15-17,5.6,-0.8,4.8,2017,,UR,,,74,190,Dennis Smith Jr.
293,263,2017,1,16,C,Creighton,Justin Patton,FR,2016-17,C,Creighton,Big East,35,25.3,5.7,8.5,5.5,8,0.2,0.4,1.3,2.5,1.7,4.5,6.2,1.2,0.9,1.4,1.7,2.7,12.9,Creighton2017,27,Creighton,Big East,25-10,8.1,3.9,12,2017,,UR,,,82,205,Justin Patton
294,59,2017,1,17,PF/SF,Michigan,D.J. Wilson,JR,2016-17,F,Michigan,Big Ten,38,30.4,4.3,8,3.2,5.1,1.1,2.9,1.3,1.6,1.5,3.8,5.3,1.3,0.5,1.5,1.1,1.9,11,Michigan2017,16,Michigan,Big Ten,26-12,11.6,3.9,15.6,2017,,UR,,,80,215,D.J. Wilson
296,273,2017,1,19,PF,Wake Forest,John Collins,SO,2016-17,F,Wake Forest,ACC,33,26.6,7.1,11.4,7.1,11.4,0,0,5,6.7,3.8,6.1,9.8,0.5,0.6,1.6,1.8,3,19.2,Wake Forest2017,30,Wake Forest,ACC,19-14,10.1,0.7,10.7,2017,,UR,,,80,221,John Collins
299,266,2017,1,23,SF,Indiana,OG Anunoby,SO,2016-17,F,Indiana,Big Ten,16,25.1,4.3,7.6,3.4,4.8,0.9,2.8,1.7,3,1.8,3.7,5.4,1.4,1.3,1.3,1.6,2.1,11.1,Indiana2017,32,Indiana,Big Ten,18-16,7.5,3.2,10.6,2017,,UR,,,79,210,OG Anunoby
302,272,2017,1,27,PF,Utah,Kyle Kuzma,JR,2016-17,F,Utah,Pac-12,29,30.8,6.3,12.4,5.3,9.6,0.9,2.9,2.9,4.4,2.8,6.6,9.3,2.4,0.6,0.5,2.1,1.6,16.4,Utah2017,59,Utah,Pac-12,20-12,4.2,3.4,7.7,2017,,UR,,,81,190,Kyle Kuzma
304,78,2017,1,29,PG/SG,Colorado,Derrick White,SR,2016-17,G,Colorado,Pac-12,34,32.8,6,11.9,4.4,7.6,1.7,4.2,4.4,5.4,1,3.1,4.1,4.4,1.2,1.4,2.4,2.1,18.1,Colorado2017,92,Colorado,Pac-12,19-15,3.5,0.9,4.4,2017,,UR,,,72,164,Derrick White
307,67,2017,2,32,SG,Miami (FL),Davon Reed,SR,2016-17,G,Miami (FL),ACC,33,35.3,4.9,11.3,2.5,5.2,2.4,6,2.7,3.3,0.8,3.9,4.8,2.4,1.3,0.5,2,1.6,14.9,Miami (FL)2017,31,Miami (FL),ACC,21-12,4.5,6.2,10.7,2017,,UR,,,77,175,Davon Reed
308,269,2017,2,33,SF,Kansas State,Wes Iwundu,SR,2016-17,F,Kansas State,Big 12,35,31.4,4.3,9,3.4,6.5,0.9,2.4,3.5,4.5,1,5.3,6.3,3.5,1,0.3,2.3,1.8,13,Kansas State2017,37,Kansas State,Big 12,21-14,5.1,5.1,10.2,2017,,UR,,,79,190,Wes Iwundu
309,153,2017,2,34,PG,Kansas,Frank Mason III,SR,2016-17,G,Kansas,Big 12,36,36.1,6.7,13.7,4.4,8.8,2.3,4.8,5.3,6.6,0.6,3.6,4.2,5.2,1.3,0.1,2.4,2,20.9,Kansas2017,4,Kansas,Big 12,31-5,12.1,6.3,18.4,2017,,UR,,,72,170,Frank Mason III
317,62,2017,2,44,SG,Houston,Damyean Dotson,SR,2016-17,G,Houston,AAC,32,34.3,6.3,13.4,2.9,5.8,3.4,7.6,1.4,1.7,1.5,5.4,6.9,1.1,0.9,0.2,1,1.7,17.4,Houston2017,48,Houston,American,21-11,6.5,2.7,9.2,2017,,UR,,,78,181,Damyean Dotson
318,81,2017,2,45,SF,Oregon,Dillon Brooks,SO,2015-16,F,Oregon,Pac-12,38,32.8,6.1,12.9,4.8,9.2,1.3,3.7,3.3,4.1,2,3.4,5.4,3.1,1.1,0.4,2.3,2.9,16.7,Oregon2017,10,Oregon,Pac-12,33-6,10.7,6.8,17.4,2017,,UR,,,79,215,Dillon Brooks
319,238,2017,2,46,SG,SMU,Sterling Brown,SR,2016-17,G,Southern Methodist,AAC,35,32.7,4.6,10,2.9,6.1,1.7,3.9,2.5,3.1,1.6,4.9,6.5,3,1.4,0.5,2,2.6,13.4,SMU2017,17,SMU,American,30-5,10.3,5.2,15.5,2017,,UR,,,76,180,Sterling Brown
324,181,2017,2,53,SG,Arizona,Kadeem Allen,SO,2016-17,G,Arizona,Pac-12,34,30,3.1,6.9,2.2,4.7,0.9,2.2,2.5,3.4,0.4,3.7,4,3,1.6,0.6,1.9,2.4,9.8,Arizona2017,22,Arizona,Pac-12,32-5,8.8,5.9,14.7,2017,,UR,,,75,170,Kadeem Allen
2,139,2011,1,10,PG/SG,BYU,Jimmer Fredette,SR,2010-11,G,Brigham Young,MWC,37,35.8,9.4,20.7,6,12.2,3.4,8.5,6.8,7.6,0.6,2.8,3.4,4.3,1.3,0,3.5,1.3,28.9,BYU2011,13,BYU,MW,32-5,13.2,0.8,14,2011,,UR,,,74,185,Jimmer Fredette
4,5,2011,1,12,SG,Colorado,Alec Burks,SO,2010-11,G,Colorado,Big 12,38,31.4,6.6,14.1,5.9,11.6,0.7,2.5,6.6,7.9,2.4,4.1,6.5,2.9,1.1,0.3,2.6,2.3,20.5,Colorado2011,71,Colorado,Big 12,24-14,9.5,-3.1,6.3,2011,,UR,,,76,200,Alec Burks
5,197,2011,1,13,PF,Kansas,Markieff Morris,JR,2010-11,F,Kansas,Big 12,38,24.4,5.1,8.7,4.5,7.2,0.7,1.6,2.7,4,2.7,5.6,8.3,1.4,0.8,1.1,2.1,2.8,13.6,Kansas2011,2,Kansas,Big 12,35-3,13.3,6.5,19.8,2011,,UR,,,81,230,Markieff Morris
6,196,2011,1,14,PF/SF,Kansas,Marcus Morris,JR,2010-11,F,Kansas,Big 12,38,28.3,6.3,11.1,5.6,9.1,0.7,2,3.9,5.7,2.6,5,7.6,1.6,0.8,0.6,1.8,2.6,17.2,Kansas2011,2,Kansas,Big 12,35-3,13.3,6.5,19.8,2011,,UR,,,81,215,Marcus Morris
8,327,2011,1,16,C,USC,Nikola Vucevic,JR,2010-11,C,USC,Pac-12,34,34.9,6.3,12.5,5.5,10.1,0.9,2.4,3.6,4.8,2.9,7.4,10.3,1.6,0.5,1.4,1.7,2.8,17.1,USC2011,58,USC,Pac-12,19-15,-0.6,8.4,7.9,2011,,UR,,,82,230,Nikola Vucevic
12,164,2011,1,22,PF,Morehead State,Kenneth Faried,SR,2010-11,F,Morehead State,OVC,35,34.7,6.7,10.7,6.7,10.7,0,0,4,6.9,5.7,8.8,14.5,1.1,1.9,2.3,2.6,3.1,17.3,Morehead State2011,86,Morehead State,OVC,24-10,-0.1,5.1,5,2011,,UR,,,78,185,Kenneth Faried
14,202,2011,1,25,SG,Providence,Marshon Brooks,SR,2010-11,G,Providence,Big East,32,36.5,8.6,17.8,6.5,11.7,2.1,6.2,5.3,6.8,2.3,4.8,7,2.5,1.5,1.2,3.1,2.5,24.6,Providence2011,102,Providence,Big East,15-17,8,-3.9,4.1,2011,,UR,,,77,175,Marshon Brooks
16,217,2011,1,28,PG,Cleveland State,Norris Cole,SR,2010-11,G,Cleveland State,Horizon,36,35.7,7,15.9,5.6,11.8,1.4,4.1,6.3,7.4,0.8,5.1,5.8,5.3,2.2,0.1,2.7,2.4,21.7,Cleveland State2011,70,Cleveland State,Horizon,27-9,2.1,4.5,6.6,2011,,UR,,,71,165,Norris Cole
17,140,2011,1,30,SG,Marquette,Jimmy Butler,SR,2010-11,G,Marquette,Big East,37,34.6,5.1,10.3,4.5,8.8,0.5,1.6,5.1,6.5,2.4,3.6,6.1,2.3,1.4,0.4,1.5,1.3,15.7,Marquette2011,30,Marquette,Big East,22-15,8.1,3,11.1,2011,,UR,,,78,215,Jimmy Butler
18,155,2011,2,32,PF,Richmond,Justin Harper,SR,2010-11,F,Richmond,A-10,37,31.8,6.6,12.4,4.5,7.8,2.1,4.6,2.5,3.2,1.7,5.2,6.9,1.2,0.6,1.2,1.5,2.2,17.9,Richmond2011,40,Richmond,A 10,29-8,2.8,7.4,10.2,2011,,UR,,,80,195,Justin Harper
20,240,2011,2,34,PG,Butler,Shelvin Mack,JR,2010-11,G,Butler,Horizon,38,32.1,5.3,13,3,6.5,2.3,6.5,3.2,4.1,0.7,3.8,4.5,3.4,0.8,0.1,2.4,1.7,16,Butler2011,41,Butler,Horizon,28-10,5,5.2,10.2,2011,,UR,,,74,175,Shelvin Mack
22,149,2011,2,36,PF,Maryland,Jordan Williams,SO,2010-11,F,Maryland,ACC,33,32.5,6.5,12,6.5,12,0,0,4,6.9,3.7,8.1,11.8,0.6,0.7,1.4,1.6,2.4,16.9,Maryland2011,24,Maryland,ACC,19-14,8.2,3.6,11.9,2011,,UR,,,82,240,Jordan Williams
23,323,2011,2,37,PF,Georgia,Trey Thompkins,JR,2010-11,F,Georgia,SEC,30,31.2,6.5,13.4,5.7,11,0.8,2.5,2.7,4,1.9,5.8,7.6,1.4,1.1,1.7,2.5,2.2,16.4,Georgia2011,47,Georgia,SEC,21-12,3.5,5.8,9.4,2011,,UR,,,82,230,Trey Thompkins
28,54,2011,2,44,PG,Hofstra,Charles Jenkins,SR,2010-11,G,Hofstra,CAA,33,37.3,7.5,14.6,5.5,9.8,2,4.8,5.5,6.7,0.5,2.8,3.4,4.8,1.7,0.7,2.2,2,22.6,Hofstra2011,148,Hofstra,CAA,21-12,2.9,-2.2,0.7,2011,,UR,,,75,215,Charles Jenkins
29,40,2011,2,45,C,Kentucky,Josh Harrellson,SR,2010-11,F,Kentucky,SEC,38,28.5,3.3,5.5,3.3,5.2,0.1,0.3,0.9,1.5,3.7,5,8.7,0.8,0.9,1.5,0.7,2.4,7.6,Kentucky2011,5,Kentucky,SEC,29-9,8.7,7.8,16.5,2011,,UR,,,83,270,Josh Harrellson
30,8,2011,2,46,PG,College of Charleston,Andrew Goudelock,SR,2010-11,G,College of Charleston,Southern,37,35.2,8.6,18.9,5.1,10.2,3.5,8.7,3,3.6,0.7,3.2,3.9,4.2,0.9,0.2,3.2,1.8,23.7,College of Charleston2011,65,College of Charleston,Southern,26-11,7.5,-0.1,7.4,2011,,UR,,,72,175,Andrew Goudelock
31,324,2011,2,47,SG,Georgia,Travis Leslie,JR,2010-11,G,Georgia,SEC,33,32.2,5.4,10.9,5,9.6,0.4,1.3,3.3,4.1,3.2,4,7.2,2.9,1.2,0.6,2.2,1.9,14.4,Georgia2011,47,Georgia,SEC,21-12,3.5,5.8,9.4,2011,,UR,,,76,185,Travis Leslie
32,162,2011,2,48,C,Oakland,Keith Benson,SR,2010-11,C,Oakland,Summit,35,32.4,6.6,12.1,6.3,11.4,0.3,0.7,4.5,7,2.7,7.5,10.1,1.1,0.8,3.6,1.9,3.1,17.9,Oakland2011,69,Oakland,Summit,25-10,13.4,-6.1,7.3,2011,,UR,,,82,205,Keith Benson
33,182,2011,2,50,PF,Temple,Lavoy Allen,SR,2010-11,F,Temple,A-10,33,33.9,4.7,9.7,4.5,9.2,0.2,0.5,2.1,3,2.7,5.9,8.6,2.3,0.7,1.8,1.6,2.3,11.6,Temple2011,33,Temple,A 10,26-8,4.1,6.6,10.7,2011,,UR,,,81,225,Lavoy Allen
38,104,2011,2,60,PG,Washington,Isaiah Thomas,JR,2010-11,G,Washington,Pac-10,35,31.9,5.4,12.1,3.7,7.1,1.7,4.9,4.3,6,0.7,2.8,3.5,6.1,1.3,0.1,3,2.1,16.8,Washington2011,17,Washington,Pac-12,24-11,13.7,-0.2,13.5,2011,,UR,,,69,170,Isaiah Thomas
40,61,2012,1,6,PG,Weber State,Damian Lillard,JR,2011-12,G,Weber State,Big Sky,32,34.5,7.2,15.5,4.3,8.3,2.9,7.2,7.1,8,0.5,4.5,5,4,1.5,0.2,2.3,1.9,24.5,Weber State2012,97,Weber State,Big Sky,25-7,6.7,-2.1,4.6,2012,,UR,,,73,165,Damian Lillard
41,135,2012,1,12,SG,Connecticut,Jeremy Lamb,SO,2011-12,G,Connecticut,Big East,34,37.2,6.4,13.4,4.3,7.1,2.1,6.2,2.9,3.6,0.9,3.9,4.9,1.7,1.2,0.6,2,1.7,17.7,Connecticut2012,39,Connecticut,Big East,20-14,4.3,5.2,9.5,2012,,UR,,,76,175,Jeremy Lamb
45,320,2012,1,19,PF,St. Bonaventure,Andrew Nicholson,SR,2011-12,F,St. Bonaventure,A-10,32,30.1,6.9,12,6.2,10.4,0.7,1.7,4,5.2,2.6,5.8,8.4,1,0.7,2,2.5,2.8,18.5,St. Bonaventure2012,57,St. Bonaventure,A 10,20-12,3.5,3.9,7.4,2012,,UR,,,82,235,Andrew Nicholson
48,123,2012,1,24,SG,Oregon St.,Jared Cunningham,JR,2011-12,G,Oregon State,Pac-12,36,34.6,5.5,12.2,4.1,8.1,1.4,4.1,5.5,7.5,1,2.8,3.8,2.8,2.5,0.4,2.8,2.4,17.9,Oregon St.2012,100,Oregon St.,Pac-12,21-15,9.3,-4.8,4.5,2012,,UR,,,75,170,Jared Cunningham
50,24,2012,1,27,PF,Mississippi St.,Arnett Moultrie,JR,2011-12,F,Mississippi State,SEC,30,35.8,6,10.9,5.7,10.3,0.3,0.6,4.1,5.3,3.7,6.8,10.5,1.2,0.8,0.8,2.4,2.2,16.4,Mississippi St.2012,61,Mississippi St.,SEC,21-12,6,0.9,6.9,2012,,UR,,,82,205,Arnett Moultrie
51,134,2012,1,30,C,Vanderbilt,Festus Ezeli,SR,2011-12,C,Vanderbilt,SEC,26,23.2,3.4,6.3,3.4,6.3,0,0,3.2,5.3,2.4,3.5,5.9,0.3,0.4,2,2.2,3.2,10.1,Vanderbilt2012,18,Vanderbilt,SEC,25-11,8.2,4.4,12.6,2012,,UR,,,83,255,Festus Ezeli
53,316,2012,2,33,C,Florida State,Bernard James,SO,2011-12,C,Florida State,ACC,35,28,4.5,7.4,4.5,7.4,0,0,1.8,3.3,3.1,5,8.1,0.5,0.7,2.3,2.1,1.9,10.8,Florida State2012,21,Florida State,ACC,25-10,4.5,7.4,11.9,2012,,UR,,,82,240,Bernard James
54,65,2012,2,34,SF,Marquette,Jae Crowder,SR,2011-12,F,Marquette,Big East,35,32.9,6.2,12.5,4.5,7.4,1.7,5.1,3.4,4.6,2,6.4,8.4,2.1,2.5,1,1.3,2.7,17.5,Marquette2012,14,Marquette,Big East,27-8,10.5,3.2,13.7,2012,,UR,,,78,215,Jae Crowder
56,219,2012,2,36,SG,UC Santa Barbara,Orlando Johnson,SR,2011-12,G,UC-Santa Barbara,Big West,31,34.4,6.7,14.8,4.4,9.5,2.3,5.3,4.1,5.9,1.7,4.1,5.8,2.9,1.1,0.7,2.5,1.8,19.7,UC Santa Barbara2012,93,UC Santa Barbara,Big West,20-11,3.8,0.9,4.7,2012,,UR,,,77,205,Orlando Johnson
57,225,2012,2,37,PF,Baylor,Quincy Acy,SR,2011-12,F,Baylor,Big 12,38,29.7,4.2,7.2,4.1,7.1,0.1,0.1,3.6,4.6,2.6,4.8,7.4,1,0.9,1.8,1.9,3.1,12,Baylor2012,17,Baylor,Big 12,30-8,8.9,3.8,12.7,2012,,UR,,,80,220,Quincy Acy
60,208,2012,2,43,PF,Virginia,Mike Scott,SR,2010-11,G,Fairleigh Dickinson,NEC,29,37.2,4.3,11.4,2.2,6.1,2.1,5.3,4.2,5.1,1,4.2,5.2,4.4,1.6,0.2,3.6,3.3,14.9,Virginia2012,27,Virginia,ACC,22-10,-3.1,14,11,2012,,UR,,,79,220,Mike Scott
61,169,2012,2,44,SG,Missouri,Kim English,SR,2011-12,G,Missouri,Big 12,35,33.6,4.9,9.4,2.7,4.5,2.2,4.9,2.5,3.4,0.9,3.4,4.2,1.6,1.3,0.3,1.7,2.4,14.5,Missouri2012,8,Missouri,Big 12,30-5,14,1.9,15.9,2012,,UR,,,77,180,Kim English
62,319,2012,2,45,C,LSU,Justin Hamilton,JR,2011-12,F,LSU,SEC,33,30,4.8,9.7,4.7,9.3,0.1,0.4,3.2,4.2,3.3,3.9,7.2,0.9,0.8,1.3,1.7,2.5,12.9,LSU2012,98,LSU,SEC,18-15,0,4.6,4.6,2012,,UR,,,83,229,Justin Hamilton
64,166,2012,2,47,SG,Tennessee Tech,Kevin Murphy,SR,2011-12,G,Tennessee Tech,OVC,33,34.5,7.2,16.3,4.8,10.5,2.4,5.8,3.8,5.2,0.9,4.3,5.2,2.3,0.8,0.2,3.3,2.2,20.6,Tennessee Tech2012,213,Tennessee Tech,OVC,19-14,1.8,-4.5,-2.6,2012,,UR,,,78,185,Kevin Murphy
65,175,2012,2,49,PF,Norfolk St.,Kyle O'Quinn,SR,2011-12,C,Norfolk State,MEAC,36,31.3,5.7,9.9,5.5,9.1,0.2,0.9,4.3,6.2,3.2,7.2,10.3,1.4,0.7,2.7,2.6,3.3,15.9,Norfolk St.2012,210,Norfolk St.,MEAC,26-10,-1.1,-1.3,-2.5,2012,,UR,,,81,225,Kyle O'Quinn
67,64,2012,2,55,SG,Marquette,Darius Johnson-Odom,SR,2011-12,G,Marquette,Big East,34,32.9,6.2,13.8,3.9,7.9,2.3,5.9,3.7,4.9,0.6,2.9,3.5,2.7,0.9,0.1,2.4,2,18.3,Marquette2012,14,Marquette,Big East,27-8,10.5,3.2,13.7,2012,,UR,,,74,205,Darius Johnson-Odom
69,170,2012,2,59,PG,Missouri,Marcus Denmon,SR,2011-12,G,Missouri,Big 12,35,34.6,5.7,12.4,2.9,5.5,2.8,6.9,3.4,3.8,1,4,5,2.1,1.5,0,1.2,1,17.7,Missouri2012,8,Missouri,Big 12,30-5,14,1.9,15.9,2012,,UR,,,73,170,Marcus Denmon
70,317,2012,2,60,C,Gonzaga,Robert Sacre,SR,2011-12,C,Gonzaga,WCC,33,26.3,3.5,6.9,3.5,6.9,0,0.1,4.5,6,2,4.3,6.3,0.7,0.4,1.4,1.8,2.2,11.6,Gonzaga2012,25,Gonzaga,WCC,26-7,6.8,4.4,11.2,2012,,UR,,,84,250,Robert Sacre
73,45,2013,1,10,SG,Lehigh,C.J. McCollum,JR,2011-12,G,Lehigh,Patriot,35,33.1,7.3,16.4,5.5,11.3,1.7,5,5.7,7,1.4,5.1,6.5,3.5,2.6,0.5,2.3,2.1,21.9,Lehigh2013,79,Lehigh,Patriot,21-10,5.6,0.5,6.1,2013,,UR,,,74,165,C.J. McCollum
75,239,2013,1,18,PG,Miami (FL),Shane Larkin,SO,2012-13,G,Miami (FL),ACC,36,36.4,5.1,10.6,3.2,5.9,1.9,4.7,2.4,3.1,0.5,3.4,3.8,4.6,2,0.1,2.3,1.6,14.5,Miami (FL)2013,15,Miami (FL),ACC,29-7,4.7,9.3,14,2013,,UR,,,71,160,Shane Larkin
76,252,2013,1,20,SF,New Mexico,Tony Snell,JR,2012-13,G,New Mexico,MWC,35,31.2,4.1,9.7,2.3,5.1,1.8,4.7,2.5,2.9,0.4,2.2,2.6,2.9,0.8,0.5,2.1,1.3,12.5,New Mexico2013,41,New Mexico,MW,29-6,3.9,6,10,2013,,UR,,,79,190,Tony Snell
77,96,2013,1,21,C,Louisville,Gorgui Dieng,SO,2011-12,C,Louisville,Big East,40,32.8,3.6,6.9,3.6,6.9,0,0.1,1.8,2.7,3.5,5.6,9.1,1.1,1.2,3.2,2,3.3,9.1,Louisville2013,2,Louisville,Big East,35-5,10.7,10.3,21,2013,,UR,,,81,220,Gorgui Dieng
81,51,2013,2,33,SG,Arizona State,Carrick Felix,SR,2012-13,G,Arizona State,Pac-12,35,35.3,5.4,10.8,3.9,6.8,1.5,4,2.3,3.5,2.1,6.1,8.1,1.6,1.4,1.1,2,3,14.6,Arizona State2013,84,Arizona State,Pac-12,22-13,3.7,1.7,5.3,2013,,UR,,,78,190,Carrick Felix
82,103,2013,2,34,PG,Murray State,Isaiah Canaan,SR,2012-13,G,Murray State,OVC,31,36.5,6.9,16.1,3.9,7.9,3,8.2,4.9,6,0.6,2.9,3.5,4.3,1.5,0.1,3.2,1.9,21.8,Murray State2013,111,Murray State,Ohio Valley W,21-10,2.9,0.1,3,2013,,UR,,,71,175,Isaiah Canaan
83,211,2013,2,38,PG,South Dakota State,Nate Wolters,SR,2012-13,G,South Dakota State,Summit,33,38.1,7.3,15.1,5.4,10,1.9,5.1,5.7,7,1.1,4.5,5.6,5.8,1.7,0.1,2.3,1.5,22.3,South Dakota State2013,88,South Dakota State,Summit,25-10,4.8,-0.2,4.7,2013,,UR,,,75,185,Nate Wolters
86,224,2013,2,42,PG,Baylor,Pierre Jackson,SR,2012-13,G,Baylor,Big 12,36,34.8,6,14.1,3.6,7.3,2.4,6.8,5.3,6.7,0.7,3.1,3.8,7.1,1.5,0,3.4,2.2,19.8,Baylor2013,28,Baylor,Big 12,23-14,9,2.3,11.3,2013,,UR,,,71,170,Pierre Jackson
87,207,2013,2,44,C,Bucknell,Mike Muscala,SR,2012-13,F,Bucknell,Patriot,34,31.7,6.7,13.1,6.6,12.6,0.1,0.5,5.3,6.7,2.9,8.2,11.1,2.3,0.5,2.4,1.7,2.2,18.7,Bucknell2013,55,Bucknell,Patriot,28-6,0.5,7.4,7.9,2013,,UR,,,79,215,Mike Muscala
88,91,2013,2,46,PG,Virginia Tech,Erick Green,SR,2012-13,G,Virginia Tech,ACC,32,36.4,8.2,17.2,6.3,12.3,1.9,4.9,6.8,8.3,0.5,3.5,4,3.8,1.3,0.2,2.2,1.4,25,Virginia Tech2013,177,Virginia Tech,ACC,13-19,4.1,-4.7,-0.6,2013,,UR,,,75,170,Erick Green
91,120,2013,2,50,SF,Long Beach State,James Ennis,SR,2012-13,G,Long Beach State,Big West,33,33.1,5.5,11.2,3.8,6.6,1.7,4.7,3.8,4.6,2,4.7,6.7,2.1,1.8,1.3,3,2.3,16.5,Long Beach State2013,203,Long Beach State,Big West,19-14,1.3,-2.9,-1.6,2013,,UR,,,79,200,James Ennis
94,301,2013,2,53,C,Colorado State,Colton Iverson,SR,2012-13,F,Colorado St.,MWC,35,29.5,5.2,8.8,5.2,8.8,0,0,3.7,6.3,3.3,6.4,9.8,1.3,0.6,0.7,2,2.6,14.2,Colorado State2013,49,Colorado State,MW,26-9,6.7,1.8,8.6,2013,,UR,,,82,260,Colton Iverson
95,311,2013,2,54,PF,Oregon,Arsalan Kazemi,SR,2012-13,F,Oregon,Pac-12,35,29,3.2,5.4,3.2,5.4,0,0,2.9,4.3,2.8,7.2,10,1.4,2,0.7,1.5,1.9,9.4,Oregon2013,46,Oregon,Pac-12,28-9,6.4,2.4,8.8,2013,,UR,,,80,190,Arsalan Kazemi