player_id,player_id,year,round,pick,Player,Class,Pos,School,Conf_x,G,MP.1,FG,FGA,2P,2PA,3P,3PA,FT,FTA,ORB,DRB,TRB,AST,STL,BLK,TOV,PF,PTS,Team_Rk,W,L,BPI Off,BPI Def,BPI,Player_Rank,Outside100,Height,Weight
400,400,2018,1,1,Deandre Ayton,FR,C,Arizona,Pac-12,35,33.5,7.9,12.9,7.5,11.9,0.3,1,4,5.5,3.4,8.2,11.6,1.6,0.6,1.9,2,2.3,20.1,26,27,8,9.4,2.5,11.9,3,0,84,250
401,401,2018,1,2,Marvin Bagley III,FR,C,Duke,ACC,33,33.9,8.2,13.3,7.5,11.6,0.7,1.8,4,6.3,4,7.1,11.1,1.5,0.8,0.9,2.3,1.8,21,3,29,8,12.4,7.5,19.8,1,0,83,235
402,402,2018,1,4,Jaren Jackson Jr.,FR,F,Michigan State,Big 10,35,21.8,3.4,6.6,2.3,3.9,1.1,2.7,3,3.8,1.5,4.3,5.8,1.1,0.6,3,1.8,3.2,10.9,6,30,5,10.1,7.7,17.8,9,0,83,236
403,403,2018,1,5,Trae Young,FR,G,Oklahoma,Big 12,32,35.4,8.2,19.3,4.5,9.1,3.7,10.3,7.4,8.6,0.4,3.5,3.9,8.7,1.7,0.3,5.2,1.8,27.4,44,18,14,6.8,2.7,9.4,23,0,74,180
404,404,2018,1,6,Mo Bamba,FR,C,Texas,Big 12,30,30.2,4.9,9,4.4,7.3,0.5,1.7,2.7,4,3.2,7.3,10.5,0.5,0.8,3.7,1.5,2.5,12.9,40,19,15,3.2,6.8,10,4,0,84,225
405,405,2018,1,7,Wendell Carter Jr.,FR,C,Duke,ACC,37,26.9,4.8,8.6,4.3,7.4,0.5,1.2,3.4,4.5,2.9,6.1,9.1,2,0.8,2.1,2,2.8,13.5,3,29,8,12.4,7.5,19.8,5,0,82,259
406,406,2018,1,8,Collin Sexton,FR,G,Alabama,SEC,33,29.9,5.9,13.3,4.6,9.3,1.3,4,5.9,7.6,1,2.7,3.8,3.6,0.8,0.1,2.8,2.5,19.2,54,20,16,2.7,6,8.6,7,0,74,190
407,407,2018,1,9,Kevin Knox,FR,F,Kentucky,SEC,37,32.4,5.3,11.9,3.8,7.4,1.5,4.5,3.4,4.4,0.9,4.5,5.4,1.4,0.8,0.3,2.3,2.2,15.6,19,26,11,7,5.9,12.9,10,0,81,213
408,408,2018,1,10,Mikal Bridges,JR,F,Villanova,Big East,40,32.1,6.1,11.9,3.5,5.9,2.6,6,2.9,3.4,1.4,4,5.3,1.9,1.5,1.1,1.4,2.2,17.7,1,36,4,15.5,7.3,22.8,82,0,79,209
409,409,2018,1,11,Shai Gilgeous-Alexander,FR,G,Kentucky,SEC,37,33.7,4.9,10.2,4.3,8.6,0.6,1.5,3.9,4.7,0.9,3.2,4.1,5.1,1.6,0.5,2.7,1.7,14.4,19,26,11,7,5.9,12.9,35,0,78,180
410,410,2018,1,12,Miles Bridges,SO,F,Michigan State,Big 10,34,31.4,6.1,13.4,4.1,7.7,2.1,5.7,2.7,3.2,1.3,5.7,7,2.7,0.6,0.8,2,1.6,17.1,6,30,5,10.1,7.7,17.8,8,0,79,225
411,411,2018,1,13,Jerome Robinson,JR,G,Boston College,ACC,35,36,7.1,14.7,4.8,9,2.3,5.7,4.2,5,0.5,3.1,3.6,3.3,0.9,0.1,2.7,2.5,20.7,80,19,16,4.9,1.5,6.4,0,1,77,190
412,412,2018,1,14,Michael Porter Jr.,FR,F,Missouri,SEC,3,17.7,3.3,10,2.3,6.7,1,3.3,2.3,3,1.3,5.3,6.7,0.3,1,0.3,1,2,10,49,20,13,4.4,4.8,9.1,2,0,82,210
413,413,2018,1,15,Troy Brown Jr.,FR,F,Oregon,Pac-12,35,31.2,4.1,9.2,3.2,6.1,0.9,3.1,2.2,3,1.5,4.7,6.2,3.2,1.6,0.2,2.5,2.2,11.3,72,23,13,4.4,2.4,6.9,15,0,79,215
414,414,2018,1,16,Zhaire Smith,FR,F,Texas Tech,Big 12,37,28.4,4.2,7.5,3.7,6.4,0.5,1.1,2.5,3.4,2.2,2.8,5,1.8,1.1,1.1,1.1,1.8,11.3,11,27,10,5.8,9.3,15.1,0,1,76,199
415,415,2018,1,17,Donte DiVincenzo,JR,G,Villanova,Big East,40,29.3,4.7,9.8,2.6,4.5,2.1,5.3,1.9,2.7,1.2,3.6,4.8,3.5,1.1,0.2,2,2.1,13.4,1,36,4,15.5,7.3,22.8,0,1,77,201
416,416,2018,1,18,Lonnie Walker IV,FR,G,Miami (FL),ACC,32,27.8,4.1,9.9,2.4,4.9,1.8,5.1,1.5,2,0.4,2.2,2.6,1.9,0.9,0.5,1.2,1.6,11.5,35,22,10,4.9,5.7,10.6,13,0,76,196
417,417,2018,1,19,Kevin Huerter,SO,G,Maryland,Big 10,32,34.4,5.1,10.1,2.8,4.6,2.3,5.5,2.3,3.1,1,4.1,5,3.4,0.6,0.7,2.5,2.4,14.8,39,19,13,5.7,4.5,10.2,49,0,79,190
418,418,2018,1,20,Josh Okogie,SO,G,Georgia Tech,ACC,24,36.4,5.5,13.3,4,9.2,1.6,4.2,5.5,6.8,2.3,4,6.3,2.5,1.8,1,2.5,2.9,18.2,124,13,19,-1,3.7,2.7,0,1,76,211
419,419,2018,1,21,Grayson Allen,SR,G,Duke,ACC,37,35.6,4.9,11.7,2.1,4.2,2.8,7.5,2.9,3.4,0.5,2.8,3.3,4.6,1.7,0.1,2.1,2.1,15.5,3,29,8,12.4,7.5,19.8,21,0,77,195
420,420,2018,1,22,Chandler Hutchison,SR,G,Boise State,Mountain West,31,31,6.6,13.9,5.1,9.8,1.5,4.1,5.3,7.2,0.9,6.8,7.7,3.5,1.5,0.3,3.4,2.4,20,57,23,9,3.1,5,8.1,80,0,79,196
421,421,2018,1,23,Aaron Holiday,JR,G,UCLA,Pac-12,33,37.7,6.4,13.9,3.8,7.7,2.7,6.2,4.8,5.8,0.5,3.2,3.7,5.8,1.3,0.2,3.8,2.6,20.3,56,21,12,6.9,1.3,8.1,88,0,73,187
422,422,2018,1,25,Moritz Wagner,JR,C,Michigan,Big 10,39,27.6,5.5,10.5,3.9,6.4,1.6,4.1,1.9,2.8,1.5,5.7,7.1,0.8,1,0.5,1.4,3.1,14.6,12,33,8,6.5,8.5,15.1,0,1,83,240
423,423,2018,1,26,Landry Shamet,JR,G,Wichita State,AAC,32,31.7,4.8,9.8,2.2,3.9,2.6,5.9,2.7,3.2,0.4,2.8,3.2,5.2,0.7,0.2,2.1,1.9,14.9,15,25,8,10.4,3.8,14.2,0,1,77,189
424,424,2018,1,27,Robert Williams III,SO,C,Texas A&M,SEC,30,25.6,4.6,7.3,4.6,6.9,0,0.4,1.1,2.3,2.4,6.9,9.2,1.4,0.8,2.6,1.7,2.2,10.4,32,22,13,4.1,6.7,10.8,50,0,82,237
425,425,2018,1,28,Jacob Evans,JR,F,Cincinnati,AAC,36,30.8,4.5,10.5,2.8,6,1.7,4.5,2.4,3.2,1.4,3.3,4.7,3.1,1.3,1,1.8,2,13,5,31,5,6.3,12.2,18.5,0,1,78,200
426,426,2018,1,30,Omari Spellman,FR,F,Villanova,Big East,40,28.1,4,8.4,2.4,4.7,1.6,3.8,1.2,1.8,2.3,5.8,8,0.8,0.7,1.5,1,2.3,10.9,1,36,4,15.5,7.3,22.8,18,0,81,255
427,427,2018,2,32,Jevon Carter,SR,G,West Virginia,Big 12,37,35.5,5.8,13.8,3.7,8.5,2.1,5.3,3.6,4.2,0.8,3.9,4.6,6.6,3,0.4,2.6,3,17.3,9,26,11,9.4,6.4,15.8,0,1,74,200
428,428,2018,2,33,Jalen Brunson,JR,G,Villanova,Big East,40,31.8,6.8,13,4.6,7.7,2.2,5.3,3.3,4.1,0.3,2.8,3.1,4.6,0.9,0,1.8,2,18.9,1,36,4,15.5,7.3,22.8,16,0,74,198
429,429,2018,2,34,Devonte' Graham,SR,G,Kansas,Big 12,39,37.8,5.1,12.8,2.3,5.8,2.8,6.9,4.3,5.2,0.6,3.4,4,7.2,1.6,0.1,2.8,1.4,17.3,7,31,8,11.2,5.2,16.5,0,1,74,186
430,430,2018,2,35,Melvin Frazier Jr.,JR,F,Tulane,AAC,30,34.4,6,10.7,4.8,7.7,1.2,3,2.8,3.9,1.2,4.4,5.6,2.9,2.2,0.7,2.6,2,15.9,170,14,17,0.7,-0.7,0,0,1,78,201
431,431,2018,2,37,Gary Trent Jr.,FR,G,Duke,ACC,37,33.9,4.8,11.5,2.2,5,2.6,6.5,2.3,2.6,0.8,3.4,4.2,1.4,1.2,0.1,1,1.7,14.5,3,29,8,12.4,7.5,19.8,8,0,78,209
432,432,2018,2,38,Khyri Thomas,JR,G,Creighton,Big East,33,31.7,5.6,10.4,3.7,5.8,1.9,4.6,2,2.6,1.1,3.3,4.4,2.8,1.7,0.2,1.8,1.9,15.1,24,21,12,8.1,4.1,12.2,0,1,75,199
433,433,2018,2,41,Jarred Vanderbilt,FR,F,Kentucky,SEC,14,17,2.1,4.9,2.1,4.8,0,0.1,1.7,2.7,3.3,4.6,7.9,1,0.4,0.8,1.1,2.6,5.9,19,26,11,7,5.9,12.9,19,0,81,214
434,434,2018,2,42,Bruce Brown,SO,G,Miami (FL),ACC,19,33.7,4.1,9.9,3.3,6.7,0.8,3.2,2.3,3.7,1.3,5.8,7.1,4,1.3,0.8,2.3,2.3,11.4,35,22,10,4.9,5.7,10.6,26,0,77,194
435,435,2018,2,43,Justin Jackson,SO,F,Maryland,Big 10,11,29.2,3.4,9.2,2.5,5.5,0.9,3.6,2.2,2.6,2.5,5.6,8.1,1.9,0.8,0.8,2.9,1.4,9.8,39,19,13,5.7,4.5,10.2,0,1,79,229
436,436,2018,2,45,Hamidou Diallo,FR,G,Kentucky,SEC,37,24.8,3.6,8.5,2.9,6.4,0.7,2.1,2.1,3.4,0.9,2.8,3.6,1.2,0.8,0.4,1.4,2.6,10,19,26,11,7,5.9,12.9,0,1,78,195
437,437,2018,2,46,De'Anthony Melton,SO,G,USC,Pac-12,36,27,2.8,6.4,2.2,4.4,0.6,2.1,2.1,3,1.4,3.3,4.7,3.5,1.9,1,1.8,2.3,8.3,51,24,12,6.3,2.6,8.9,0,1,75,190
438,438,2018,2,47,Svi Mykhailiuk,SR,F,Kansas,Big 12,39,34.5,5.3,12.1,2.3,5.5,2.9,6.6,1.2,1.4,1.1,2.8,3.9,2.7,1.2,0.3,1.7,2.5,14.6,7,31,8,11.2,5.2,16.5,0,1,80,212
439,439,2018,2,48,Keita Bates-Diop,SR,F,Ohio State,Big 10,34,33.1,7.3,15.1,5.3,9.7,1.9,5.4,3.3,4.1,1.5,7.2,8.7,1.6,0.9,1.6,1.8,1.7,19.8,17,25,9,7.3,6.6,13.8,22,0,81,224
440,440,2018,2,49,Chimezie Metu,JR,C,USC,Pac-12,34,31,6,11.5,5.7,10.4,0.4,1.2,3.3,4.5,1.9,5.6,7.4,1.6,0.8,1.7,2,2.6,15.7,51,24,12,6.3,2.6,8.9,40,0,82,225
441,441,2018,2,50,Alize Johnson,SO,F,Missouri State,MVC,33,31.2,5.2,12.1,4,7.7,1.2,4.4,3.3,4.4,3.2,8.5,11.6,2.8,0.5,0.4,2.2,2.1,15,118,18,15,1.7,1.3,3,0,1,80,217
442,442,2018,2,51,Tony Carr,SO,G,Penn State,Big 10,37,35.4,6.6,16.2,4.2,10.7,2.4,5.5,4,5,0.9,4.1,4.9,5,0.8,0.3,2.3,1.8,19.6,20,26,13,5.5,7.2,12.6,42,0,76,199
443,443,2018,2,52,Vincent Edwards,SR,F,Purdue,Big 10,35,31.6,5.1,10.8,3.7,7.1,1.5,3.7,2.9,3.4,2,5.4,7.4,2.9,0.5,0.6,2,1.8,14.6,4,30,7,12,7,19,89,0,80,225
444,444,2018,2,53,Devon Hall,SR,G,Virginia,ACC,34,32.1,3.9,8.6,2.2,4.7,1.7,3.9,2.2,2.5,0.4,3.9,4.2,3.1,0.9,0.1,1,1.4,11.7,2,31,3,7,13.2,20.2,0,1,78,206
445,445,2018,2,54,Shake Milton,JR,G,Southern Methodist,AAC,22,36.4,5.6,12.5,3,6.6,2.5,5.9,4.3,5,0.6,4,4.7,4.4,1.4,0.6,2.3,1.7,18,71,17,16,4,2.9,6.9,79,0,78,205
446,446,2018,2,56,Ray Spalding,JR,F,Louisville,ACC,36,27.6,5.1,9.4,4.9,8.8,0.1,0.5,2,3.2,3.1,5.5,8.7,1.3,1.5,1.7,1.7,3,12.3,34,22,14,4.9,5.7,10.6,57,0,82,215
447,447,2018,2,57,Kevin Hervey,SR,F,Texas-Arlington,Sun Belt,33,32.2,7.4,16.5,5,9.6,2.3,6.9,3.4,4.2,2.3,6.2,8.5,2.2,1.2,0.6,2.7,1.8,20.5,121,21,13,0.3,2.4,2.7,0,1,80,230
448,448,2018,2,58,Thomas Welsh,SR,C,UCLA,Pac-12,33,33.2,4.9,10.1,3.5,6.7,1.4,3.4,1.5,1.8,2.6,8.2,10.8,1.4,0.7,0.9,1,2.4,12.6,56,21,12,6.9,1.3,8.1,36,0,84,255
449,449,2018,2,59,George King,SR,F,Colorado,Pac-12,32,28.5,4.4,10,2.5,5.1,1.9,4.9,2.1,2.7,1.8,6.1,7.8,1.1,0.5,0.7,2,2.4,12.9,146,17,15,-1.2,2.4,1.2,0,1,78,220
450,450,2018,2,60,Kostas Antetokounmpo,FR,F,Dayton,A-10,29,15.1,2,3.5,1.9,3,0.1,0.5,1.1,2.2,0.8,2,2.9,0.4,0.2,1.1,1.3,2.3,5.2,163,14,17,2.2,-2.1,0.2,0,1,82,195
0,0,2011,1,12,Alec Burks,SO,G,Colorado,Big 12,38,31.4,6.6,14.1,5.9,11.6,0.7,2.5,6.6,7.9,2.4,4.1,6.5,2.9,1.1,0.3,2.6,2.3,20.5,71,24,14,9.5,-3.1,6.3,0,1,76,200
1,1,2011,2,46,Andrew Goudelock,SR,G,College of Charleston,Southern,37,35.2,8.6,18.9,5.1,10.2,3.5,8.7,3,3.6,0.7,3.2,3.9,4.2,0.9,0.2,3.2,1.8,23.7,65,26,11,7.5,-0.1,7.4,0,1,72,175
2,2,2012,1,27,Arnett Moultrie,JR,F,Mississippi State,SEC,30,35.8,6,10.9,5.7,10.3,0.3,0.6,4.1,5.3,3.7,6.8,10.5,1.2,0.8,0.8,2.4,2.2,16.4,61,21,12,6,0.9,6.9,0,1,82,205
3,3,2016,2,51,Ben Bentil,SO,F,Providence,Big East,35,34.2,7,15.2,5.5,10.7,1.5,4.5,5.5,7.1,2.7,5,7.7,1.1,0.9,1,1.9,2.8,21.1,62,24,11,3.8,3.6,7.4,0,1,80,225
4,4,2011,2,45,Josh Harrellson,SR,F,Kentucky,SEC,38,28.5,3.3,5.5,3.3,5.2,0.1,0.3,0.9,1.5,3.7,5,8.7,0.8,0.9,1.5,0.7,2.4,7.6,5,29,9,8.7,7.8,16.5,0,1,83,270
5,5,2016,1,6,Buddy Hield,SR,G,Oklahoma,Big 12,37,35.4,8.1,16.2,4.2,7.5,4,8.7,4.8,5.4,1.2,4.5,5.7,2,1.1,0.5,3.1,2.1,25,13,29,8,10.1,4.8,14.9,0,1,76,185
6,6,2016,2,59,Isaiah Cousins,SR,G,Oklahoma,Big 12,37,33.3,4.6,11.2,2.8,7,1.8,4.3,1.8,2.6,0.6,3.8,4.5,4.5,1.4,0.3,2.4,1.7,12.6,13,29,8,10.1,4.8,14.9,0,1,76,188
7,7,2013,1,10,C.J. McCollum,JR,G,Lehigh,Patriot,35,33.1,7.3,16.4,5.5,11.3,1.7,5,5.7,7,1.4,5.1,6.5,3.5,2.6,0.5,2.3,2.1,21.9,79,21,10,5.6,0.5,6.1,0,1,74,165
8,8,2014,1,28,C.J. Wilcox,SR,G,Washington,Pac-12,32,34.9,6.2,13.6,3.3,6.4,2.8,7.2,3.2,3.7,0.7,3,3.7,2.5,1,1,1.7,2.3,18.3,117,17,15,5.7,-2.5,3.1,0,1,77,190
9,9,2014,2,49,Cameron Bairstow,SR,F,New Mexico,MWC,34,32.9,7,12.5,6.9,12.4,0,0.1,6.4,8.8,2.2,5.1,7.4,1.6,0.6,1.5,2,2.1,20.4,45,27,7,5.8,3.3,9.1,0,1,80,230
10,10,2015,1,14,Cameron Payne,SO,G,Murray State,OVC,35,32.2,7,15.3,4.6,9,2.4,6.4,3.8,4.8,0.6,3.1,3.7,6,1.9,0.5,2.5,2.1,20.2,59,29,6,9.9,-2.3,7.5,0,1,71,166
11,11,2016,1,20,Caris LeVert,SO,G,Michigan,Big Ten,37,34,4.4,10,2.8,6.1,1.6,4,2.5,3.2,0.5,3.8,4.3,2.9,1.2,0.3,1.7,1.7,12.9,37,23,13,4.1,6.3,10.4,0,1,77,200
12,12,2013,2,33,Carrick Felix,SR,G,Arizona State,Pac-12,35,35.3,5.4,10.8,3.9,6.8,1.5,4,2.3,3.5,2.1,6.1,8.1,1.6,1.4,1.1,2,3,14.6,84,22,13,3.7,1.7,5.3,0,1,78,190
13,13,2011,2,44,Charles Jenkins,SR,G,Hofstra,CAA,33,37.3,7.5,14.6,5.5,9.8,2,4.8,5.5,6.7,0.5,2.8,3.4,4.8,1.7,0.7,2.2,2,22.6,148,21,12,2.9,-2.2,0.7,0,1,75,215
14,14,2017,1,17,D.J. Wilson,JR,F,Michigan,Big Ten,38,30.4,4.3,8,3.2,5.1,1.1,2.9,1.3,1.6,1.5,3.8,5.3,1.3,0.5,1.5,1.1,1.9,11,16,26,12,11.6,3.9,15.6,0,1,80,215
15,15,2012,1,6,Damian Lillard,JR,G,Weber State,Big Sky,32,34.5,7.2,15.5,4.3,8.3,2.9,7.2,7.1,8,0.5,4.5,5,4,1.5,0.2,2.3,1.9,24.5,97,25,7,6.7,-2.1,4.6,0,1,73,165
16,16,2017,2,44,Damyean Dotson,SR,G,Houston,AAC,32,34.3,6.3,13.4,2.9,5.8,3.4,7.6,1.4,1.7,1.5,5.4,6.9,1.1,0.9,0.2,1,1.7,17.4,48,21,11,6.5,2.7,9.2,0,1,78,181
17,17,2012,2,55,Darius Johnson-Odom,SR,G,Marquette,Big East,34,32.9,6.2,13.8,3.9,7.9,2.3,5.9,3.7,4.9,0.6,2.9,3.5,2.7,0.9,0.1,2.4,2,18.3,14,27,8,10.5,3.2,13.7,0,1,74,205
18,18,2012,2,34,Jae Crowder,SR,F,Marquette,Big East,35,32.9,6.2,12.5,4.5,7.4,1.7,5.1,3.4,4.6,2,6.4,8.4,2.1,2.5,1,1.3,2.7,17.5,14,27,8,10.5,3.2,13.7,0,1,78,215
19,19,2017,2,32,Davon Reed,SR,G,Miami (FL),ACC,33,35.3,4.9,11.3,2.5,5.2,2.4,6,2.7,3.3,0.8,3.9,4.8,2.4,1.3,0.5,2,1.6,14.9,31,21,12,4.5,6.2,10.7,0,1,77,175
20,20,2016,1,21,DeAndre Bembry,JR,F,Saint Joseph's,A-10,36,37.3,6.6,13.8,5.7,10.3,0.9,3.6,3.3,4.9,1.4,6.3,7.8,4.5,1.4,0.8,2,2.4,17.4,51,28,8,6.5,2.2,8.7,0,1,78,165
21,21,2014,2,37,DeAndre Daniels,JR,F,Connecticut,AAC,38,29,4.9,10.6,3.6,7.4,1.3,3.2,1.8,2.3,1.4,4.6,6,0.4,0.7,1.4,1.5,2.4,13.1,25,31,8,4.3,8.5,12.7,0,1,79,191
22,22,2014,1,24,Shabazz Napier,SR,G,Connecticut,AAC,40,35.1,5.3,12.4,3.2,7,2.2,5.4,5.2,6,1,4.9,5.9,4.9,1.8,0.3,2.9,2.1,18,25,31,8,4.3,8.5,12.7,0,1,71,165
23,23,2015,1,20,Delon Wright,SR,G,Utah,Pac-12,35,33.3,4.7,9.3,4,7.2,0.7,2.1,4.4,5.2,1,4,4.9,5.1,2.1,1,1.9,1.4,14.5,10,26,9,5,11.3,16.2,0,1,76,175
24,24,2017,1,9,Dennis Smith Jr.,FR,G,NC State,ACC,32,34.8,6,13.1,4.3,8.3,1.7,4.8,4.5,6.3,0.8,3.8,4.6,6.2,1.9,0.4,3.4,2.1,18.1,87,15,17,5.6,-0.8,4.8,0,1,74,190
25,25,2017,1,29,Derrick White,SR,G,Colorado,Pac-12,34,32.8,6,11.9,4.4,7.6,1.7,4.2,4.4,5.4,1,3.1,4.1,4.4,1.2,1.4,2.4,2.1,18.1,92,19,15,3.5,0.9,4.4,0,1,72,164
26,26,2017,2,45,Dillon Brooks,SO,F,Oregon,Pac-12,38,32.8,6.1,12.9,4.8,9.2,1.3,3.7,3.3,4.1,2,3.4,5.4,3.1,1.1,0.4,2.3,2.9,16.7,10,33,6,10.7,6.8,17.4,0,1,79,215
27,27,2016,1,11,Domantas Sabonis,SO,F,Gonzaga,WCC,36,31.9,6.6,10.9,6.5,10.5,0.1,0.4,4.2,5.4,3.1,8.8,11.8,1.8,0.6,0.9,2.6,3.2,17.6,26,28,8,6.4,6.1,12.5,0,1,82,230
28,28,2014,1,11,Doug McDermott,SR,F,Creighton,Big East,35,33.7,9.4,17.9,6.7,11.8,2.7,6.1,5.1,5.9,1.6,5.3,7,1.6,0.2,0.1,1.8,1.9,26.7,13,27,8,11.4,3.3,14.8,0,1,79,195
29,29,2014,1,29,Josh Huestis,SR,F,Stanford,Pac-12,36,35.2,4.3,9.6,3.6,7.5,0.7,2.1,1.8,2.8,2.5,5.7,8.2,1.2,0.6,1.9,1.2,2.1,11.2,61,23,13,4.5,3,7.4,0,1,79,200
30,30,2014,1,10,Elfrid Payton,JR,G,Louisiana,Sun Belt,35,35.9,6.8,13.3,6.4,11.8,0.4,1.5,5.3,8.6,2.3,3.7,6,5.9,2.3,0.6,3.6,2.4,19.2,270,20,11,1.1,-6.3,-5.2,0,1,73,170
31,31,2013,2,46,Erick Green,SR,G,Virginia Tech,ACC,32,36.4,8.2,17.2,6.3,12.3,1.9,4.9,6.8,8.3,0.5,3.5,4,3.8,1.3,0.2,2.2,1.4,25,177,13,19,4.1,-4.7,-0.6,0,1,75,170
32,32,2015,1,9,Frank Kaminsky,SR,C,Wisconsin,Big Ten,39,33.6,6.8,12.5,5.8,9.9,1.1,2.6,4,5.1,1.5,6.7,8.2,2.6,0.8,1.5,1.6,1.7,18.8,3,36,3,10.4,11.3,21.7,0,1,82,260
33,33,2013,1,21,Gorgui Dieng,SO,C,Louisville,Big East,40,32.8,3.6,6.9,3.6,6.9,0,0.1,1.8,2.7,3.5,5.6,9.1,1.1,1.2,3.2,2,3.3,9.1,2,35,5,10.7,10.3,21,0,1,81,220
34,34,2013,2,34,Isaiah Canaan,SR,G,Murray State,OVC,31,36.5,6.9,16.1,3.9,7.9,3,8.2,4.9,6,0.6,2.9,3.5,4.3,1.5,0.1,3.2,1.9,21.8,111,21,10,2.9,0.1,3,0,1,71,175
35,35,2011,2,60,Isaiah Thomas,JR,G,Washington,Pac-10,35,31.9,5.4,12.1,3.7,7.1,1.7,4.9,4.3,6,0.7,2.8,3.5,6.1,1.3,0.1,3,2.1,16.8,17,24,11,13.7,-0.2,13.5,0,1,69,170
36,36,2016,1,9,Jakob Poeltl,SO,F,Utah,Pac-12,36,30.4,6.3,9.8,6.3,9.8,0,0,4.6,6.6,2.8,6.3,9.1,1.9,0.6,1.6,2.1,2.3,17.2,40,27,9,6.3,3.9,10.1,0,1,84,230
37,37,2016,1,7,Jamal Murray,FR,G,Kentucky,SEC,36,35.2,6.8,14.9,3.6,7.3,3.1,7.7,3.3,4.2,1.5,3.7,5.2,2.2,1,0.3,2.3,2.1,20,8,27,9,9.8,6.4,16.2,0,1,76,193
38,38,2013,2,50,James Ennis,SR,G,Long Beach State,Big West,33,33.1,5.5,11.2,3.8,6.6,1.7,4.7,3.8,4.6,2,4.7,6.7,2.1,1.8,1.3,3,2.3,16.5,203,19,14,1.3,-2.9,-1.6,0,1,79,200
39,39,2012,1,24,Jared Cunningham,JR,G,Oregon State,Pac-12,36,34.6,5.5,12.2,4.1,8.1,1.4,4.1,5.5,7.5,1,2.8,3.8,2.8,2.5,0.4,2.8,2.4,17.9,100,21,15,9.3,-4.8,4.5,0,1,75,170
40,40,2014,2,35,Jarnell Stokes,JR,F,Tennessee,SEC,37,32.4,5.4,10.1,5.4,10.1,0,0,4.3,6.2,4.2,6.4,10.6,2,0.7,0.9,2.1,2,15.1,15,24,13,5.1,9.4,14.5,0,1,80,250
41,41,2016,2,60,Tyrone Wallace,JR,G,California,Pac-12,33,34.9,6.3,14.8,5.5,12.2,0.8,2.7,3.6,6,0.9,6.2,7.1,4,1.3,0.3,2.8,2.8,17.1,30,23,11,5.1,6.7,11.8,0,1,76,180
42,42,2012,1,30,Festus Ezeli,SR,C,Vanderbilt,SEC,26,23.2,3.4,6.3,3.4,6.3,0,0,3.2,5.3,2.4,3.5,5.9,0.3,0.4,2,2.2,3.2,10.1,18,25,11,8.2,4.4,12.6,0,1,83,255
43,43,2012,1,12,Jeremy Lamb,SO,G,Connecticut,Big East,34,37.2,6.4,13.4,4.3,7.1,2.1,6.2,2.9,3.6,0.9,3.9,4.9,1.7,1.2,0.6,2,1.7,17.7,39,20,14,4.3,5.2,9.5,0,1,76,175
44,44,2015,2,41,Pat Connaughton,SR,G,Notre Dame,ACC,38,35.6,4.4,9.4,1.9,3.6,2.4,5.8,1.3,1.7,1.1,6.3,7.4,1.5,0.7,0.9,1.2,2,12.5,11,32,6,13,2.8,15.8,0,1,76,190
45,45,2011,1,10,Jimmer Fredette,SR,G,Brigham Young,MWC,37,35.8,9.4,20.7,6,12.2,3.4,8.5,6.8,7.6,0.6,2.8,3.4,4.3,1.3,0,3.5,1.3,28.9,13,32,5,13.2,0.8,14,0,1,74,185
46,46,2011,1,30,Jimmy Butler,SR,G,Marquette,Big East,37,34.6,5.1,10.3,4.5,8.8,0.5,1.6,5.1,6.5,2.4,3.6,6.1,2.3,1.4,0.4,1.5,1.3,15.7,30,22,15,8.1,3,11.1,0,1,78,215
47,47,2014,2,33,Joe Harris,JR,G,Virginia,ACC,35,32.5,5.5,11.7,3.3,6.5,2.2,5.2,3.2,4.3,0.9,3.2,4,2.2,0.9,0.5,2,2.3,16.3,5,30,7,0.2,16.1,16.4,0,1,77,195
48,48,2014,2,46,Jordan Clarkson,JR,G,Missouri,SEC,35,35.1,6,13.3,5.1,10.1,0.9,3.3,4.6,5.6,0.8,3,3.8,3.4,1.1,0.2,2.7,2.2,17.5,55,23,12,6.1,1.9,8,0,1,76,175
49,49,2011,2,36,Jordan Williams,SO,F,Maryland,ACC,33,32.5,6.5,12,6.5,12,0,0,4,6.9,3.7,8.1,11.8,0.6,0.7,1.4,1.6,2.4,16.9,24,19,14,8.2,3.6,11.9,0,1,82,240
50,50,2017,2,34,Frank Mason III,SR,G,Kansas,Big 12,36,36.1,6.7,13.7,4.4,8.8,2.3,4.8,5.3,6.6,0.6,3.6,4.2,5.2,1.3,0.1,2.4,2,20.9,4,31,5,12.1,6.3,18.4,0,1,72,170
51,51,2015,2,40,Josh Richardson,SR,G,Tennessee,SEC,32,36.3,5.8,12.5,4.3,8.5,1.4,4,3.1,3.9,0.9,3.6,4.5,3.6,2.1,0.5,2.7,2.5,16,99,16,16,-0.3,4.8,4.5,0,1,77,185
52,52,2011,2,32,Justin Harper,SR,F,Richmond,A-10,37,31.8,6.6,12.4,4.5,7.8,2.1,4.6,2.5,3.2,1.7,5.2,6.9,1.2,0.6,1.2,1.5,2.2,17.9,40,29,8,2.8,7.4,10.2,0,1,80,195
53,53,2014,2,32,K.J. McDaniels,JR,F,Clemson,ACC,36,33.7,5.8,12.6,4.6,8.8,1.2,3.8,4.3,5.1,2.4,4.7,7.1,1.6,1.1,2.8,2.3,2.2,17.1,42,23,13,-4,13.2,9.2,0,1,78,190
54,54,2016,2,54,Kay Felder,JR,G,Oakland,Horizon,35,36.7,7.7,17.5,5.5,11.4,2.2,6.1,6.8,8.1,0.7,3.5,4.3,9.3,2,0.2,3.4,3,24.4,73,23,12,11.8,-5.3,6.5,0,1,69,165
55,55,2011,2,48,Keith Benson,SR,C,Oakland,Summit,35,32.4,6.6,12.1,6.3,11.4,0.3,0.7,4.5,7,2.7,7.5,10.1,1.1,0.8,3.6,1.9,3.1,17.9,69,25,10,13.4,-6.1,7.3,0,1,82,205
56,56,2011,1,22,Kenneth Faried,SR,F,Morehead State,OVC,35,34.7,6.7,10.7,6.7,10.7,0,0,4,6.9,5.7,8.8,14.5,1.1,1.9,2.3,2.6,3.1,17.3,86,24,10,-0.1,5.1,5,0,1,78,185
57,57,2012,2,47,Kevin Murphy,SR,G,Tennessee Tech,OVC,33,34.5,7.2,16.3,4.8,10.5,2.4,5.8,3.8,5.2,0.9,4.3,5.2,2.3,0.8,0.2,3.3,2.2,20.6,213,19,14,1.8,-4.5,-2.6,0,1,78,185
58,58,2012,2,44,Kim English,SR,G,Missouri,Big 12,35,33.6,4.9,9.4,2.7,4.5,2.2,4.9,2.5,3.4,0.9,3.4,4.2,1.6,1.3,0.3,1.7,2.4,14.5,8,30,5,14,1.9,15.9,0,1,77,180
59,59,2012,2,59,Marcus Denmon,SR,G,Missouri,Big 12,35,34.6,5.7,12.4,2.9,5.5,2.8,6.9,3.4,3.8,1,4,5,2.1,1.5,0,1.2,1,17.7,8,30,5,14,1.9,15.9,0,1,73,170
60,60,2012,2,49,Kyle O'Quinn,SR,C,Norfolk State,MEAC,36,31.3,5.7,9.9,5.5,9.1,0.2,0.9,4.3,6.2,3.2,7.2,10.3,1.4,0.7,2.7,2.6,3.3,15.9,210,26,10,-1.1,-1.3,-2.5,0,1,81,225
61,61,2017,1,7,Lauri Markkanen,FR,F,Arizona,Pac-12,37,30.8,5,10.2,3.1,5.8,1.9,4.4,3.7,4.4,2.4,4.8,7.2,0.9,0.4,0.5,1.1,2,15.6,22,32,5,8.8,5.9,14.7,0,1,83,220
62,62,2017,2,53,Kadeem Allen,SO,G,Arizona,Pac-12,34,30,3.1,6.9,2.2,4.7,0.9,2.2,2.5,3.4,0.4,3.7,4,3,1.6,0.6,1.9,2.4,9.8,22,32,5,8.8,5.9,14.7,0,1,75,170
63,63,2011,2,50,Lavoy Allen,SR,F,Temple,A-10,33,33.9,4.7,9.7,4.5,9.2,0.2,0.5,2.1,3,2.7,5.9,8.6,2.3,0.7,1.8,1.6,2.3,11.6,33,26,8,4.1,6.6,10.7,0,1,81,225
64,64,2011,1,14,Marcus Morris,JR,F,Kansas,Big 12,38,28.3,6.3,11.1,5.6,9.1,0.7,2,3.9,5.7,2.6,5,7.6,1.6,0.8,0.6,1.8,2.6,17.2,2,35,3,13.3,6.5,19.8,0,1,81,215
65,65,2011,1,13,Markieff Morris,JR,F,Kansas,Big 12,38,24.4,5.1,8.7,4.5,7.2,0.7,1.6,2.7,4,2.7,5.6,8.3,1.4,0.8,1.1,2.1,2.8,13.6,2,35,3,13.3,6.5,19.8,0,1,81,230
66,66,2014,2,44,Markel Brown,SR,G,Oklahoma State,Big 12,34,35.3,5.6,11.8,4,7.6,1.6,4.3,4.4,5.7,1.1,4.2,5.3,2.9,1,1,1.6,2.5,17.2,17,21,13,10.3,3.8,14.1,0,1,76,185
67,67,2015,2,45,Marcus Thornton,SR,G,William & Mary,CAA,33,36.7,6.5,14.3,3.4,6.6,3.1,7.7,3.8,4.6,0.3,2.5,2.8,2.9,0.6,0.1,2.3,1.1,20,97,20,13,5.2,-0.7,4.5,0,1,76,195
68,68,2011,1,25,Marshon Brooks,SR,G,Providence,Big East,32,36.5,8.6,17.8,6.5,11.7,2.1,6.2,5.3,6.8,2.3,4.8,7,2.5,1.5,1.2,3.1,2.5,24.6,102,15,17,8,-3.9,4.1,0,1,77,175
69,69,2013,2,44,Mike Muscala,SR,F,Bucknell,Patriot,34,31.7,6.7,13.1,6.6,12.6,0.1,0.5,5.3,6.7,2.9,8.2,11.1,2.3,0.5,2.4,1.7,2.2,18.7,55,28,6,0.5,7.4,7.9,0,1,79,215
70,70,2012,2,43,Mike Scott,SR,G,Fairleigh Dickinson,NEC,29,37.2,4.3,11.4,2.2,6.1,2.1,5.3,4.2,5.1,1,4.2,5.2,4.4,1.6,0.2,3.6,3.3,14.9,27,22,10,-3.1,14,11,0,1,79,220
71,71,2013,2,38,Nate Wolters,SR,G,South Dakota State,Summit,33,38.1,7.3,15.1,5.4,10,1.9,5.1,5.7,7,1.1,4.5,5.6,5.8,1.7,0.1,2.3,1.5,22.3,88,25,10,4.8,-0.2,4.7,0,1,75,185
72,72,2011,1,28,Norris Cole,SR,G,Cleveland State,Horizon,36,35.7,7,15.9,5.6,11.8,1.4,4.1,6.3,7.4,0.8,5.1,5.8,5.3,2.2,0.1,2.7,2.4,21.7,70,27,9,2.1,4.5,6.6,0,1,71,165
73,73,2015,2,42,Olivier Hanlan,JR,G,Boston College,ACC,32,37.6,7,15.5,5,9.8,2,5.8,3.4,4.5,0.8,3.5,4.2,4.2,1.3,0,2.7,2.1,19.5,95,13,19,2.2,2.4,4.6,0,1,75,185
74,74,2012,2,36,Orlando Johnson,SR,G,UC-Santa Barbara,Big West,31,34.4,6.7,14.8,4.4,9.5,2.3,5.3,4.1,5.9,1.7,4.1,5.8,2.9,1.1,0.7,2.5,1.8,19.7,93,20,11,3.8,0.9,4.7,0,1,77,205
75,75,2016,1,27,Pascal Siakam,SO,F,New Mexico State,WAC,34,34.6,8.1,15,8,14.6,0.1,0.4,4,5.9,3.9,7.7,11.6,1.7,1,2.2,2,2.7,20.3,113,23,11,-2.7,6,3.3,0,1,80,210
76,76,2016,2,38,Patrick McCaw,SO,G,Nevada-Las Vegas,MWC,33,33.7,5.1,10.9,3,5.3,2.1,5.6,2.5,3.2,1.2,4,5.1,3.9,2.5,0.4,2.1,2.2,14.7,95,18,15,5.5,-0.7,4.8,0,1,77,180
77,77,2013,2,42,Pierre Jackson,SR,G,Baylor,Big 12,36,34.8,6,14.1,3.6,7.3,2.4,6.8,5.3,6.7,0.7,3.1,3.8,7.1,1.5,0,3.4,2.2,19.8,28,23,14,9,2.3,11.3,0,1,71,170
78,78,2012,2,37,Quincy Acy,SR,F,Baylor,Big 12,38,29.7,4.2,7.2,4.1,7.1,0.1,0.1,3.6,4.6,2.6,4.8,7.4,1,0.9,1.8,1.9,3.1,12,17,30,8,8.9,3.8,12.7,0,1,80,220
79,79,2015,1,28,R.J. Hunter,JR,G,Georgia State,Sun Belt,35,37,5.8,14.7,3.5,7.2,2.3,7.5,5.8,6.6,0.8,3.9,4.7,3.6,2.1,1,2.2,2.4,19.7,57,25,10,4,3.6,7.7,0,1,77,180
80,80,2014,2,47,Russ Smith,SR,G,Louisville,AAC,37,29.3,6.1,13,4.2,8.1,1.9,4.9,4.1,5.9,0.8,2.5,3.3,4.6,2,0.1,2.8,2.5,18.2,1,31,6,10.7,9.4,20.1,0,1,73,160
81,81,2014,2,55,Semaj Christon,SO,G,Xavier,Big East,34,35.3,5.9,12.4,5.4,10.9,0.6,1.4,4.6,6.9,0.4,2.2,2.7,4.2,1.3,0.2,2.6,2.1,17,39,21,13,5.1,4.5,9.6,0,1,74,180
82,82,2017,2,46,Sterling Brown,SR,G,Southern Methodist,AAC,35,32.7,4.6,10,2.9,6.1,1.7,3.9,2.5,3.1,1.6,4.9,6.5,3,1.4,0.5,2,2.6,13.4,17,30,5,10.3,5.2,15.5,0,1,76,180
83,83,2013,1,18,Shane Larkin,SO,G,Miami (FL),ACC,36,36.4,5.1,10.6,3.2,5.9,1.9,4.7,2.4,3.1,0.5,3.4,3.8,4.6,2,0.1,2.3,1.6,14.5,15,29,7,4.7,9.3,14,0,1,71,160
84,84,2011,2,34,Shelvin Mack,JR,G,Butler,Horizon,38,32.1,5.3,13,3,6.5,2.3,6.5,3.2,4.1,0.7,3.8,4.5,3.4,0.8,0.1,2.4,1.7,16,41,28,10,5,5.2,10.2,0,1,74,175
85,85,2014,2,38,Spencer Dinwiddie,SO,G,Colorado,Pac-12,33,32.5,3.9,9.5,2.5,5.3,1.4,4.2,6,7.3,0.3,2.9,3.2,3,1.3,0.5,2.2,2,15.3,74,23,12,2.5,4.2,6.7,0,1,75,160
86,86,2013,1,20,Tony Snell,JR,G,New Mexico,MWC,35,31.2,4.1,9.7,2.3,5.1,1.8,4.7,2.5,2.9,0.4,2.2,2.6,2.9,0.8,0.5,2.1,1.3,12.5,41,29,6,3.9,6,10,0,1,79,190
87,87,2015,2,51,Tyler Harvey,JR,G,Eastern Washington,Big Sky,32,36.9,7.2,15.3,3.2,6,4,9.3,4.7,5.5,0.6,3,3.6,2.6,1.1,0.1,2,1.9,23.1,120,26,9,9.9,-7,2.9,0,1,76,150
88,88,2014,2,59,Xavier Thames,SR,G,San Diego State,MWC,36,31.3,5.2,12.7,3.5,8.2,1.7,4.5,5.4,6.5,0.6,2.3,2.9,3.2,1.6,0.1,1.4,2,17.6,21,31,5,1.8,11.5,13.3,0,1,75,160
89,89,2017,1,16,Justin Patton,FR,C,Creighton,Big East,35,25.3,5.7,8.5,5.5,8,0.2,0.4,1.3,2.5,1.7,4.5,6.2,1.2,0.9,1.4,1.7,2.7,12.9,27,25,10,8.1,3.9,12,0,1,82,205
90,90,2017,1,23,OG Anunoby,SO,F,Indiana,Big Ten,16,25.1,4.3,7.6,3.4,4.8,0.9,2.8,1.7,3,1.8,3.7,5.4,1.4,1.3,1.3,1.6,2.1,11.1,32,18,16,7.5,3.2,10.6,0,1,79,210
91,91,2017,2,33,Wes Iwundu,SR,F,Kansas State,Big 12,35,31.4,4.3,9,3.4,6.5,0.9,2.4,3.5,4.5,1,5.3,6.3,3.5,1,0.3,2.3,1.8,13,37,21,14,5.1,5.1,10.2,0,1,79,190
92,92,2017,1,27,Kyle Kuzma,JR,F,Utah,Pac-12,29,30.8,6.3,12.4,5.3,9.6,0.9,2.9,2.9,4.4,2.8,6.6,9.3,2.4,0.6,0.5,2.1,1.6,16.4,59,20,12,4.2,3.4,7.7,0,1,81,190
93,93,2017,1,19,John Collins,SO,F,Wake Forest,ACC,33,26.6,7.1,11.4,7.1,11.4,0,0,5,6.7,3.8,6.1,9.8,0.5,0.6,1.6,1.8,3,19.2,30,19,14,10.1,0.7,10.7,0,1,80,221
94,94,2016,1,12,Taurean Prince,SR,F,Baylor,Big 12,34,30.6,5.5,12.7,3.9,8.4,1.6,4.3,3.3,4.3,2.4,3.7,6.1,2.3,1.3,0.7,2.7,2.5,15.9,29,22,12,7.5,4.3,11.8,0,1,79,210
95,95,2016,1,17,Wade Baldwin IV,SO,G,Vanderbilt,SEC,33,30.4,4.1,9.6,2.8,6.5,1.2,3.1,4.7,5.9,0.4,3.6,4,5.2,1.2,0.3,2.8,2.6,14.1,17,19,14,6,7.6,13.6,0,1,74,180
96,96,2016,2,52,Joel Bolomboy,SR,C,Weber State,Big Sky,33,31.5,5.8,10.2,5.2,8.5,0.6,1.7,4.8,6.9,3.3,9.3,12.6,1.1,0.7,1.2,2.4,2.2,17.1,120,26,9,0.1,2.7,2.8,0,1,79,210
97,97,2015,2,37,Richaun Holmes,JR,F,Bowling Green,MAC,31,28.8,5.3,9.5,4.7,8.1,0.6,1.4,3.5,4.9,2.8,5.2,8,0.8,0.7,2.7,1.9,2.5,14.7,129,21,12,-1.1,3.4,2.3,0,1,80,215
98,98,2015,2,55,Cady Lalanne,SR,F,Massachusetts,A-10,32,29,4.3,7.8,4.2,7.3,0.1,0.6,2.8,4.5,3.4,6.1,9.5,0.3,0.6,1.9,2.5,2.7,11.6,96,17,15,4.6,0.1,4.6,0,1,80,210
99,99,2015,2,38,Darrun Hilliard,SR,G,Villanova,Big East,35,28.8,4.9,11,2.6,5.2,2.3,5.8,2.3,2.9,0.5,2.7,3.1,2.1,1.8,0.3,1.2,2.2,14.3,6,33,3,10.8,8.5,19.3,0,1,77,185
100,100,2015,1,27,Larry Nance Jr.,SR,F,Wyoming,MWC,31,34.9,6,11.6,5.5,10.3,0.5,1.4,3.7,4.7,1.4,5.8,7.2,2.5,1.2,1.2,2.3,2.2,16.1,119,25,10,-4.8,7.7,2.9,0,1,79,195
101,101,2014,2,50,Alec Brown,SR,F,Green Bay,Horizon,30,30.3,5.5,11.6,4.1,8.2,1.4,3.3,2.9,4,2.1,3.6,5.7,1,0.5,3.1,2.2,2.2,15.3,79,24,7,1.8,4.2,6,0,1,84,205
102,102,2014,2,56,Devyn Marble,SR,G,Iowa,Big Ten,33,30.2,5.5,13.2,4,8.7,1.6,4.5,4.3,6,0.8,2.4,3.2,3.6,1.8,0.2,1.7,1.9,17,18,20,13,12.4,1.7,14.1,0,1,78,200
103,103,2014,2,34,Cleanthony Early,SO,F,Wichita St. ,MVC,36,27.4,5.2,10.7,3.4,5.8,1.8,4.9,4.2,5,1.3,4.6,5.9,0.8,0.8,0.8,1.9,2.3,16.4,14,35,1,5.4,9.2,14.6,0,1,79,220
104,104,2013,1,26,Andre Roberson,JR,F,Colorado,Pac-12,31,33.4,4.3,8.9,3.6,7,0.6,1.9,1.7,3.2,3,8.2,11.2,1.4,2.2,1.3,2.4,2.5,10.9,68,21,12,2.5,4.6,7.1,0,1,78,190
105,105,2013,2,53,Colton Iverson,SR,F,Colorado St.,MWC,35,29.5,5.2,8.8,5.2,8.8,0,0,3.7,6.3,3.3,6.4,9.8,1.3,0.6,0.7,2,2.6,14.2,49,26,9,6.7,1.8,8.6,0,1,82,260
106,106,2013,1,13,Kelly Olynyk,JR,F,Gonzaga,WCC,32,26.4,6.7,10.7,6.4,9.8,0.3,0.9,4.1,5.3,2.4,4.9,7.3,1.7,0.7,1.1,2.4,2.3,17.8,7,32,3,10.7,5.6,16.4,0,1,82,215
107,107,2013,1,2,Victor Oladipo,JR,G,Indiana,Big Ten,36,28.4,5.1,8.4,4.2,6.6,0.8,1.9,2.7,3.6,2.6,3.7,6.3,2.1,2.2,0.8,2.3,2.5,13.6,3,29,7,13.8,6.4,20.2,0,1,77,190
108,108,2013,1,5,Alex Len,SO,C,Maryland,ACC,38,26.4,4.6,8.5,4.5,8.3,0,0.2,2.8,4,2.9,5,7.8,1,0.2,2.1,1.6,2.7,11.9,52,25,13,4.3,3.9,8.1,0,1,85,225
109,109,2013,2,54,Arsalan Kazemi,SR,F,Oregon,Pac-12,35,29,3.2,5.4,3.2,5.4,0,0,2.9,4.3,2.8,7.2,10,1.4,2,0.7,1.5,1.9,9.4,46,28,9,6.4,2.4,8.8,0,1,80,190
110,110,2013,2,41,Jamaal Franklin,JR,G,San Diego State,MWC,32,33.1,5.2,12.5,3.9,7.9,1.3,4.6,5.3,6.8,1.8,7.8,9.5,3.3,1.6,0.8,3.4,2.6,16.9,34,23,11,4.8,6,10.8,0,1,77,190
111,111,2012,2,33,Bernard James,SO,C,Florida State,ACC,35,28,4.5,7.4,4.5,7.4,0,0,1.8,3.3,3.1,5,8.1,0.5,0.7,2.3,2.1,1.9,10.8,21,25,10,4.5,7.4,11.9,0,1,82,240
112,112,2012,2,60,Robert Sacre,SR,C,Gonzaga,WCC,33,26.3,3.5,6.9,3.5,6.9,0,0.1,4.5,6,2,4.3,6.3,0.7,0.4,1.4,1.8,2.2,11.6,25,26,7,6.8,4.4,11.2,0,1,84,250
113,113,2012,2,45,Justin Hamilton,JR,F,LSU,SEC,33,30,4.8,9.7,4.7,9.3,0.1,0.4,3.2,4.2,3.3,3.9,7.2,0.9,0.8,1.3,1.7,2.5,12.9,98,18,15,0,4.6,4.6,0,1,83,229
114,114,2012,1,19,Andrew Nicholson,SR,F,St. Bonaventure,A-10,32,30.1,6.9,12,6.2,10.4,0.7,1.7,4,5.2,2.6,5.8,8.4,1,0.7,2,2.5,2.8,18.5,57,20,12,3.5,3.9,7.4,0,1,82,235
115,115,2011,2,37,Trey Thompkins,JR,F,Georgia,SEC,30,31.2,6.5,13.4,5.7,11,0.8,2.5,2.7,4,1.9,5.8,7.6,1.4,1.1,1.7,2.5,2.2,16.4,47,21,12,3.5,5.8,9.4,0,1,82,230
116,116,2011,2,47,Travis Leslie,JR,G,Georgia,SEC,33,32.2,5.4,10.9,5,9.6,0.4,1.3,3.3,4.1,3.2,4,7.2,2.9,1.2,0.6,2.2,1.9,14.4,47,21,12,3.5,5.8,9.4,0,1,76,185
117,117,2011,1,16,Nikola Vucevic,JR,C,USC,Pac-12,34,34.9,6.3,12.5,5.5,10.1,0.9,2.4,3.6,4.8,2.9,7.4,10.3,1.6,0.5,1.4,1.7,2.8,17.1,58,19,15,-0.6,8.4,7.9,0,1,82,230
118,118,2011,2,41,Darius Morris,SO,G,Michigan,Big Ten,35,34.8,5.7,11.7,5.3,9.9,0.5,1.8,3.1,4.3,0.9,3.1,4,6.7,1,0,2.9,2.1,15,49,21,14,1.4,7.7,9.1,100,0,76,190
119,119,2016,1,14,Denzel Valentine,JR,G,Michigan State,Big Ten,39,33.2,5.1,11.4,2.4,5.1,2.6,6.3,1.8,2.2,1.2,5.1,6.3,4.3,0.9,0.2,2.4,2.2,14.5,3,29,6,10.5,8.1,18.6,98,0,77,205
120,120,2015,2,43,Joseph Young,SR,G,Oregon,Pac-12,36,36.7,7.4,16.4,4.8,9.4,2.5,7.1,3.4,3.7,0.5,3.9,4.4,3.8,1.1,0,2.4,1.4,20.7,116,26,10,7.1,-3.5,3.6,98,0,74,180
121,121,2015,1,19,Jerian Grant,SR,G,Notre Dame,ACC,38,37.1,5.4,11.2,4.1,7.1,1.3,4.2,4.5,5.7,0.3,2.7,3,6.7,1.7,0.5,2.2,2,16.5,11,32,6,13,2.8,15.8,96,0,76,175
122,122,2017,2,59,Jaron Blossomgame,SR,F,Clemson,ACC,33,34.3,6.7,13.4,5.9,10.5,0.7,2.8,3.6,5.1,1.8,4.5,6.3,1.5,0.8,0.9,1.7,1.6,17.7,39,17,16,6.6,3.5,10,95,0,79,200
123,123,2014,2,48,Lamar Patterson,SR,G,Pittsburgh,ACC,36,32.6,5.6,12.7,3.4,7,2.2,5.7,3.7,4.9,1,3.9,4.9,4.3,1.4,0.3,2.6,2,17.1,10,26,10,7.1,8.3,15.4,94,0,77,200
124,124,2011,1,24,Reggie Jackson,JR,G,Boston College,ACC,34,34.1,6.4,12.8,4.4,7.8,2.1,5,3.2,4,1,3.3,4.3,4.5,1.1,0.5,2.4,1.7,18.2,72,21,13,6.4,-0.1,6.3,94,0,75,165
125,125,2013,1,24,Tim Hardaway Jr.,JR,G,Michigan,Big Ten,38,34.8,5.3,12.1,3.4,7,1.9,5.1,2,2.9,0.2,4.4,4.7,2.4,0.7,0.4,1.9,1.9,14.5,8,31,8,11,5,16.1,93,0,77,185
126,126,2017,1,30,Josh Hart,SR,G,Villanova,Big East,36,33.1,6.6,12.9,4.5,7.8,2.1,5.1,3.5,4.7,1.4,5,6.4,2.9,1.6,0.3,2,2.3,18.7,2,32,4,11.9,8.4,20.3,92,0,76,190
127,127,2011,2,40,Jon Leuer,SR,F,Wisconsin,Big Ten,34,33.5,6.7,14.2,5.1,9.9,1.6,4.3,3.3,3.9,1.7,5.6,7.2,1.6,0.5,0.9,1.6,2.2,18.3,8,25,9,3.7,12.2,16,91,0,72,210
128,128,2015,2,32,Montrezl Harrell,JR,F,Louisville,ACC,35,35.1,6.1,10.7,5.8,9.7,0.3,1.1,3.3,5.5,3.2,6,9.2,1.4,0.9,1.2,2,2.1,15.7,12,27,9,5.1,9.8,14.8,90,0,80,215
129,129,2014,2,60,Cory Jefferson,SR,F,Baylor,Big 12,38,29,4.8,9.7,4.5,8.7,0.4,1,3.6,5.6,2.8,5.4,8.2,1,0.4,1.3,1.3,2.2,13.7,31,26,12,5.8,5.2,11,89,0,81,190
130,130,2017,1,15,Justin Jackson,JR,F,North Carolina,ACC,40,32,6.6,14.9,4,7.8,2.6,7.1,2.5,3.3,1.5,3.2,4.7,2.8,0.8,0.2,1.7,1.4,18.3,3,33,7,11.3,8.2,19.4,86,0,80,210
131,131,2012,2,41,Tyshawn Taylor,SR,G,Kansas,Big 12,39,33.4,5.8,12.2,4.3,8.3,1.5,3.9,3.5,5.1,0.2,2.1,2.3,4.8,1.3,0.2,3.5,2,16.6,7,32,7,8.2,7.8,16.1,86,0,74,185
132,132,2013,1,9,Trey Burke,SO,G,Michigan,Big Ten,39,35.3,6.6,14.4,4.7,9.3,1.9,5.1,3.4,4.3,0.5,2.6,3.2,6.7,1.6,0.5,2.2,1.9,18.6,8,31,8,11,5,16.1,84,0,73,170
133,133,2017,2,51,Monte Morris,SR,G,Iowa State,Big 12,35,35.3,6.2,13.3,4.6,9.2,1.5,4.1,2.5,3.2,1.1,3.7,4.8,6.2,1.5,0.3,1.2,1.5,16.4,21,24,11,9.6,5.1,14.7,84,0,73,165
134,134,2016,2,46,A. J. Hammons,SR,C,Purdue,Big Ten,33,24.6,6,10.2,5.8,9.8,0.2,0.3,2.7,3.8,2.3,5.8,8.2,1.1,0.3,2.5,2,2.4,15,9,26,9,7.7,8.2,15.9,82,0,84,275
135,135,2012,2,39,Khris Middleton,JR,F,Texas A&M,SEC,20,28.8,5.1,12.3,4.1,8.5,1,3.9,2,2.6,1.3,3.7,5,2.3,1,0.3,2.2,1.9,13.2,126,14,18,-4.3,7,2.7,82,0,79,195
136,136,2015,2,34,Anthony Brown,SR,G,Stanford,Pac-12,37,35.7,4.8,11,2.6,6.2,2.1,4.8,3.1,3.9,1.1,5.8,6.9,2.5,0.8,0.2,1.9,2.1,14.8,75,24,13,6,0,6,81,0,78,180
137,137,2016,1,30,Damian Jones,JR,C,Vanderbilt,SEC,33,26.2,5.6,9.5,5.6,9.4,0,0.1,2.7,5.1,2.2,4.6,6.9,1.2,0.2,1.6,2,3.3,13.9,17,19,14,6,7.6,13.6,81,0,81,220
138,138,2017,2,38,Jordan Bell,JR,F,Oregon,Pac-12,39,28.8,4.4,6.9,4.3,6.5,0.1,0.4,2.1,3,2.9,5.9,8.8,1.8,1.3,2.3,1.9,1.7,10.9,10,33,6,10.7,6.8,17.4,78,0,79,190
139,139,2017,2,52,Edmond Sumner,JR,G,Xavier,Big East,22,31.7,4.6,9.6,4,7.6,0.5,2,4.5,6.2,0.5,3.6,4.1,4.8,1.2,0.7,2.6,2.3,14.3,33,24,14,6.8,3.6,10.4,78,0,75,160
140,140,2014,1,8,Nik Stauskas,SO,G,Michigan,Big Ten,36,35.6,5.1,10.9,2.6,5.2,2.6,5.8,4.7,5.7,0.4,2.5,2.9,3.3,0.6,0.3,1.9,1.3,17.5,9,28,9,8.7,7,15.7,76,0,78,205
141,141,2017,1,24,Tyler Lydon,SO,F,Syracuse,ACC,34,36.1,4.4,9.4,3,5.7,1.4,3.6,2.9,3.4,2.3,6.3,8.6,2.1,1,1.4,1.7,2.5,13.2,35,19,15,7.6,2.8,10.4,76,0,80,181
142,142,2016,2,37,Chinanu Onuaku,SO,C,Louisville,ACC,31,24.6,4.4,7.1,4.4,7.1,0,0,1.1,1.8,2.9,5.5,8.5,1.6,0.8,2,2.1,3,9.9,6,23,8,4.5,12.6,17.1,75,0,82,220
143,143,2015,1,16,Terry Rozier,SO,G,Louisville,ACC,36,35,5.9,14.5,4.6,10.1,1.3,4.4,3.9,4.9,1.2,4.4,5.6,3,2,0.2,2.2,1.7,17.1,12,27,9,5.1,9.8,14.8,74,0,73,165
144,144,2016,2,36,Malcolm Brogdon,SR,G,Virginia,ACC,37,34.1,6.2,13.6,4.2,8.4,2,5.2,3.8,4.2,0.5,3.5,4.1,3.1,0.9,0.2,1.4,2.1,18.2,4,29,8,3.4,15.2,18.6,73,0,77,205
145,145,2011,1,2,Derrick Williams,SO,F,Arizona,Pac-10,38,30,5.9,10,4.8,8.1,1.1,1.9,6.5,8.7,2.8,5.5,8.3,1.1,1,0.7,2.6,2.8,19.5,19,30,8,9.7,3,12.7,72,0,80,215
146,146,2012,2,58,Robbie Hummel,SR,F,Purdue,Big Ten,35,32.2,5.5,13.3,3.5,7.9,2.1,5.4,3.2,3.9,1.6,5.6,7.2,1.9,0.7,1.2,0.9,2.1,16.4,22,22,13,7.5,4.1,11.6,72,0,80,200
147,147,2015,2,58,J.P. Tokoto,JR,F,North Carolina,ACC,38,29.1,3.1,7.1,2.7,6.3,0.3,0.8,1.9,3.1,1.6,4,5.6,4.3,1.5,0.3,2.2,2.4,8.3,7,26,12,14.9,2.9,17.8,70,0,78,195
148,148,2012,2,31,Jeffery Taylor,SR,F,Vanderbilt,SEC,36,32.1,5.8,11.8,4,7.5,1.8,4.3,2.6,4.4,2.1,3.4,5.6,1.7,1.3,0.4,2.2,1.9,16.1,18,25,11,8.2,4.4,12.6,69,0,79,190
149,149,2016,2,47,Jake Layman,SR,F,Maryland,Big Ten,36,30.9,3.9,7.8,2.3,3.8,1.6,4,2.2,2.6,1.1,4.2,5.3,1.1,1.1,1,1.7,1.9,11.6,20,27,9,6.3,7,13.3,67,0,80,190
150,150,2016,1,8,Marquese Chriss,FR,F,Washington,Pac-12,34,24.9,5.3,9.9,4.6,8.2,0.6,1.8,2.6,3.8,2.5,2.9,5.4,0.8,0.9,1.6,2,4.1,13.7,92,19,15,10.1,-5.2,4.9,60,0,80,200
151,151,2017,2,47,Ike Anigbogu,FR,C,UCLA,Pac-12,29,13,2,3.5,2,3.5,0,0,0.8,1.5,1.4,2.6,4,0.2,0.2,1.2,0.8,2.5,4.7,12,31,5,14.4,2.4,16.8,60,0,81,220
152,152,2013,2,31,Allen Crabbe,JR,G,California,Pac-12,33,36.2,6.5,14.2,4.6,8.6,1.9,5.6,3.4,4.2,1,5.1,6.1,2.6,1.1,0.7,2.5,2.1,18.4,39,21,12,5.5,4.9,10.4,57,0,78,190
153,153,2011,2,53,DeAndre Liggins,JR,G,Kentucky,SEC,38,31.6,2.9,6.9,2,4.5,0.9,2.4,1.8,2.8,0.6,3.4,4,2.5,1.2,0.7,1.4,2.5,8.6,5,29,9,8.7,7.8,16.5,57,0,78,200
154,154,2016,2,50,Georges Niang,SR,F,Iowa State,Big 12,35,33.2,8.1,14.8,6.5,10.7,1.6,4.1,2.7,3.4,1.3,4.9,6.2,3.3,0.9,0.6,2.6,3.2,20.5,25,23,12,12.3,0.5,12.8,56,0,79,230
155,155,2011,1,15,Kawhi Leonard,SO,F,San Diego State,MWC,36,32.6,5.9,13.2,5.2,10.8,0.7,2.4,3.1,4,3.1,7.5,10.6,2.5,1.4,0.6,2.1,2.5,15.5,9,34,3,6.6,9,15.6,56,0,79,210
156,156,2013,1,23,Solomon Hill,SR,F,Arizona,Pac-12,35,33,4.5,9.9,2.9,5.7,1.6,4.2,2.7,3.5,1.7,3.6,5.3,2.7,1.1,0.6,2.2,2.2,13.4,12,27,8,9.2,5.3,14.5,54,0,78,210
157,157,2011,1,11,Klay Thompson,JR,G,Washington State,Pac-10,34,34.7,7.1,16.2,4.2,9,2.9,7.2,4.6,5.4,0.7,4.5,5.2,3.7,1.6,0.9,3.4,2.9,21.6,52,22,13,5.6,3,8.7,53,0,79,180
158,158,2015,2,46,Norman Powell,SR,G,UCLA,Pac-12,36,34.6,5.9,13,4.9,9.7,1.1,3.3,3.5,4.7,0.6,4.1,4.7,2.1,1.8,0.4,2.2,2.5,16.4,91,22,14,5.8,-1,4.8,52,0,74,175
159,159,2011,2,35,Tyler Honeycutt,SO,F,UCLA,Pac-10,33,35,4.4,10.8,2.7,6.2,1.7,4.6,2.4,3.2,1.5,5.7,7.2,2.8,0.9,2,3,1.6,12.8,74,23,11,3.3,2.7,6,51,0,80,180
160,160,2013,2,51,Romero Osby,SR,F,Oklahoma,Big 12,32,28.5,5.4,10.3,5.2,9.8,0.3,0.5,4.8,6.1,2.1,5,7,1.3,0.6,0.8,1.3,2.4,16,43,20,12,6.4,3.3,9.7,51,0,79,200
161,161,2014,1,13,Zach LaVine,FR,G,UCLA,Pac-12,37,24.4,3.4,7.8,2.1,4.3,1.3,3.5,1.3,1.8,0.5,2.1,2.5,1.8,0.9,0.2,1.1,2,9.4,20,28,9,12,1.8,13.8,50,0,75,165
162,162,2012,2,51,Kris Joseph,SR,F,Syracuse,Big East,37,32.2,4.4,10.5,3.1,6.5,1.4,4,3.2,4.2,1.5,3.2,4.7,1.5,1.4,0.6,1.5,1.7,13.4,3,34,3,9.9,8.4,18.3,50,0,79,210
163,163,2013,1,7,Ben McLemore,FR,G,Kansas,Big 12,37,32.2,5.4,10.8,3.4,6.1,2,4.7,3.2,3.7,1.3,3.9,5.2,2,1,0.7,2.1,1.9,15.9,5,31,6,9.8,6.9,16.8,49,0,77,185
164,164,2016,1,29,Dejounte Murray,FR,G,Washington,Pac-12,34,33.5,5.9,14.3,4.9,10.8,1,3.5,3.2,4.9,1.4,4.6,6,4.4,1.8,0.3,3.2,2.6,16.1,92,19,15,10.1,-5.2,4.9,49,0,77,175
165,165,2015,1,21,Justin Anderson,JR,F,Virginia,ACC,26,27.8,4,8.5,2.2,4.5,1.8,4,2.5,3.2,0.7,3.4,4,1.7,0.7,0.5,1.2,1.2,12.2,4,30,4,1.9,17.7,19.6,49,0,77,210
166,166,2012,1,26,Miles Plumlee,SR,C,Duke,ACC,34,20.5,2.6,4.3,2.6,4.3,0,0,1.4,2.2,2.9,4.2,7.1,0.5,0.5,0.9,1.2,2.3,6.6,11,27,7,12.2,2.6,14.8,47,0,82,210
167,167,2012,1,11,Meyers Leonard,SO,C,Illinois,Big Ten,32,31.8,5.3,9.1,5.3,8.8,0,0.3,2.9,4,2.3,5.9,8.2,1.3,0.5,1.9,2.1,2.9,13.6,76,17,15,0.9,5.2,6.1,47,0,84,215
168,168,2014,2,36,Johnny O'Bryant III,JR,F,LSE,SEC,34,30,5.9,12,5.9,11.9,0,0.1,3.5,5.5,3,4.7,7.7,1.6,0.5,0.9,3.2,3.2,15.4,118,23,12,6.4,-3.3,3.1,46,0,82,245
169,169,2011,2,38,Chandler Parsons,SR,F,Florida,SEC,36,34.1,4.3,9,3.1,5.7,1.2,3.3,1.5,2.7,2.1,5.7,7.8,3.8,0.9,0.4,2.3,1.9,11.3,11,29,8,8.6,6.5,15.1,44,0,80,190
170,170,2013,2,39,Jeff Withey,SR,C,Kansas,Big 12,37,30.9,5,8.6,5,8.6,0,0,3.7,5.2,2.1,6.4,8.5,0.9,0.8,3.9,2,2.1,13.7,5,31,6,9.8,6.9,16.8,43,0,81,215
171,171,2017,1,13,Donovan Mitchell,SO,G,Louisville,ACC,34,32.3,5.3,13.1,3,6.4,2.4,6.6,2.6,3.2,1.1,3.8,4.9,2.7,2.1,0.5,1.6,2.6,15.6,6,25,9,7.9,9.9,17.8,43,0,74,185
172,172,2013,1,3,Otto Porter,SO,F,Georgetown,Big East,31,35.4,5.4,11.3,4,8,1.4,3.3,3.9,5.1,1.8,5.7,7.5,2.7,1.8,0.9,1.5,2,16.2,14,25,7,2.4,11.7,14.1,42,0,81,200
173,173,2014,1,22,Jordan Adams,SO,G,UCLA,Pac-12,36,30.1,5.8,11.9,4.3,7.9,1.4,4.1,4.4,5.3,1.9,3.5,5.3,2.3,2.6,0.1,1.5,2.2,17.4,20,28,9,12,1.8,13.8,41,0,77,220
174,174,2017,2,48,Sindarius Thornwell,JR,G,South Carolina,SEC,34,33.1,4.2,11.1,2.9,7,1.4,4.1,3.6,4.7,1.1,3.7,4.8,3.8,1.5,0.5,2.3,1.9,13.4,28,26,11,2,9.4,11.4,41,0,77,180
175,175,2015,1,6,Willie Cauley-Stein,JR,C,Kentucky,SEC,39,25.9,3.5,6.1,3.5,6.1,0,0,2,3.3,2.3,4.2,6.4,1,1.2,1.7,1.2,2,8.9,1,38,1,10.3,13.6,23.9,40,0,82,215
176,176,2014,2,45,Dwight Powell,SR,F,Stanford,Pac-12,36,32.4,4.9,10.5,4.6,9.4,0.3,1.1,4,5.9,1.9,4.9,6.9,3.1,1.3,0.8,2.9,3.1,14,61,23,13,4.5,3,7.4,40,0,82,212
177,177,2011,2,51,Jon Diebler,SR,G,Ohio State,Big Ten,37,35.7,3.9,7.7,0.8,1.6,3.1,6.1,1.7,2.1,0.4,2.3,2.6,2.4,1,0.1,0.9,1,12.6,1,34,3,11.4,10.4,21.8,40,0,78,200
178,178,2017,2,37,Semi Ojeleye,JR,F,Southern Methodist,AAC,35,34.1,6,12.3,3.9,7.4,2.1,4.9,4.9,6.3,2.3,4.6,6.9,1.5,0.4,0.4,1.4,1.8,19,17,30,5,10.3,5.2,15.5,40,0,78,220
179,179,2012,1,5,Thomas Robinson,JR,F,Kansas,Big 12,39,31.8,6.7,13.3,6.5,12.9,0.2,0.4,4.2,6.1,2.9,9,11.9,1.8,1.1,0.9,2.7,2.7,17.7,7,32,7,8.2,7.8,16.1,40,0,80,210
180,180,2012,1,15,Maurice Harkless,FR,G,St. John's (NY),Big East,32,36.1,6,13.3,5.5,10.9,0.5,2.5,2.9,4.3,2.8,5.9,8.6,1.5,1.6,1.4,2.5,2.3,15.5,167,13,19,0.5,0,0.6,39,0,78,200
181,181,2017,2,41,Tyler Dorsey,SO,G,Oregon,Pac-12,39,30,4.8,10.4,2.6,5.1,2.3,5.3,2.7,3.6,0.8,2.6,3.5,1.7,0.8,0.1,1.5,1.5,14.6,10,33,6,10.7,6.8,17.4,38,0,76,180
182,182,2015,2,33,Jordan Mickey,SO,F,Louisiana,SEC,31,34.9,6.2,12.2,6.1,11.9,0,0.3,3.1,4.7,3.2,6.7,9.9,1.3,0.9,3.6,3.3,2.6,15.4,55,22,11,7,0.8,7.8,38,0,80,220
183,183,2014,2,58,Jordan McRae,SR,G,Tennessee,SEC,37,32.2,6,13.8,3.9,7.8,2.1,6.1,4.5,5.7,0.7,2.8,3.5,2.5,0.7,1,2.1,2.1,18.7,15,24,13,5.1,9.4,14.5,38,0,77,175
184,184,2013,2,49,Erik Murphy,SR,F,Florida,SEC,36,26.4,4.6,8.8,2.6,4.4,2,4.4,1.1,1.4,1.6,3.9,5.5,1.4,0.6,0.7,1.4,2.8,12.2,1,29,8,7.5,13.7,21.2,38,0,82,225
185,185,2011,1,17,Iman Shumpert,JR,G,Georgia Tech,ACC,31,32,5.7,14.1,4.4,9.2,1.4,4.9,4.5,5.6,1.7,4.2,5.9,3.5,2.7,0.2,2.3,2.8,17.3,80,13,18,1.9,3.6,5.5,38,0,76,185
186,186,2017,1,10,Zach Collins,FR,C,Gonzaga,WCC,39,17.3,3.5,5.3,3.2,4.8,0.3,0.5,2.8,3.8,1.7,4.2,5.9,0.4,0.5,1.8,1.5,2.7,10,1,37,2,10.8,9.5,20.4,37,0,83,220
187,187,2014,2,39,Jerami Grant,SO,F,Syracuse,ACC,32,31.4,4.2,8.4,4.2,8.2,0,0.2,3.8,5.6,2.4,4.3,6.8,1.4,0.8,0.6,1.2,2.3,12.1,16,28,6,1.7,12.6,14.3,37,0,79,200
188,188,2012,2,35,Draymond Green,SR,F,Michigan State,Big Ten,37,33.2,5.7,12.8,4.3,9.1,1.4,3.6,3.4,4.7,2.1,8.5,10.6,3.8,1.5,0.9,3,2.8,16.2,4,29,8,7.7,9.9,17.6,36,0,78,225
189,189,2012,1,16,Royce White,SO,F,Iowa State,Big 12,34,31.5,5.1,9.6,5,9.3,0.1,0.4,3,6,2.5,6.8,9.3,5,1.2,0.9,3.8,2.6,13.4,37,23,11,7.2,2.6,9.7,35,0,79,220
190,190,2016,1,25,Brice Johnson,SR,F,North Carolina,ACC,40,28,7.2,11.6,7.2,11.6,0,0,3.9,4.9,2.9,7.5,10.4,1.5,1.1,1.5,1.8,2.7,18.2,2,33,6,13.8,4.8,18.7,34,0,81,210
191,191,2012,2,46,Darius Miller,JR,G,Kentucky,SEC,38,31,3.9,8.2,2.4,4.8,1.5,3.4,1.5,1.8,1.3,3.2,4.6,1.7,0.8,1.1,1.5,2.6,10.9,2,38,2,11.9,8.2,20.1,33,0,79,225
192,192,2011,2,43,Malcolm Lee,JR,G,UCLA,Pac-10,33,33.1,4.3,9.8,3.1,5.8,1.2,4,3.4,4.4,0.7,2.4,3.1,2,0.7,0.2,1.7,2.4,13.1,74,23,11,3.3,2.7,6,33,0,76,170
193,193,2017,2,39,Jawun Evans,SO,G,Oklahoma State,Big 12,32,29.3,6.6,15.1,5.5,12.1,1.1,3,4.8,6,0.8,2.7,3.4,6.4,1.8,0.1,2.8,2.3,19.2,26,20,13,11.1,1.3,12.4,33,0,72,180
194,194,2014,1,23,Rodney Hood,SO,F,Duke,ACC,35,32.9,5.5,11.8,3.4,6.9,2,4.8,3.1,3.9,0.8,3.1,3.9,2.1,0.7,0.3,1.5,2.6,16.1,3,26,9,13.6,5.2,18.8,31,0,79,190
195,195,2016,2,56,Daniel Hamilton,SO,G,Connecticut,AAC,36,31.9,4.4,11.4,3.1,7.5,1.3,3.9,2.4,2.8,0.9,8,8.9,4.7,1.1,0.4,2.4,1.8,12.5,18,25,11,4.4,9.1,13.5,30,0,78,175
196,196,2012,1,8,Terrence Ross,SO,G,Washington,Pac-12,35,31.1,6.1,13.4,4.1,7.9,2.1,5.5,2.1,2.7,1.4,5.1,6.4,1.4,1.3,0.9,2,2.8,16.4,80,24,11,7.3,-1.6,5.7,30,0,78,180
197,197,2012,2,42,Doron Lamb,SO,G,Kentucky,SEC,40,31.2,4.4,9.2,2.5,5.2,1.9,4.1,3.1,3.7,0.4,2.3,2.7,1.5,0.5,0.1,1.1,1.8,13.7,2,38,2,11.9,8.2,20.1,29,0,76,183
198,198,2013,2,52,Lorenzo Brown,JR,G,NC State,ACC,33,34.2,4.2,10.1,3.6,7.8,0.6,2.3,3.3,4.2,0.7,3.7,4.3,7.2,2,0.6,3.5,2,12.4,29,24,11,11.6,-0.4,11.3,29,0,76,180
199,199,2016,2,49,Michael Gbinije,SR,F,Syracuse,ACC,37,37.9,6.1,13.2,3.6,6.9,2.5,6.3,2.9,4.3,1.1,3,4.1,4.3,1.9,0.4,2.8,2.6,17.5,32,23,14,1.5,9.5,11,29,0,78,194
200,200,2014,1,14,T.J. Warren,SO,F,NC State,ACC,35,35.4,9.8,18.6,8.9,15.3,0.9,3.3,4.5,6.5,3.2,3.9,7.1,1.1,1.8,0.6,2.4,2.8,24.9,77,22,14,4.7,1.5,6.2,29,0,79,205
201,201,2016,1,19,Malik Beasley,FR,G,Florida State,ACC,34,29.8,5.4,11.6,3.8,7.4,1.6,4.2,3.1,3.8,1.3,4,5.3,1.5,0.9,0.2,1.7,2.2,15.6,47,20,14,7.9,1.5,9.4,28,0,76,185
202,202,2011,1,27,JaJuan Johnson,SR,F,Purdue,Big Ten,34,35.4,7.6,15.3,7.1,13.8,0.4,1.5,5,6.1,2.4,6.1,8.6,1,0.9,2.3,1.6,1.6,20.5,6,26,8,7.1,9.1,16.2,27,0,77,185
203,203,2014,1,21,Mitch McGary,SO,F,Michigan,Big Ten,8,24.8,3.8,6.9,3.8,6.6,0,0.3,2,3,2.9,5.4,8.3,1.5,1.9,0.8,1.6,3.1,9.5,9,28,9,8.7,7,15.7,27,0,82,225
204,204,2011,2,52,Vernon Macklin,SR,F,Florida,SEC,37,24.5,5.2,8.7,5.2,8.7,0,0,1.2,2.8,2.2,3.2,5.4,0.8,0.4,0.7,1.7,2.5,11.6,11,29,8,8.6,6.5,15.1,26,0,82,245
205,205,2014,1,15,Adreian Payne,SR,C,Michigan State,Big Ten,21,28.1,5.7,11.4,4.3,8.1,1.4,3.4,3.5,4.5,1.5,5.7,7.3,1.3,0.5,0.9,2,2.6,16.4,11,29,9,8.5,6.9,15.4,26,0,81,215
206,206,2013,2,56,Peyton Siva,SR,G,Louisville,Big East,40,31.2,3.5,8.6,2.5,5.3,1,3.3,2.1,2.5,0.3,2.1,2.4,5.7,2.3,0.2,2.7,2.6,10,2,35,5,10.7,10.3,21,25,0,71,180
207,207,2016,2,34,Tyler Ulis,SO,G,Kentucky,SEC,35,36.8,5.5,12.6,3.9,8.1,1.6,4.6,4.8,5.6,0.5,2.5,3,7,1.5,0.1,2,1.8,17.3,8,27,9,9.8,6.4,16.2,25,0,69,150
208,208,2015,2,53,Sir'Dominic Pointer,SR,G,St. John's (NY),Big East,33,34.6,5.3,10.1,5.2,9.4,0.1,0.8,3,4.2,1.9,5.7,7.7,3,1.9,2.4,2,3,13.7,42,21,12,6.3,2.9,9.2,25,0,78,195
209,209,2011,1,18,Chris Singleton,JR,F,Florida State,ACC,28,29.1,4.4,10.2,3.2,6.8,1.3,3.4,3,4.5,2.1,4.8,6.8,1.2,2,1.5,2.2,3.2,13.1,35,23,11,2.3,8.3,10.5,25,0,80,210
210,210,2016,2,45,Demetrius Jackson,JR,G,Notre Dame,ACC,35,36,5.5,12.2,4,7.6,1.5,4.7,3.2,4,0.9,2.6,3.5,4.7,1.2,0.3,2.2,1.9,15.8,31,24,12,6.6,4.4,11,24,0,73,170
211,211,2013,1,8,Kentavious Caldwell-Pope,SO,G,Georgia,SEC,32,33.9,5.8,13.4,3.2,6.4,2.6,7,4.2,5.3,1.2,5.9,7.1,1.8,2,0.5,2,2.2,18.5,107,15,17,-3.4,6.6,3.2,24,0,76,190
212,212,2017,1,12,Luke Kennard,SO,G,Duke,ACC,37,35.5,6.4,13.1,4,7.7,2.4,5.4,4.3,5.1,1.2,3.9,5.1,2.5,0.8,0.4,1.6,2.2,19.5,7,28,9,11.8,5.9,17.7,24,0,77,180
213,213,2013,2,37,Tony Mitchell,SO,F,Alabama,SEC,37,31.5,6.2,11.8,5.3,9.2,0.8,2.6,2.1,3.2,2.6,4.4,7.1,1.3,1.6,1.1,1.7,2.4,15.2,252,20,12,-2.3,-2.8,-5,24,0,80,215
214,214,2015,1,29,Chris McCullough,FR,F,Syracuse,ACC,16,28.1,3.4,7.1,3.3,7,0.1,0.1,2.5,4.4,2.3,4.6,6.9,1.1,1.7,2.1,2.2,2.6,9.3,25,18,13,4.3,6.4,10.7,24,0,82,220
215,215,2016,1,5,Kris Dunn,JR,G,Providence,Big East,33,33,5.6,12.5,4.3,9,1.3,3.4,4,5.8,1.1,4.2,5.3,6.2,2.5,0.6,3.5,2.8,16.4,62,24,11,3.8,3.6,7.4,23,0,75,180
216,216,2016,1,22,Malachi Richardson,FR,G,Syracuse,ACC,37,34.4,4.1,11.1,2,5.1,2.1,6.1,3.1,4.2,0.5,3.8,4.3,2.1,1.1,0.3,2.1,2.5,13.4,32,23,14,1.5,9.5,11,23,0,78,190
217,217,2017,2,56,Jabari Bird,SR,G,California,Pac-12,27,32,5.2,11.8,2.8,5.2,2.4,6.6,1.6,2,1,3.7,4.7,1,0.7,0.2,1.9,1.9,14.3,56,21,13,0.4,7.7,8.1,23,0,78,190
218,218,2015,2,56,Branden Dawson,SR,F,Michigan State,Big Ten,35,30.1,5.2,9.7,5.2,9.7,0,0,1.5,3,2.9,6.2,9.1,1.7,1.2,1.7,1.9,2.1,11.9,16,27,12,7.6,6.2,13.7,23,0,78,220
219,219,2014,2,42,Nick Johnson,JR,G,Arizona,Pac-12,38,33.1,5.4,12.5,3.8,8,1.6,4.4,3.8,4.9,0.8,3.2,4.1,2.8,1.1,0.7,1.7,2,16.3,4,33,5,5.9,11.8,17.7,22,0,75,185
220,220,2016,2,55,Marcus Paige,SR,G,North Carolina,ACC,34,31.6,4.3,10.9,2,4.4,2.3,6.5,2.4,3,0.4,2.1,2.5,3.7,1.1,0.4,1.2,1.5,13.4,2,33,6,13.8,4.8,18.7,22,0,73,160
221,221,2016,2,31,Deyonta Davis,FR,C,Michigan State,Big Ten,35,18.6,3.4,5.7,3.4,5.7,0,0,0.7,1.1,2.1,3.4,5.5,0.7,0.3,1.8,0.9,2.3,7.5,3,29,6,10.5,8.1,18.6,22,0,81,210
222,222,2012,1,13,Kendall Marshall,SO,G,North Carolina,ACC,36,33,2.9,6.3,2.1,4.1,0.8,2.2,1.5,2.2,0.2,2.4,2.6,9.8,1.2,0.2,2.8,1.6,8.1,5,32,6,13.7,3.4,17.1,22,0,76,180
223,223,2011,1,21,Nolan Smith,SR,G,Duke,ACC,37,34,7,15.4,5.5,10.9,1.5,4.4,5.1,6.2,1.2,3.3,4.5,5.1,1.2,0.1,3.2,1.9,20.6,3,32,5,13.7,5.3,19,22,0,75,175
224,224,2012,1,23,John Jenkins,JR,G,Vanderbilt,SEC,35,33.6,6.2,13.1,2.4,4.4,3.8,8.7,3.7,4.4,0.5,2.4,2.9,1.2,0.8,0.3,1.6,1.2,19.9,18,25,11,8.2,4.4,12.6,21,0,76,175
225,225,2013,1,11,Michael Carter-Williams,SO,G,Syracuse,Big East,40,35.2,3.9,9.9,3,6.9,0.9,3,3.2,4.7,1.3,3.7,5,7.3,2.7,0.5,3.5,2.3,11.9,11,30,10,7,8,15,21,0,77,175
226,226,2015,1,23,Rondae Hollis-Jefferson,SO,F,Arizona,Pac-12,38,28.7,3.6,7.2,3.5,6.5,0.2,0.8,3.8,5.4,2,4.8,6.8,1.6,1.2,0.8,1.6,2.5,11.2,5,34,4,10.7,8.9,19.6,21,0,79,215
227,227,2013,2,57,Alex Oriakhi,SO,F,Connecticut,Big East,41,29.1,3.7,7.4,3.7,7.4,0,0,2.1,3.4,3.7,5,8.7,0.4,0.4,1.6,1.1,2.5,9.6,19,23,11,10.2,2.2,12.4,20,0,80,230
228,228,2011,2,55,Etwaun Moore,SR,G,Purdue,Big Ten,34,33.9,6.5,14.5,4.4,9.4,2.1,5.1,2.9,4.1,1.5,3.6,5.1,3.2,1.2,0.5,1.8,2.1,18,6,26,8,7.1,9.1,16.2,20,0,75,185
229,229,2014,1,18,Tyler Ennis,FR,G,Syracuse,ACC,34,35.7,4.4,10.6,3.5,8.1,0.9,2.5,3.4,4.4,0.8,2.6,3.4,5.5,2.1,0.2,1.7,2,12.9,16,28,6,1.7,12.6,14.3,20,0,74,180
230,230,2017,2,42,Thomas Bryant,SO,F,Indiana,Big Ten,34,28.1,4.4,8.4,3.7,6.6,0.7,1.8,3.2,4.4,2.2,4.4,6.6,1.5,0.8,1.5,2.3,3.1,12.6,32,18,16,7.5,3.2,10.6,20,0,82,220
231,231,2015,2,36,Rakeem Christmas,SR,C,Syracuse,ACC,31,34.3,6.5,11.9,6.5,11.8,0,0,4.4,6.2,3.1,6,9.1,1.5,0.9,2.5,2.5,3.4,17.5,25,18,13,4.3,6.4,10.7,20,0,81,222
232,232,2017,2,55,Nigel Williams-Goss,JR,G,Gonzaga,WCC,38,32.8,5.8,11.9,4.7,8.8,1.1,3.1,4.1,4.8,0.6,5.4,6,4.7,1.7,0.1,2.1,1.6,16.8,1,37,2,10.8,9.5,20.4,19,0,75,180
233,233,2015,1,17,Rashad Vaughn,FR,G,UNLV,MWC,23,32.3,6.3,14.3,3.9,8.1,2.3,6.1,3,4.3,0.6,4.2,4.8,1.6,0.8,0.3,2.2,2.3,17.8,93,18,15,4.2,0.5,4.8,19,0,78,200
234,234,2015,1,13,Devin Booker,FR,G,Kentucky,SEC,38,21.5,3.6,7.6,2,3.8,1.5,3.7,1.4,1.7,0.4,1.6,2,1.1,0.4,0.1,1,1.5,10,1,38,1,10.3,13.6,23.9,18,0,77,185
235,235,2014,2,40,Glenn Robinson III,SO,F,Michigan,Big Ten,37,32.3,4.9,10.1,4,7.2,0.9,2.9,2.4,3.1,1.5,3,4.4,1.2,0.9,0.3,1.2,1.5,13.1,9,28,9,8.7,7,15.7,18,0,78,200
236,236,2013,1,25,Reggie Bullock,JR,G,North Carolina,ACC,35,31.4,4.9,10.2,2.4,4.4,2.5,5.8,1.6,2.1,2,4.4,6.5,2.9,1.3,0.3,1.2,1.4,13.9,31,25,11,10,1.1,11.1,18,0,78,190
237,237,2015,1,18,Sam Dekker,JR,F,Wisconsin,Big Ten,40,31,5.3,10.2,4.1,6.4,1.3,3.8,2,2.8,1.9,3.6,5.5,1.2,0.5,0.5,0.9,1.1,13.9,3,36,3,10.4,11.3,21.7,17,0,79,195
238,238,2017,1,28,Tony Bradley,FR,C,North Carolina,ACC,38,14.6,2.7,4.7,2.7,4.7,0,0,1.7,2.8,2.6,2.6,5.1,0.6,0.3,0.6,0.7,1.8,7.1,3,33,7,11.3,8.2,19.4,17,0,82,235
239,239,2013,2,48,Ryan Kelly,SR,F,Duke,ACC,23,28.9,4.2,9.2,2.7,5.6,1.5,3.6,3,3.7,1.6,3.7,5.3,1.7,0.7,1.6,1,2.4,12.9,4,30,6,12.2,5.4,17.6,17,0,82,210
240,240,2012,1,25,Tony Wroten,FR,G,Washington,Pac-12,35,30.3,5.7,12.8,5.4,11.2,0.3,1.6,4.4,7.5,2.3,2.7,5,3.7,1.9,0.4,3.8,2.7,16,80,24,11,7.3,-1.6,5.7,17,0,76,206
241,241,2013,2,36,Ray McCallum Jr.,JR,G,Detroit,Horizon,33,36.6,6.5,13.2,5.2,9.3,1.3,3.9,4.5,6.2,1.3,3.8,5.1,4.5,1.9,0.6,2.1,2,18.7,76,20,13,10.1,-3.4,6.6,17,0,73,179
242,242,2015,1,22,Bobby Portis,SO,F,Arkansas,SEC,36,29.9,6.9,12.9,6.6,12.1,0.4,0.8,3.2,4.3,3.7,5.2,8.9,1.2,1.1,1.4,1.6,2.2,17.5,33,27,9,10.4,-0.4,10,16,0,81,225
243,243,2011,1,29,Cory Joseph,FR,G,Texas,Big 12,36,32.4,3.8,8.9,2.3,5.4,1.4,3.5,1.4,2,0.6,2.9,3.6,3,1,0.3,1.5,1.8,10.4,7,28,8,8,8.1,16.1,16,0,75,180
244,244,2015,1,10,Justise Winslow,FR,F,Duke,ACC,39,29.1,4.4,9.1,3.3,6.3,1.2,2.8,2.6,4,1.3,5.2,6.5,2.1,1.3,0.9,1.8,2.8,12.6,2,34,4,16.4,6,22.4,15,0,78,218
245,245,2012,1,4,Dion Waiters,SO,G,Syracuse,ACC,37,24.1,4.6,9.6,3.5,6.6,1.1,3.1,2.3,3.2,0.5,1.8,2.3,2.5,1.8,0.3,1.3,1.9,12.6,3,34,3,9.9,8.4,18.3,15,0,76,210
246,246,2017,1,22,Jarrett Allen,FR,C,Texas,Big 12,33,32.2,5.4,9.6,5.4,9.4,0,0.2,2.5,4.5,3,5.4,8.4,0.8,0.6,1.5,2.5,2.1,13.4,70,22,11,0.2,6.2,6.4,15,0,82,220
247,247,2013,1,29,Archie Goodwin,FR,G,Kentucky,SEC,33,31.8,4.8,10.8,4.2,8.9,0.5,1.9,4.1,6.4,1.5,3.2,4.6,2.7,1.1,0.5,3.1,2.9,14.1,22,21,12,7.8,4.2,12,15,0,77,181
248,248,2016,2,42,Isaiah Whitehead,SO,G,Seton Hall,Big East,34,32.3,5.7,15.1,3.3,8.5,2.4,6.5,4.4,5.8,0.5,3.1,3.6,5.1,1.2,1.4,3.5,2.3,18.2,33,25,9,4.7,6.2,11,14,0,76,195
249,249,2011,1,9,Kemba Walker,JR,G,Connecticut,Big East,41,37.6,7.7,18,5.9,12.5,1.8,5.5,6.3,7.7,1.3,4.1,5.4,4.5,1.9,0.2,2.3,1.4,23.5,25,32,9,6.8,5,11.8,14,0,74,175
250,250,2012,1,22,Fab Melo,SO,C,Syracuse,ACC,30,25.4,3.3,5.8,3.3,5.8,0,0,1.3,2,2.7,3.2,5.8,0.7,0.5,2.9,1.4,2.8,7.8,3,34,3,9.9,8.4,18.3,14,0,84,274
251,251,2017,2,40,Dwayne Bacon,SO,G,Florida State,ACC,35,28.8,6.3,14,4.7,9.1,1.6,4.9,3,3.9,1,3.2,4.2,1.7,1,0.1,2,1.6,17.2,24,26,9,7.6,6.3,13.9,14,0,78,209
252,252,2013,1,4,Cody Zeller,SO,F,Indiana,Big Ten,36,29.5,5.5,9.8,5.5,9.8,0,0.1,5.4,7.2,2.8,5.2,8,1.3,1,1.3,2.3,2.2,16.5,3,29,7,13.8,6.4,20.2,14,0,83,210
253,253,2015,1,2,D'Angelo Russell,FR,G,Ohio State,Big Ten,35,33.9,6.6,14.7,3.9,8.1,2.7,6.6,3.4,4.5,1,4.7,5.7,5,1.6,0.3,2.9,2.1,19.3,9,24,11,9.7,6.6,16.3,13,0,76,180
254,254,2017,1,18,T. J. Leaf,FR,F,UCLA,Pac-12,35,29.9,6.7,10.9,5.9,9.2,0.8,1.7,2.1,3,2.2,6,8.2,2.4,0.6,1.1,1.5,2.5,16.3,12,31,5,14.4,2.4,16.8,13,0,81,215
255,255,2014,1,9,Noah Vonleh,FR,F,Indiana,Big Ten,30,26.5,3.8,7.2,3.2,6.1,0.5,1.1,3.2,4.5,2.4,6.6,9,0.6,0.9,1.4,2.1,2.7,11.3,62,17,15,4.1,3.2,7.4,13,0,80,220
256,256,2013,2,58,Deshaun Thomas,JR,F,Ohio State,Big Ten,37,35.4,7,15.8,5.1,10.1,1.9,5.6,3.8,4.6,1.7,4.2,5.9,1.3,0.5,0.3,1.4,1.5,19.8,9,29,8,7.5,8.5,15.9,12,0,79,221
257,257,2015,1,30,Kevon Looney,FR,F,UCLA,Pac-12,36,30.9,4.2,8.9,3.6,7.4,0.6,1.5,2.6,4.1,3.4,5.8,9.2,1.4,1.3,0.9,1.3,2.9,11.6,91,22,14,5.8,-1,4.8,12,0,80,200
258,258,2016,2,41,Stephen Zimmerman,FR,C,UNLV,MWC,26,26.2,3.9,8.2,3.7,7.6,0.2,0.7,2.4,3.9,2.2,6.6,8.7,0.8,0.5,2,2.1,3,10.5,95,18,15,5.5,-0.7,4.8,12,0,84,230
259,259,2017,1,6,Jonathan Isaac,FR,F,Florida State,ACC,32,26.2,4.1,8,3.1,5.2,1,2.8,2.9,3.7,1.8,6.1,7.8,1.2,1.2,1.5,1.5,2.2,12,24,26,9,7.6,6.3,13.9,12,0,82,185
260,260,2014,1,19,Gary Harris,SO,G,Michigan State,Big Ten,35,32.3,5.6,13,3.3,6.4,2.3,6.6,3.3,4.1,1.1,2.9,4,2.7,1.8,0.4,1.7,2.1,16.7,11,29,9,8.5,6.9,15.4,11,0,76,195
261,261,2015,1,25,Jarell Martin,SO,F,Louisiana,SEC,33,35.1,6.1,12,5.7,10.5,0.4,1.6,4.2,6.2,3,6.3,9.2,1.8,1.2,0.7,2.8,2.8,16.9,55,22,11,7,0.8,7.8,11,0,79,210
262,262,2015,1,15,Kelly Oubre Jr.,FR,G,Kansas,Big 12,36,21,3.1,6.9,2.1,4.3,0.9,2.6,2.2,3.1,1.1,3.8,5,0.8,1.1,0.4,1.2,2,9.3,13,27,9,8.9,5.5,14.4,11,0,79,190
263,263,2011,1,4,Tristan Thompson,FR,F,Texas,Big 12,36,30.7,4.8,8.8,4.8,8.8,0,0,3.5,7.3,3.8,4,7.8,1.3,0.9,2.4,1.8,2.8,13.1,7,28,8,8,8.1,16.1,10,0,81,235
264,264,2017,2,31,Frank Jackson,FR,G,Duke,ACC,36,24.9,3.7,7.8,2.3,4.2,1.4,3.6,2.1,2.8,0.6,1.9,2.5,1.7,0.6,0.1,1.4,2.4,10.9,7,28,9,11.8,5.9,17.7,10,0,76,200
265,265,2014,1,6,Marcus Smart,FR,G,Oklahoma State,Big 12,33,33.5,4.6,11.3,3.4,7.4,1.2,4,5.1,6.5,1.5,4.3,5.8,4.2,3,0.7,3.4,2.8,15.4,17,21,13,10.3,3.8,14.1,10,0,75,200
266,266,2013,1,22,Mason Plumlee,SR,F,Duke,ACC,36,34.7,6.1,10.3,6.1,10.3,0,0,4.8,7.1,2.7,7.2,9.9,1.9,1,1.4,2.9,2.6,17.1,4,30,6,12.2,5.4,17.6,10,0,83,220
267,267,2015,1,1,Karl-Anthony Towns,FR,C,Kentucky,SEC,39,21.1,3.7,6.6,3.7,6.4,0.1,0.2,2.8,3.4,2.4,4.3,6.7,1.1,0.5,2.3,1.4,2.9,10.3,1,38,1,10.3,13.6,23.9,9,0,83,235
268,268,2012,1,18,Terrence Jones,SO,F,Kentucky,SEC,38,29.3,4.7,9.3,4.2,8,0.4,1.3,2.6,4.2,2.5,4.6,7.2,1.3,1.3,1.8,1.6,2.4,12.3,2,38,2,11.9,8.2,20.1,9,0,81,230
269,269,2017,1,11,Malik Monk,FR,G,Kentucky,SEC,38,32.1,6.6,14.7,3.9,7.8,2.7,6.9,3.9,4.7,0.3,2.2,2.5,2.3,0.9,0.5,2,1.9,19.8,9,32,6,9.6,7.9,17.5,9,0,75,185
270,270,2017,1,26,Caleb Swanigan,SO,F,Purdue,Big Ten,35,32.5,6.3,12,5.3,9.6,1.1,2.4,4.7,6,2.7,9.7,12.5,3.1,0.4,0.8,3.4,2.8,18.5,14,27,8,8.9,7.2,16.1,9,0,80,275
271,271,2013,2,40,Grant Jerrett,FR,F,Arizona,Pac-12,34,17.8,1.9,4.5,0.9,2.2,0.9,2.3,0.5,0.6,1.1,2.5,3.6,0.5,0.5,1,0.6,1.3,5.2,12,27,8,9.2,5.3,14.5,9,0,82,220
272,272,2012,1,29,Marquis Teague,FR,G,Kentucky,SEC,40,32.6,3.6,8.8,3,6.8,0.7,2,2.1,3,0.4,2.1,2.5,4.8,0.9,0.3,2.7,2.3,10,2,38,2,11.9,8.2,20.1,8,0,74,175
273,273,2011,1,26,Jordan Hamilton,SO,G,Texas,Big 12,36,32.2,6.8,15.3,4.3,8.8,2.5,6.5,2.6,3.4,2,5.7,7.7,2.1,0.9,0.6,2.1,1.8,18.6,7,28,8,8,8.1,16.1,8,0,79,215
274,274,2014,1,17,James Young,FR,G,Kentucky,SEC,40,32.4,4.6,11.3,2.5,5.4,2.1,5.9,3.1,4.4,1,3.3,4.3,1.7,0.8,0.2,1.9,2.1,14.3,12,29,10,8.9,6,14.9,8,0,78,210
275,275,2017,1,15,Justin Jackson,JR,F,North Carolina,ACC,40,32,6.6,14.9,4,7.8,2.6,7.1,2.5,3.3,1.5,3.2,4.7,2.8,0.8,0.2,1.7,1.4,18.3,3,33,7,11.3,8.2,19.4,8,0,79,185
276,276,2012,2,40,Will Barton,SO,G,Memphis,CUSA,35,35.3,6.6,12.9,5.5,9.9,1.1,3.1,3.8,5.1,2,6,8,2.9,1.4,0.7,2.1,2.1,18,12,26,9,9.5,5.1,14.6,8,0,78,170
277,277,2017,2,35,Ivan Rabb,SO,F,California,Pac-12,31,32.6,4.9,10.1,4.6,9.4,0.3,0.6,4,6,3,7.4,10.5,1.5,0.7,1,2.2,3.1,14,56,21,13,0.4,7.7,8.1,8,0,83,210
278,278,2015,2,48,Dakari Johnson,SO,C,Kentucky,SEC,39,16.3,2,4,2,4,0,0,2.3,3.7,1.7,2.9,4.6,0.7,0.4,0.9,1.1,1.8,6.4,1,38,1,10.3,13.6,23.9,7,0,82,250
279,279,2012,1,17,Tyler Zeller,SR,F,North Carolina,ACC,38,28.2,5.8,10.5,5.8,10.5,0,0,4.8,5.9,3.8,5.8,9.6,0.9,0.9,1.5,1.9,2.7,16.3,5,32,6,13.7,3.4,17.1,7,0,83,215
280,280,2012,1,28,Perry Jones III,SO,F,Baylor,Big 12,33,30.7,5.5,11,5.2,10,0.3,1,2.2,3.1,2.7,4.9,7.6,1.3,0.8,0.6,1.7,2.3,13.5,17,30,8,8.9,3.8,12.7,7,0,83,220
281,281,2012,2,38,Quincy Miller,FR,F,Baylor,Big 12,37,24.4,3.7,8.4,3.1,6.5,0.6,1.9,2.5,3.1,1.5,3.5,4.9,1.4,0.7,0.6,1.8,1.9,10.6,17,30,8,8.9,3.8,12.7,7,0,81,210
282,282,2015,1,8,Stanley Johnson,FR,F,Arizona,Pac-12,38,28.4,4.6,10.3,3.4,7.2,1.1,3.1,3.5,4.7,2,4.5,6.5,1.7,1.5,0.4,2.2,2.6,13.8,5,34,4,10.7,8.9,19.6,7,0,78,225
283,283,2017,1,1,Markelle Fultz,FR,G,Washington,Pac-12,25,35.7,8.4,17.6,6.3,12.5,2.1,5,4.4,6.7,1.3,4.4,5.7,5.9,1.6,1.2,3.2,2.5,23.2,184,22,9,1.9,-2.7,-0.9,7,0,76,190
284,284,2016,2,33,Cheick Diallo,FR,C,Kansas,Big 12,27,7.5,1.2,2.1,1.2,2.1,0,0,0.6,1,0.6,1.9,2.5,0,0.3,0.9,0.6,1.4,3,5,33,5,11.8,6.6,18.5,7,0,81,225
285,285,2013,1,1,Anthony Bennett,FR,F,UNLV,MWC,35,27.1,5.8,10.8,4.7,8.1,1,2.7,3.5,5.1,2.5,5.7,8.1,1,0.7,1.2,1.9,2.3,16.1,33,25,10,5.6,5.2,10.8,7,0,80,230
286,286,2015,1,12,Trey Lyles,FR,F,Kentucky,SEC,36,23,3.3,6.7,3.1,5.9,0.1,0.8,2.1,2.8,1.8,3.4,5.2,1.1,0.5,0.4,1.1,1.6,8.7,1,38,1,10.3,13.6,23.9,6,0,82,255
287,287,2014,1,3,Joel Embiid,FR,C,Kansas,Big 12,28,23.1,3.8,6.1,3.8,5.9,0,0.2,3.5,5.1,2.3,5.8,8.1,1.4,0.9,2.6,2.4,3.4,11.2,7,25,10,11,4.8,15.8,6,0,83,230
288,288,2017,1,5,De'Aaron Fox,FR,G,Kentucky,SEC,36,29.6,5.9,12.4,5.5,10.5,0.5,1.9,4.3,5.9,0.6,3.4,4,4.6,1.5,0.2,2.4,2.5,16.7,9,32,6,9.6,7.9,17.5,6,0,75,160
289,289,2012,1,14,John Henson,JR,F,North Carolina,ACC,35,29.1,5.9,11.7,5.9,11.7,0,0,2,3.9,2.5,7.4,9.9,1.3,0.6,2.9,1.3,1.6,13.7,5,32,6,13.7,3.4,17.1,6,0,82,195
290,290,2016,2,40,Diamond Stone,FR,C,Maryland,Big Ten,35,23.1,4.8,8.4,4.8,8.4,0,0,2.9,3.8,2.2,3.2,5.4,0.4,0.5,1.6,1.5,2.3,12.5,20,27,9,6.3,7,13.3,6,0,82,250
291,291,2013,1,12,Steven Adams,FR,C,Pitt,Big East,32,23.4,3.1,5.5,3.1,5.5,0,0,1,2.2,2.8,3.5,6.3,0.6,0.7,2,1.1,1.6,7.2,6,24,9,4.5,12.2,16.7,6,0,82,235
292,292,2011,1,19,Tobias Harris,FR,F,Tennessee,SEC,34,29.2,5.4,11.8,4.8,9.6,0.7,2.2,3.8,5,2,5.3,7.3,1.3,0.7,0.9,1.8,2.1,15.3,50,19,15,4.4,4.7,9,6,0,80,210
293,293,2015,2,44,Andrew Harrison,FR,G,Kentucky,SEC,40,31.7,3,8.3,2.2,5.9,0.8,2.4,4,5.2,0.8,2.4,3.2,4,0.5,0.2,2.7,3,10.9,1,38,1,10.3,13.6,23.9,5,0,77,210
294,294,2017,1,14,Bam Adebayo,FR,F,Kentucky,SEC,38,30.1,4.5,7.5,4.5,7.5,0,0,4.1,6.2,3.1,4.9,8,0.8,0.7,1.5,1.7,2.6,13,9,32,6,9.6,7.9,17.5,5,0,81,240
295,295,2012,1,3,Bradley Beal,FR,G,Florida,SEC,37,34.2,4.7,10.6,3,5.6,1.7,5,3.6,4.7,1.4,5.4,6.7,2.2,1.4,0.8,2.1,2.1,14.8,9,26,11,11.8,3.5,15.3,5,0,76,205
296,296,2016,1,18,Henry Ellenson,FR,F,Marquette,Big East,33,33.5,5.9,13.2,5,10,0.9,3.2,4.3,5.8,2.2,7.6,9.7,1.8,0.8,1.5,2.4,2.5,17,101,20,13,4.2,0.3,4.5,5,0,82,230
297,297,2014,1,30,Kyle Anderson,SO,G,UCLA,Pac-12,36,33.2,5,10.5,4.3,8.9,0.8,1.6,3.8,5.2,1.3,7.5,8.8,6.5,1.8,0.8,3.1,1.7,14.6,20,28,9,12,1.8,13.8,5,0,79,210
298,298,2014,1,30,Kyle Anderson,JR,G,Delaware,CAA,35,34.7,3.6,9.1,1.1,2.6,2.4,6.5,1.4,1.8,0.9,2.8,3.7,0.9,0.8,0.3,0.8,2.6,11,20,28,9,12,1.8,13.8,5,0,79,210
299,299,2011,2,49,Josh Selby,FR,G,Kansas,Big 12,26,20.4,2.8,7.4,1.5,3.8,1.3,3.6,1.1,1.4,0.4,1.8,2.2,2.2,0.8,0,2,1.7,7.9,2,35,3,13.3,6.5,19.8,5,0,75,183
300,300,2014,1,4,Aaron Gordon,FR,F,Arizona,Pac-12,38,31.2,5,10.1,4.6,8.9,0.4,1.2,2,4.7,2.7,5.3,8,2,0.9,1,1.4,2.4,12.4,4,33,5,5.9,11.8,17.7,4,0,80,210
301,301,2012,1,2,Michael Kidd-Gilchrist,FR,F,Kentucky,SEC,40,31.1,4,8.2,3.7,6.9,0.3,1.3,3.6,4.8,2.6,4.9,7.4,1.9,1,0.9,2.2,2.4,11.9,2,38,2,11.9,8.2,20.1,4,0,79,210
302,302,2011,1,8,Brandon Knight,FR,G,Kentucky,SEC,38,35.9,5.7,13.5,3.4,7.4,2.3,6.1,3.6,4.5,0.7,3.4,4,4.2,0.7,0.2,3.2,2.2,17.3,5,29,9,8.7,7.8,16.5,4,0,75,183
303,303,2015,1,24,Tyus Jones,FR,G,Duke,ACC,39,33.9,3.5,8.3,2.3,5.1,1.2,3.2,3.7,4.2,0.5,3,3.5,5.6,1.5,0.1,1.9,1.2,11.8,2,34,4,16.4,6,22.4,4,0,73,171
304,304,2016,1,3,Jaylon Brown,SR,G,Evansville,MVC,33,36.8,6.7,14.4,5.5,11.7,1.2,2.7,6.4,7.5,0.5,3.9,4.4,3.1,1,0.1,2.5,2.4,20.9,30,23,11,5.1,6.7,11.8,4,0,79,220
305,305,2011,2,33,Kyle Singler,SR,F,Duke,ACC,37,34.8,5.9,13.8,4.2,8.5,1.7,5.2,3.4,4.2,2.4,4.5,6.8,1.6,0.9,0.3,1.9,2.6,16.9,3,32,5,13.7,5.3,19,4,0,80,215
306,306,2017,1,2,Lonzo Ball,FR,G,UCLA,Pac-12,36,35.1,5.3,9.5,3,4.1,2.2,5.4,1.8,2.7,0.9,5.1,6,7.6,1.8,0.8,2.5,1.8,14.6,12,31,5,14.4,2.4,16.8,4,0,77,195
307,307,2012,1,10,Austin Rivers,FR,G,Duke,ACC,34,33.2,5.1,11.8,3.4,7.1,1.7,4.7,3.6,5.4,0.6,2.8,3.4,2.1,1,0,2.3,2.2,15.5,11,27,7,12.2,2.6,14.8,3,0,76,189
308,308,2016,1,2,Brandon Ingram,FR,G,Duke,ACC,36,34.6,5.9,13.4,3.7,8,2.2,5.4,3.2,4.7,1.9,4.9,6.8,2,1.1,1.4,2,2.1,17.3,11,25,11,12.1,3.5,15.6,3,0,80,198
309,309,2014,1,7,Julius Randle,FR,F,Kentucky,SEC,40,30.8,4.9,9.8,4.8,9.3,0.1,0.5,5.1,7.2,3.5,6.9,10.4,1.4,0.5,0.8,2.5,2.3,15,12,29,10,8.9,6,14.9,3,0,81,225
310,310,2011,1,1,Kyrie Irving,FR,G,Duke,ACC,11,27.5,5,9.5,3.4,5.9,1.6,3.5,5.8,6.5,0.5,2.8,3.4,4.3,1.5,0.5,2.5,2.1,17.5,3,32,5,13.7,5.3,19,3,0,74,172
311,311,2017,1,3,Jayson Tatum,FR,F,Duke,ACC,29,33.3,5.7,12.6,4.3,8.6,1.4,4,4.1,4.8,1.3,6,7.3,2.1,1.3,1.1,2.6,3,16.8,7,28,9,11.8,5.9,17.7,3,0,80,175
312,312,2014,1,2,Jabari Parker,FR,F,Duke,ACC,35,30.7,6.7,14.3,5.7,11.2,1.1,3,4.6,6.1,3,5.7,8.7,1.2,1.1,1.2,2.3,2.4,19.1,3,26,9,13.6,5.2,18.8,2,0,80,220
313,313,2016,1,28,Skal Labissiere,FR,C,Kentucky,SEC,36,15.8,2.7,5.3,2.7,5.2,0,0.1,1.1,1.7,1,2.2,3.1,0.3,0.3,1.6,0.9,3,6.6,8,27,9,9.8,6.4,16.2,2,0,82,210
314,314,2012,1,21,Jared Sullinger,SO,F,Ohio State,Big Ten,37,30.4,6.2,11.9,5.7,10.8,0.4,1.1,4.7,6.2,3.1,6.1,9.2,1.2,1.2,1.1,1.9,2.9,17.5,1,31,8,10.8,9.5,20.3,2,0,80,262
315,315,2012,1,9,Andre Drummond,FR,C,Connecticut,AAC,34,28.4,4.6,8.6,4.6,8.5,0,0.1,0.8,2.6,3.4,4.2,7.6,0.4,0.8,2.7,1.5,2.2,10,39,20,14,4.3,5.2,9.5,2,0,82,275
316,316,2017,1,4,Josh Jackson,FR,G,Kansas,Big 12,35,30.8,6.3,12.3,5.3,9.7,1,2.6,2.8,4.9,2.3,5.1,7.4,3,1.7,1.1,2.8,3,16.3,4,31,5,12.1,6.3,18.4,2,0,79,185
317,317,2015,1,11,Myles Turner,FR,C,Texas,Big Ten,34,22.2,3.4,7.6,2.9,5.7,0.5,1.8,2.8,3.3,1.3,5.2,6.5,0.6,0.3,2.6,1.4,2.4,10.1,20,20,14,4,8.5,12.5,2,0,84,240
318,318,2013,1,14,Shabazz Muhammad,FR,G,UCLA,Pac-12,32,30.8,6.3,14.3,5.1,10.9,1.3,3.3,4,5.6,2.7,2.5,5.2,0.8,0.7,0.1,1.6,1.7,17.9,60,25,10,8.8,-1,7.8,2,0,78,215
319,319,2014,1,1,Andrew Wiggins,FR,G,Kansas,Big 12,35,32.8,5.4,12.1,4.2,8.5,1.2,3.6,5,6.5,2.2,3.7,5.9,1.5,1.2,1,2.3,2.7,17.1,7,25,10,11,4.8,15.8,1,0,79,205
320,320,2012,1,1,Anthony Davis,FR,F,Kentucky,SEC,40,32,5.3,8.4,5.2,7.9,0.1,0.5,3.6,5.1,3,7.4,10.4,1.3,1.4,4.7,1,2,14.2,2,38,2,11.9,8.2,20.1,1,0,82,200
321,321,2016,1,1,Ben Simmons,FR,F,Louisiana,SEC,33,34.9,6.5,11.7,6.5,11.6,0,0.1,6,9,3.1,8.6,11.8,4.8,2,0.8,3.4,2.8,19.2,81,19,14,7.1,-1.3,5.8,1,0,81,225
322,322,2012,1,7,Harrison Barnes,SO,F,North Carolina,ACC,38,29.2,6,13.7,4.7,10.1,1.3,3.6,3.7,5.1,1.9,3.3,5.2,1.1,1.1,0.3,1.9,1.8,17.1,5,32,6,13.7,3.4,17.1,1,0,80,209
323,323,2015,1,3,Jahlil Okafor,FR,C,Duke,ACC,38,30.1,7.3,11.1,7.3,11.1,0,0,2.6,5.1,3.5,4.9,8.5,1.3,0.8,1.4,2.5,2.1,17.3,2,34,4,16.4,6,22.4,1,0,82,265
324,324,2017,1,20,Harry Giles,FR,C,Duke,ACC,26,11.5,1.7,3,1.7,3,0,0,0.5,0.9,1.6,2.3,3.8,0.3,0.3,0.7,0.7,2.2,3.9,7,28,9,11.8,5.9,17.7,1,0,82,230
325,325,2013,1,6,Nerlens Noel,FR,C,Kentucky,SEC,24,31.9,4.1,6.9,4.1,6.9,0,0,2.3,4.3,2.7,6.8,9.5,1.6,2.1,4.4,1.9,2.6,10.5,22,21,12,7.8,4.2,12,1,0,82,215
326,326,2015,2,49,Aaron White,SR,F,Iowa,Big Ten,34,31.5,5,9.6,4.4,7.9,0.6,1.7,5.7,7,2.1,5.2,7.3,1.4,1.3,0.5,1.2,1.6,16.4,21,22,12,5.6,6.5,12.1,0,1,79,205
327,327,2016,2,58,Abdel Nader,SR,F,Iowa State,Big 12,35,31.1,4.6,9.6,3.1,5.6,1.5,4,2.2,3,0.7,4.2,5,1.5,1.1,0.7,2.3,2.8,12.9,25,23,12,12.3,0.5,12.8,0,1,78,180