,year,round,pick,player,position,school
1,1980,1,1,"Carroll, Joe Barry",F/C,Purdue
2,1980,1,2,"Griffith, Darrell",G,Louisville
3,1980,1,3,"McHale, Kevin",F/C,Minnesota
4,1980,1,4,"Ransey, Kelvin",G,Ohio State
5,1980,1,5,"Ray, James",F,Jacksonville
6,1980,1,6,"O'Koren, Mike",G/F,North Carolina
7,1980,1,7,"Gminski, Mike",C,Duke
8,1980,1,8,"Toney, Andrew",G,Southwestern Louisiana
9,1980,1,9,"Brooks, Michael",F,La Salle
10,1980,1,10,"Lester, Ronnie",G,Iowa
11,1980,1,11,"Vandeweghe, Kiki",F,UCLA
12,1980,1,12,"Woodson, Mike",G/F,Indiana
13,1980,1,13,"Brown, Rickey",F/C,Mississippi State
14,1980,1,14,"Matthews, Wes",G,Wisconsin
15,1980,1,15,"Johnson, Reggie",F/C,Tennessee
16,1980,1,16,"Whitney, Charles",G/F,NC State
17,1980,1,17,"Drew, Larry",G,Missouri
18,1980,1,18,"Collins, Don",G/F,Washington State
19,1980,1,19,"Duren, John",G,Georgetown
20,1980,1,20,"Hanzlik, Bill",G/F,Notre Dame
21,1980,1,21,"Davis, Monti",F,Tennessee State
22,1980,1,22,"Kinch, Chad",G,UNC Charlotte
23,1980,1,23,"Nicks, Carl",G,Indiana State
24,1980,2,24,"Smith, Larry",F/C,Alcorn State
25,1980,2,25,"Ruland, Jeff",F/C,Iona
26,1980,2,26,"Worthen, Sam",F,Marquette
27,1980,2,27,"Stroud, John",F,Mississippi
28,1980,2,28,"Shelton, Craig",F,Georgetown
29,1980,2,29,"Orr, Louis",F,Syracuse
30,1980,2,30,"Natt, Kenny",G,Northeast Louisiana
31,1980,2,31,"Robinson, Wayne",F,Virginia Tech
32,1980,2,32,"Lawrence, David",F,McNeese State
33,1980,2,33,"Collins, Bruce",G/F,Weber State
34,1980,2,34,"Bouie, Roosevelt",C,Syracuse
35,1980,2,35,"Mahorn, Rick",F/C,Hampton
36,1980,2,36,"Scales, DeWayne",F,LSU
37,1980,2,37,"Carter, Butch",G,Indiana
38,1980,2,38,"Stotts, Terry",F,Oklahoma
39,1980,2,39,"Wiley, Michael",F,Long Beach State
40,1980,2,40,"Miller, Dick",F,Toledo
41,1980,2,41,"Oldham, Jawann",C,Seattle
42,1980,2,42,"Belton, Kimberly",F,Stanford
43,1980,2,43,"Williams, Billy",G,Clemson
44,1980,2,44,"Austin, Clyde",G,NC State
45,1980,2,45,"Branson, Brad",F/C,SMU
46,1980,2,46,"Hallman, Arnette",F,Purdue
47,1981,1,1,"Aguirre, Mark",G/F,DePaul
48,1981,1,2,"Thomas, Isiah",G,Indiana
49,1981,1,3,"Williams, Buck",F/C,Maryland
50,1981,1,4,"Wood, Al",G/F,North Carolina
51,1981,1,5,"Vranes, Danny",F,Utah
52,1981,1,6,"Woolridge, Orlando",F,Notre Dame
53,1981,1,7,"Johnson, Steve",F/C,Oregon State
54,1981,1,8,"Chambers, Tom",F/C,Utah
55,1981,1,9,"Blackman, Rolando",G,Kansas State
56,1981,1,10,"King, Albert",G/F,Maryland
57,1981,1,11,"Johnson, Frank",G,Wake Forest
58,1981,1,12,"Tripucka, Kelly",G/F,Notre Dame
59,1981,1,13,"Schayes, Danny",F/C,Syracuse
60,1981,1,14,"Williams, Herb",F/C,Ohio State
61,1981,1,15,"Lamp, Jeff",G/F,Virginia
62,1981,1,16,"Valentine, Darnell",G,Kansas
63,1981,1,17,"Loder, Kevin",G/F,Alabama State
64,1981,1,18,"Tolbert, Ray",F,Indiana
65,1981,1,19,"McGee, Mike",G/F,Michigan
66,1981,1,20,"Nance, Larry",F/C,Clemson
67,1981,1,21,"Lister, Alton",F/C,Arizona State
68,1981,1,22,"Edwards, Franklin",G,Cleveland State
69,1981,1,23,"Bradley, Charles",G,Wyoming
70,1981,2,24,"Vincent, Jay",F,Michigan State
71,1981,2,25,"Jackson, Tracy",G/F,Notre Dame
72,1981,2,26,"Jackson, Brian",F,Utah State
73,1981,2,27,"Wood, Howard",F,Tennessee
74,1981,2,28,"Banks, Gene",G/F,Duke
75,1981,2,29,"Johnson, Eddie",G/F,Illinois
76,1981,2,30,"Rains, Ed",F,South Alabama
77,1981,2,31,"Ainge, Danny",G/F,Brigham Young
78,1981,2,32,"Olliver, Mike",G,Lamar
79,1981,2,33,"Williams, Sam",F,Arizona State
80,1981,2,34,"Green, Ken",F,Pan American
81,1981,2,35,"Davis, Charles",F,Vanderbilt
82,1981,2,36,"Blume, Ray",G,Oregon State
83,1981,2,37,"Leslie, Al",G,Bucknell
84,1981,2,38,"Bradshaw, Clyde",G,DePaul
85,1981,2,39,"Knuckles, Harvey",F,Toledo
86,1981,2,40,"Cook, Greg",F,LSU
87,1981,2,41,"Gregory, Claude",F,Wisconsin
88,1981,2,42,"Rolle, Elvis",F/C,Florida State
89,1981,2,43,"Turner, Elston",G/F,Mississippi
90,1981,2,44,"Lingenfelter, Steve",F,South Dakota State
91,1981,2,45,"Turner, Ed",F,Texas A&I
92,1981,2,46,"Smith, Vernon",F,Texas A&M
93,1982,1,1,"Worthy, James",SF,North Carolina
94,1982,1,2,"Cummings, Terry",PF,DePaul
95,1982,1,3,"Wilkins, Dominique",SF,Georgia
96,1982,1,4,"Garnett, Bill",SF,Wyoming
97,1982,1,5,"Thompson, LaSalle",C/PF,Texas
98,1982,1,6,"Tucker, Trent",SG,Minnesota
99,1982,1,7,"Dailey, Quintin",SG,San Francisco
100,1982,1,8,Clark Kellogg,PF,Ohio State
101,1982,1,9,"Levingston, Cliff",PF,Wichita State
102,1982,1,10,"Edmonson, Keith",SG,Purdue
103,1982,1,11,Fat Lever,PG,Arizona State
104,1982,1,12,"Bagley, John",PG,Boston College
105,1982,1,13,"Floyd, Sleepy",SG,Georgetown
106,1982,1,14,"Conner, Lester",PG,Oregon State
107,1982,1,15,"Thirdkill, David",SF,Bradley
108,1982,1,16,"Teagle, Terry",SG,Baylor
109,1982,1,17,"Steppe, Brook",SG,Georgia Tech
110,1982,1,18,"Pierce, Ricky",SF,Rice
111,1982,1,19,"Williams, Rob",PG,Houston
112,1982,1,20,"Pressey, Paul",SF,Tulsa
113,1982,1,21,"Phillips, Eddie",SF,Alabama
114,1982,1,22,"McNamara, Mark",C,California
115,1982,1,23,"Tillis, Darren",C,Cleveland State
116,1982,2,24,"Robinson, Oliver",SG,UAB
117,1982,2,25,"Warrick, Bryan",SG,Saint Joseph's
118,1982,2,26,"Frazier, Ricky",SF,Missouri
119,1982,2,27,"Roberts, Fred",PF,BYU
120,1982,2,28,"Magley, Dave",PF,Kansas
121,1982,2,29,"Hastings, Scott",F/C,Arkansas
122,1982,2,30,"Bryant, Wallace",C,San Francisco
123,1982,2,31,"Higgins, Rod",F/C,Fresno State
124,1982,2,32,"Anderson, Richard",PF,UC Santa Barbara
125,1982,2,33,"Townes, Linton",SF,James Madison
126,1982,2,34,"Taylor, Vince",SF,Duke
127,1982,2,35,"Smith, Derek",SG,Louisville
128,1982,2,36,"Anderson, J. J.",SF,Bradley
129,1982,2,37,"Norris, Audie",C,Jackson State
130,1982,2,38,Wayne Sappleton,F,Loyola (IL)
131,1982,2,39,"Magee, Kevin",PF,UC Irvine
132,1982,2,40,"Morgan, Guy",G,Wake Forest
133,1982,2,41,"Anderson, Dwight",G,USC
134,1982,2,42,"Taylor, Jeff",SG,Texas Tech
135,1982,2,43,"Slaughter, Jose",SG,Portland
136,1982,2,44,"Gibson, Mike",F,USC Upstate
137,1982,2,45,"Schoene, Russ",F/C,Chattanooga
138,1982,2,46,"Guy, Tony",G,Kansas
139,1983,1,1,"Sampson, Ralph",C,Virginia
140,1983,1,2,"Stipanovich, Steve",C,Missouri
141,1983,1,3,"McCray, Rodney",SF,Louisville
142,1983,1,4,"Scott, Byron",SG,Arizona State
143,1983,1,5,"Green, Sidney",PF,UNLV
144,1983,1,6,"Cross, Russell",C,Purdue
145,1983,1,7,"Bailey, Thurl",PF,NC State
146,1983,1,8,"Carr, Antoine",PF,Wichita State
147,1983,1,9,"Ellis, Dale",SG,Tennessee
148,1983,1,10,"Malone, Jeff",SG,Mississippi State
149,1983,1,11,"Harper, Derek",PG/SG,Illinois
150,1983,1,12,"Walker, Darrell",SG,Arkansas
151,1983,1,13,"Whatley, Ennis",PG,Alabama
152,1983,1,14,"Drexler, Clyde",SG,Houston
153,1983,1,15,"Carter, Howard",SG,LSU
154,1983,1,16,"Sundvold, Jon",PG,Missouri
155,1983,1,17,"Rautins, Leo",SF,Syracuse
156,1983,1,18,"Breuer, Randy",C,Minnesota
157,1983,1,19,"Paxson, John",PG,Notre Dame
158,1983,1,20,"Hinson, Roy",C,Rutgers
159,1983,1,21,"Kite, Greg",C,BYU
160,1983,1,22,"Wittman, Randy",SG,Indiana
161,1983,1,23,"Wiggins, Mitchell",SG,Florida State
162,1983,1,24,"Granger, Stewart",PG,Villanova
163,1983,2,25,"Lowe, Sidney",PG,NC State
164,1983,2,26,"Combs, Leroy",SF,Oklahoma State
165,1983,2,27,"Garris, John",PF,Boston College
166,1983,2,28,"Foster, Rod",PG,UCLA
167,1983,2,29,"Micheaux, Larry",PF,Houston
168,1983,2,30,"West, Mark",C,Old Dominion
169,1983,2,31,"Rivers, Doc",PG,Marquette
170,1983,2,32,"Britt, Michael",SF,UDC
171,1983,2,33,"Minniefield, Dirk",PG,Kentucky
172,1983,2,34,"Williams, Guy",F,Washington State
173,1983,2,35,"Lockhart, Darrell",C,Auburn
174,1983,2,36,"McCray, Scooter",PF,Louisville
175,1983,2,37,"Russell, David",SF,St. John's
176,1983,2,38,"McNealy, Chris",PF,San Jose State
177,1983,2,39,"Waiters, Granville",C,Ohio State
178,1983,2,40,"Thomas, Jim",SG,Indiana
179,1983,2,41,"Kitchel, Ted",SF,Indiana
180,1983,2,42,"Davis, Mike",SG,Alabama
181,1983,2,43,"Mannion, Pace",SF,Utah
182,1983,2,44,"Owens, Horace",SG,Rhode Island
183,1983,2,45,"Williams, Paul",SF,Arizona State
184,1983,2,46,"Williams, Kevin",PG,St. John's
185,1983,2,47,"Lyons, Kenneth",PF,North Texas State
186,1984,1,1,"Olajuwon, Akeem",C,Houston
187,1984,1,2,"Bowie, Sam",C,Kentucky
188,1984,1,3,"Jordan, Michael",G/F,North Carolina
189,1984,1,4,"Perkins, Sam",F/C,North Carolina
190,1984,1,5,"Barkley, Charles",F,Auburn
191,1984,1,6,"Turpin, Melvin",C,Kentucky
192,1984,1,7,"Robertson, Alvin",G,Arkansas
193,1984,1,8,"Gordon, Lancaster",G,Louisville
194,1984,1,9,"Thorpe, Otis",F/C,Providence
195,1984,1,10,"Wood, Leon",G,Cal State Fullerton
196,1984,1,11,"Willis, Kevin",F/C,Michigan State
197,1984,1,12,"McCormick, Tim",C,Michigan
198,1984,1,13,"Humphries, Jay",G,Colorado
199,1984,1,14,"Cage, Michael",F/C,San Diego State
200,1984,1,15,"Stansbury, Terence",G,Temple
201,1984,1,16,"Stockton, John",G,Gonzaga
202,1984,1,17,"Turner, Jeff",F/C,Vanderbilt
203,1984,1,18,"Fleming, Vern",G,Georgia
204,1984,1,19,"Thompson, Bernard",G/F,Fresno State
205,1984,1,20,"Campbell, Tony",G/F,Ohio State
206,1984,1,21,"Fields, Kenny",G/F,UCLA
207,1984,1,22,"Sewell, Tom",G,Lamar
208,1984,1,23,"Jones, Earl",C,UDC
209,1984,1,24,"Young, Michael",G/F,Houston
210,1984,2,25,"Durrant, Devin",F,Brigham Young
211,1984,2,26,"Fleming, Victor",G,Xavier
212,1984,2,27,"Anderson, Ron",G/F,Fresno State
213,1984,2,28,"Blackwell, Cory",F,Wisconsin
214,1984,2,29,"Gray, Stuart",F/C,UCLA
215,1984,2,30,"Burtt, Steve",G,Iona
216,1984,2,31,"Murphy, Jay",F,Boston College
217,1984,2,32,"Turner, Eric",G,Michigan
218,1984,2,33,"Colter, Steve",G,New Mexico State
219,1984,2,34,"Costner, Tony",C,Saint Joseph's
220,1984,2,35,"Wilson, Othell",G,Virginia
221,1984,2,36,"Jones, Charles",F,Louisville
222,1984,2,37,"Coleman, Ben",F,Maryland
223,1984,2,38,"Sitton, Charlie",F,Oregon State
224,1984,2,39,"Young, Danny",G,Wake Forest
225,1984,2,40,"Teachey, Anthony",F,Wake Forest
226,1984,2,41,"Sluby, Tom",G,Notre Dame
227,1984,2,42,"White, Willie",G,Chattanooga
228,1984,2,43,"Wiltjer, Greg",C,Victoria (Canada)
229,1984,2,44,"Reynolds, Fred",F,UTEP
230,1984,2,45,"Plummer, Gary",F/C,Boston University
231,1984,2,46,"Kersey, Jerome",F,Longwood
232,1984,2,47,"Williams, Ronnie",F,Florida
233,1985,1,1,"Ewing, Patrick",C,Georgetown
234,1985,1,2,"Tisdale, Wayman",PF,Oklahoma
235,1985,1,3,"Benjamin, Benoit",C,Creighton
236,1985,1,4,"McDaniel, Xavier",PF,Wichita State
237,1985,1,5,"Koncak, Jon",C,SMU
238,1985,1,6,"Kleine, Joe",C,Arkansas
239,1985,1,7,"Mullin, Chris",SF,St. John's
240,1985,1,8,"Schrempf, Detlef",SF/PF,Washington
241,1985,1,9,"Oakley, Charles",PF,Virginia Union
242,1985,1,10,"Pinckney, Ed",PF,Villanova
243,1985,1,11,"Lee, Keith",C,Memphis State
244,1985,1,12,"Green, Kenny",F,Wake Forest
245,1985,1,13,"Malone, Karl",PF,Louisiana Tech
246,1985,1,14,"Hughes, Alfredrick",SG,Loyola (IL)
247,1985,1,15,"Rasmussen, Blair",C,Oregon
248,1985,1,16,"Wennington, Bill",C,St. John's
249,1985,1,17,"Blab, Uwe",C,Indiana
250,1985,1,18,"Dumars, Joe",SG,McNeese State
251,1985,1,19,"Harris, Steve",SG,Tulsa
252,1985,1,20,"Vincent, Sam",SG,Michigan State
253,1985,1,21,"Catledge, Terry",PF,South Alabama
254,1985,1,22,"Reynolds, Jerry",G/F,LSU
255,1985,1,23,"Green, A. C.",SF/PF,Oregon State
256,1985,1,24,"Porter, Terry",PG,Wisconsinâ€“Stevens Point
257,1985,2,25,"Smrek, Mike",C,Canisius
258,1985,2,26,"Martin, Bill",F,Georgetown
259,1985,2,27,"McClain, Dwayne",SG,Villanova
260,1985,2,28,"Johnson, Ken",F,Michigan State
261,1985,2,29,"Brittain, Mike",C,South Carolina
262,1985,2,30,"Duncan, Calvin",G,VCU
263,1985,2,31,"Bol, Manute",C,Bridgeport
264,1985,2,32,"Vanos, Nick",C,Santa Clara
265,1985,2,33,"Stokes, Greg",F/C,Iowa
266,1985,2,34,"Sherrod, Aubrey",SG,Wichita State
267,1985,2,35,"Corbin, Tyrone",SF/PF,DePaul
268,1985,2,36,"Joseph, Yvon",C,Georgia Tech
269,1985,2,37,"Scurry, Carey",F,LIU Brooklyn
270,1985,2,38,"MartÃ_n, Fernando",PF,Real Madrid
271,1985,2,39,"Montgomery, George",F,Illinois
272,1985,2,40,"Acres, Mark",F/C,Oral Roberts
273,1985,2,41,"Charles, Lorenzo",PF,NC State
274,1985,2,42,"Hurt, Bobby Lee",C/F,Alabama
275,1985,2,43,"Stevens, Barry",G/F,Iowa State
276,1985,2,44,"Winters, Voise",SG,Bradley
277,1985,2,45,"Williams, John ""Hot Rod""",PF,Tulane
278,1985,2,46,"Branch, Adrian",SF,Maryland
279,1985,2,47,"Wilkins, Gerald",SG,Chattanooga
280,1986,1,1,"Daugherty, Brad",C,North Carolina
281,1986,1,2,"Bias, Len",SF,Maryland
282,1986,1,3,"Washburn, Chris",C,NC State
283,1986,1,4,"Person, Chuck",SF,Auburn
284,1986,1,5,"Walker, Kenny",SF,Kentucky
285,1986,1,6,"Bedford, William",C,Memphis State
286,1986,1,7,"Tarpley, Roy",C,Michigan
287,1986,1,8,"Harper, Ron",SF,Miami (OH)
288,1986,1,9,"Sellers, Brad",C,Ohio State
289,1986,1,10,"Dawkins, Johnny",PG,Duke
290,1986,1,11,"Salley, John",PF,Georgia Tech
291,1986,1,12,"Williams, John",PF,LSU
292,1986,1,13,"Washington, Dwayne",PG,Syracuse
293,1986,1,14,"Berry, Walter",SF/PF,St. John's
294,1986,1,15,"Curry, Dell",SG/SF,Virginia Tech
295,1986,1,16,"Martin, Maurice",SF,Saint Joseph's
296,1986,1,17,"Pressley, Harold",SF,Villanova
297,1986,1,18,"Alarie, Mark",PF,Duke
298,1986,1,19,"Thompson, Billy",SF,Louisville
299,1986,1,20,"Johnson, Buck",SF,Alabama
300,1986,1,21,"Jones, Anthony",SF,UNLV
301,1986,1,22,"Skiles, Scott",PG,Michigan State
302,1986,1,23,"Barlow, Ken",PF,Notre Dame
303,1986,1,24,"Sabonis, Arvydas",C,Zalgiris
304,1986,2,25,"Price, Mark",PG,Georgia Tech
305,1986,2,26,"Dreiling, Greg",C,Kansas
306,1986,2,27,"Rodman, Dennis",PF,Southeastern Oklahoma State
307,1986,2,28,"Krystkowiak, Larry",PF,Montana
308,1986,2,29,"Newman, Johnny",SF,Richmond
309,1986,2,30,"McMillan, Nate",PG,NC State
310,1986,2,31,"Ward, Joe",SF,Georgia
311,1986,2,32,"Henderson, Cedric",PF,Georgia
312,1986,2,33,"Duckworth, Kevin",C,Eastern Illinois
313,1986,2,34,"Rogers, Johnny",PF,UC Irvine
314,1986,2,35,"Wagner, Milt",SG,Louisville
315,1986,2,36,"Mitchell, Steve",PG,UAB
316,1986,2,37,"Fasoulas, Panagiotis",C,NC State
317,1986,2,38,"Lampley, Lemone",C,DePaul
318,1986,2,39,"Addison, Rafael",SF,Syracuse
319,1986,2,40,"Binelli, Augusto",C,Virtus Bologna
320,1986,2,41,"Smith, Otis",SG,Jacksonville
321,1986,2,42,"Kellogg, Ron",SF,Kansas
322,1986,2,43,"Feitl, Dave",C,UTEP
323,1986,2,44,"Wingate, David",SG,Georgetown
324,1986,2,45,"Smith, Keith",PG,Loyola Marymount
325,1986,2,46,"Hornacek, Jeff",SG,Iowa State
326,1986,2,47,"Jackson, Michael",PG,Georgetown
327,1987,1,1,"Robinson, David",C,Navy
328,1987,1,2,"Gilliam, Armen",PF,UNLV
329,1987,1,3,"Hopson, Dennis",SF,Ohio State
330,1987,1,4,"Williams, Reggie",SF,Georgetown
331,1987,1,5,"Pippen, Scottie",SF,Central Arkansas
332,1987,1,6,Kenny Smith,PG,North Carolina
333,1987,1,7,Kevin Johnson,PG,California
334,1987,1,8,"Polynice, Olden",C,Virginia
335,1987,1,9,"McKey, Derrick",SF/PF,Alabama
336,1987,1,10,Horace Grant,PF/C,Clemson
337,1987,1,11,Reggie Miller,SG,UCLA
338,1987,1,12,"Bogues, Muggsy",PG,Wake Forest
339,1987,1,13,"Wolf, Joe",C,North Carolina
340,1987,1,14,"Frank, Tellis",PF,WKU
341,1987,1,15,"Ortiz, JosÃ©",PF,Oregon State
342,1987,1,16,"Welp, Christian",C,Washington
343,1987,1,17,"Murphy, Ronnie",SG,Jacksonville
344,1987,1,18,"Jackson, Mark",PG,St. John's
345,1987,1,19,"Norman, Ken",SF,Illinois
346,1987,1,20,"Farmer, Jim",SG,Alabama
347,1987,1,21,"Comegys, Dallas",C,DePaul
348,1987,1,22,"Lewis, Reggie",SG,Northeastern
349,1987,1,23,"Anderson, Greg ""Cadillac""",PF,Houston
350,1987,2,24,"Banks, Freddie",SG,UNLV
351,1987,2,25,"Moore, Ron",C,West Virginia State
352,1987,2,26,"Alford, Steve",SG,Indiana
353,1987,2,27,"Blackwell, Nate",PG,Temple
354,1987,2,28,"Winslow, Rickie",SF,Houston
355,1987,2,29,"Fonville, Lester",C,Jackson State
356,1987,2,30,"Wilson, Nikita",SF,LSU
357,1987,2,31,"Moore, Andre",PF,Loyola (IL)
358,1987,2,32,"McCann, Bob",SF,Morehead State
359,1987,2,33,"White, Tony",PG,Tennessee
360,1987,2,34,"Rowsom, Brian",PF,UNC Wilmington
361,1987,2,35,"Lee, Doug",SG,Purdue
362,1987,2,36,"Washington, Duane",SG,Middle Tennessee
363,1987,2,37,"Dowell, Derrick",SF,USC
364,1987,2,38,"Coleman, Norris",SF,Kansas State
365,1987,2,39,"Askew, Vincent",SG/SF,Memphis State
366,1987,2,40,"Garland, Winston",PG,Southwest Missouri State
367,1987,2,41,"Johnson, Kannard",SF,WKU
368,1987,2,42,"Bailey, Terrance",SG,Wagner
369,1987,2,43,"Kennedy, Andrew",F,Virginia
370,1987,2,44,"Coner, Terry",PG,Alabama
371,1987,2,45,"Lohaus, Brad",PF/C,Iowa
372,1987,2,46,"Dalrymple, Bruce",G,Georgia Tech
373,1988,1,1,"Manning, Danny",PF,Kansas
374,1988,1,2,"Smits, Rik",C,Marist
375,1988,1,3,"Smith, Charles",PF,Pittsburgh
376,1988,1,4,"Morris, Chris",SF,Auburn
377,1988,1,5,"Richmond, Mitch",SG,Kansas State
378,1988,1,6,"Hawkins, Hersey",SG,Bradley
379,1988,1,7,"Perry, Tim",F,Temple
380,1988,1,8,"Chapman, Rex",SG,Kentucky
381,1988,1,9,"Seikaly, Rony",C,Syracuse
382,1988,1,10,"Anderson, Willie",SG,Georgia
383,1988,1,11,"Perdue, Will",C,Vanderbilt
384,1988,1,12,"Grant, Harvey",SF,Oklahoma
385,1988,1,13,"Grayer, Jeff",PG,Iowa State
386,1988,1,14,"Majerle, Dan",SF,Central Michigan
387,1988,1,15,"Grant, Gary",PG,Michigan
388,1988,1,16,"Chievous, Derrick",SG,Missouri
389,1988,1,17,"Leckner, Eric",C,Wyoming
390,1988,1,18,"Berry, Ricky",SG,San Jose State
391,1988,1,19,"Strickland, Rod",PG,DePaul
392,1988,1,20,"Edwards, Kevin",SG,DePaul
393,1988,1,21,"Bryant, Mark",PF,Seton Hall
394,1988,1,22,"Keys, Randolph",SF,Southern Miss
395,1988,1,23,"Lane, Jerome",PF,Pittsburgh
396,1988,1,24,"Shaw, Brian",SG,UC Santa Barbara
397,1988,1,25,"Rivers, David",PG,Notre Dame
398,1988,2,26,"Ferreira, Rolando",C,Houston
399,1988,2,27,"Jones, Shelton",F,St. John's
400,1988,2,28,"Lang, Andrew",C,Arkansas
401,1988,2,29,"Del Negro, Vinny",SG,NC State
402,1988,2,30,"Dembo, Fennis",PF,Wyoming
403,1988,2,31,"Stephens, Everette",G,Purdue
404,1988,2,32,"Shackleford, Charles",F/C,NC State
405,1988,2,33,"Long, Grant",F,Eastern Michigan
406,1988,2,34,"Tolbert, Tom",F/C,Arizona
407,1988,2,35,"Gray, Sylvester",F,Memphis State
408,1988,2,36,"Eackles, Ledell",G/F,New Orleans
409,1988,2,37,"Butler, Greg",C,Stanford
410,1988,2,38,"Garrett, Dean",C,Indiana
411,1988,2,39,"Horford, Tito",C,Miami (FL)
412,1988,2,40,"Graham, Orlando",F,Auburn-Montgomery
413,1988,2,41,"Smart, Keith",G,Indiana
414,1988,2,42,"Moe, Jeff",SG,Iowa
415,1988,2,43,"Mitchell, Todd",F,Purdue
416,1988,2,44,"Taylor, Anthony",G,Oregon
417,1988,2,45,"Garrick, Tom",G,Rhode Island
418,1988,2,46,"Wiley, Morlon",G,Long Beach State
419,1988,2,47,"Maxwell, Vernon",SG,Florida
420,1988,2,48,"Williams, Micheal",G,Baylor
421,1988,2,49,"Vargas, JosÃ©",C/PF,LSU
422,1988,2,50,"Kerr, Steve",PG,Arizona
423,1989,1,1,Pervis Ellison,PF,LouisvilleÂ 
424,1989,1,2,Danny Ferry,PF,DukeÂ 
425,1989,1,3,Sean Elliott,SF/SG,ArizonaÂ 
426,1989,1,4,Glen Rice,SF,MichiganÂ 
427,1989,1,5,J. R. Reid,PF/C,North CarolinaÂ 
428,1989,1,6,Stacey King,C,OklahomaÂ 
429,1989,1,7,George McCloud,SG/SF,Florida StateÂ 
430,1989,1,8,Randy White,PF,Louisiana TechÂ 
431,1989,1,9,Tom Hammonds,PF/C,Georgia TechÂ 
432,1989,1,10,Pooh Richardson,PG,UCLAÂ 
433,1989,1,11,Nick Anderson,SF/SG,IllinoisÂ 
434,1989,1,12,Mookie Blaylock,PG,OklahomaÂ 
435,1989,1,13,Michael Smith,PF,BYUÂ 
436,1989,1,14,Tim Hardaway*,PG,UTEPÂ 
437,1989,1,15,Todd Lichti,SG,StanfordÂ 
438,1989,1,16,Dana Barros,PG,Boston CollegeÂ 
439,1989,1,17,Shawn Kemp,PF/C,Trinity Valley CC
440,1989,1,18,B. J. Armstrong,PG,IowaÂ 
441,1989,1,19,Kenny Payne,PF,LouisvilleÂ 
442,1989,1,20,Jeff Sanders,PF/C,Georgia SouthernÂ 
443,1989,1,21,Blue Edwards,SF/SG,East CarolinaÂ 
444,1989,1,22,Byron Irvin,SG,MissouriÂ 
445,1989,1,23,Roy Marble,SG/SF,IowaÂ 
446,1989,1,24,Anthony Cook,PF/C,ArizonaÂ 
447,1989,1,25,John Morton,PG,Seton HallÂ 
448,1989,1,26,Vlade Divac,C,KK PartizanÂ 
449,1989,1,27,Kenny Battle,PF,IllinoisÂ 
450,1989,2,28,Sherman Douglas,G,SyracuseÂ 
451,1989,2,29,Dyron Nix,F,TennesseeÂ 
452,1989,2,30,Frank Kornet,F,VanderbiltÂ 
453,1989,2,31,Jeff Martin,G,Murray StateÂ 
454,1989,2,32,Stanley Brundy,F,DePaulÂ 
455,1989,2,33,Jay Edwards,G,IndianaÂ 
456,1989,2,34,Gary Leonard,C,MissouriÂ 
457,1989,2,35,Pat Durham,F,Colorado StateÂ 
458,1989,2,36,Cliff Robinson,PF/C,ConnecticutÂ 
459,1989,2,37,Michael Ansley,F,AlabamaÂ 
460,1989,2,38,Doug West,G/F,VillanovaÂ 
461,1989,2,39,Ed Horton,PF/C,IowaÂ 
462,1989,2,40,Dino RaÄ‘a,PF,KK SplitÂ 
463,1989,2,41,Doug Roth,C,TennesseeÂ 
464,1989,2,42,Michael Cutright,SG,McNeese StateÂ 
465,1989,2,43,Chucky Brown,PF,North Carolina StateÂ 
466,1989,2,44,Reggie Cross,PF,HawaiiÂ 
467,1989,2,45,Scott Haffner,G,EvansvilleÂ 
468,1989,2,46,Ricky Blanton,F,LSUÂ 
469,1989,2,47,Reggie Turner,SF,UABÂ 
470,1989,2,48,Junie Lewis,PG,South AlabamaÂ 
471,1989,2,49,Haywoode Workman,G,Oral RobertsÂ 
472,1989,2,50,Brian Quinnett,F,Washington StateÂ 
473,1989,2,51,Mike Morrison,G,Loyola
474,1989,2,52,Greg Grant,G,Trenton StateÂ 
475,1989,2,53,Jeff Hodge,SG,South AlabamaÂ 
476,1989,2,54,Toney Mack,SG,GeorgiaÂ 
477,1990,1,1,Derrick Coleman,PF/C,Syracuse
478,1990,1,2,Gary Payton,PG,Oregon State
479,1990,1,3,Chris Jackson,PG,LSU
480,1990,1,4,Dennis Scott,SG/SF,Georgia Tech
481,1990,1,5,Kendall Gill,SG,Illinois
482,1990,1,6,Felton Spencer,C,Louisville
483,1990,1,7,Lionel Simmons,SF,La Salle
484,1990,1,8,Bo Kimble,SG,Loyola Marymount
485,1990,1,9,Willie Burton,SG,Minnesota
486,1990,1,10,Rumeal Robinson,PG,Michigan
487,1990,1,11,Tyrone Hill,PF,Xavier
488,1990,1,12,Alec Kessler,PF,Georgia
489,1990,1,13,Loy Vaught,PF,Michigan
490,1990,1,14,Travis Mays,PG,Texas
491,1990,1,15,Dave Jamerson,SG,Ohio
492,1990,1,16,Terry Mills,SF,Michigan
493,1990,1,17,Jerrod Mustaf,F/C,Maryland
494,1990,1,18,Duane Causwell,C,Temple
495,1990,1,19,Dee Brown,SG,Jacksonville
496,1990,1,20,Gerald Glass,SF/SG,Ole Miss
497,1990,1,21,Jayson Williams,PF/C,St. John's
498,1990,1,22,Tate George,SG,Connecticut
499,1990,1,23,Anthony Bonner,PF/SF,Saint Louis
500,1990,1,24,Dwayne Schintzius,C,Florida
501,1990,1,25,Alaa Abdelnaby,PF,Duke
502,1990,1,26,Lance Blanks,PG/SG,Texas
503,1990,1,27,Elden Campbell,PF/C,Clemson
504,1990,2,28,Les Jepsen,C,Iowa
505,1990,2,29,Toni KukoÄç,SF,KK SplitÂ 
506,1990,2,30,Carl Herrera,PF,Houston
507,1990,2,31,Negele Knight,G,Dayton
508,1990,2,32,Brian Oliver,G,Georgia Tech
509,1990,2,33,Walter Palmer,C/F,Dartmouth
510,1990,2,34,Kevin Pritchard,G,Kansas
511,1990,2,35,Greg Foster,F/C,UTEP
512,1990,2,36,Trevor Wilson,F,UCLA
513,1990,2,37,A.J. English,G,Virginia Union
514,1990,2,38,Jud Buechler,F/G,Arizona
515,1990,2,39,Steve Scheffler,C/F,Purdue
516,1990,2,40,Bimbo Coles,G,Virginia Tech
517,1990,2,41,Steve Bardo,G,Illinois
518,1990,2,42,Marcus Liberty,F,Illinois
519,1990,2,43,Tony Massenburg,F,Maryland
520,1990,2,44,Steve Henson,G,Kansas State
521,1990,2,45,Antonio Davis,F/C,UTEP
522,1990,2,46,Kenny Williams,F,Elizabeth City State
523,1990,2,47,Derek Strong,F,Xavier
524,1990,2,48,Cedric Ceballos,F,Cal State Fullerton
525,1990,2,49,Phil Henderson,SG,Duke
526,1990,2,50,MiloÅ¡ BabiÄ‡,C,Tennessee Tech
527,1990,2,51,Tony Smith,G,Marquette
528,1990,2,52,Stefano Rusconi,PF/C,Ranger VareseÂ 
529,1990,2,53,Abdul Shamsid-Deen,C,Providence
530,1990,2,54,Sean Higgins,G/F,Michigan
531,1991,1,1,"Johnson, Larry",PF,UNLV
532,1991,1,2,"Anderson, Kenny",PG,Georgia Tech
533,1991,1,3,"Owens, Billy",SF,Syracuse
534,1991,1,4,"Mutombo, Dikembe",C,Georgetown
535,1991,1,5,"Smith, Steve",SG,Michigan State
536,1991,1,6,"Smith, Doug",PF,Missouri
537,1991,1,7,"Longley, Luc",C,New Mexico
538,1991,1,8,"Macon, Mark",SG,Temple
539,1991,1,9,Stacey Augmon,SG/SF,UNLV
540,1991,1,10,"Williams, Brian",PF/C,Arizona
541,1991,1,11,"Brandon, Terrell",PG,Oregon
542,1991,1,12,"Anthony, Greg",PG,UNLV
543,1991,1,13,"Davis, Dale",PF,Clemson
544,1991,1,14,"King, Rich",C,Nebraska
545,1991,1,15,"Avent, Anthony",PF,Seton Hall
546,1991,1,16,"Gatling, Chris",PF,Old Dominion
547,1991,1,17,"Alexander, Victor",C,Iowa State
548,1991,1,18,"Brooks, Kevin",SF,Southwestern Louisiana
549,1991,1,19,"Smith, LaBradford",SG,Louisville
550,1991,1,20,"Turner, John",PF,Phillips
551,1991,1,21,"Murdock, Eric",PG,Providence
552,1991,1,22,"Ellis, LeRon",PF,Syracuse
553,1991,1,23,"Roberts, Stanley",C,Real Madrid
554,1991,1,24,"Fox, Rick",SF,North Carolina
555,1991,1,25,"Vandiver, Shaun",PF,Colorado
556,1991,1,26,"Randall, Mark",PF,Kansas
557,1991,1,27,"Chilcutt, Pete",PF,North Carolina
558,1991,2,28,"Lynch, Kevin",G/F,Minnesota
559,1991,2,29,"Ackles, George",C/PF,UNLV
560,1991,2,30,"Monroe, Rodney",G/F,NC State
561,1991,2,31,"Brown, Randy",PG,New Mexico State
562,1991,2,32,"Gallagher, Chad",C,Creighton
563,1991,2,33,"Hodge, Donald",C,Temple
564,1991,2,34,"Brown, Myron",G,Slippery Rock
565,1991,2,35,"Iuzzolino, Mike",G,Saint Francis (PA)
566,1991,2,36,"Corchiani, Chris",G,NC State
567,1991,2,37,"Perry, Elliot",PG,Memphis State
568,1991,2,38,"Wylie, Joe",PF,Miami (FL)
569,1991,2,39,"Oliver, Jimmy",G/F,Purdue
570,1991,2,40,"Overton, Doug",PG,La Salle
571,1991,2,41,"Green, Sean",F/G,Iona
572,1991,2,42,"Hood, Steve",SF,James Madison
573,1991,2,43,"Strothers, Lamont",G,Christopher Newport
574,1991,2,44,"TeherÃ¡n, ÃÅlvaro",C,Houston
575,1991,2,45,"Phills, Bobby",SG,Southern
576,1991,2,46,"Dumas, Richard",F,Hapoel Holon
577,1991,2,47,"Hughes, Keith",PF,Rutgers
578,1991,2,48,"Austin, Isaac",C,Arizona State
579,1991,2,49,"Sutton, Greg",G,Oral Roberts
580,1991,2,50,"Wright, Joey",SG,Texas
581,1991,2,51,"Tabak, Å_an",C,KK Split
582,1991,2,52,"Jones, Anthony",SF,Oral Roberts
583,1991,2,53,"McDade, Von",SG,Milwaukee
584,1991,2,54,"Kennedy, Marcus",PF,Eastern Michigan
585,1992,1,1,Shaquille O'Neal,C,LSUÂ 
586,1992,1,2,Alonzo Mourning,C,GeorgetownÂ 
587,1992,1,3,Christian Laettner,PF,DukeÂ 
588,1992,1,4,Jimmy Jackson,SG,Ohio StateÂ 
589,1992,1,5,LaPhonso Ellis,PF,Notre DameÂ 
590,1992,1,6,Tom Gugliotta,PF,NC StateÂ 
591,1992,1,7,Walt Williams,SF,MarylandÂ 
592,1992,1,8,Todd Day,SG,ArkansasÂ 
593,1992,1,9,Clarence Weatherspoon,PF,Southern MissÂ 
594,1992,1,10,Adam Keefe,PF,StanfordÂ 
595,1992,1,11,Robert Horry,SF,AlabamaÂ 
596,1992,1,12,Harold Miner,SG,USCÂ 
597,1992,1,13,Bryant Stith,SG,VirginiaÂ 
598,1992,1,14,Malik Sealy,SF,St. John'sÂ 
599,1992,1,15,Anthony Peeler,SG,MissouriÂ 
600,1992,1,16,Randy Woods,PG,La SalleÂ 
601,1992,1,17,Doug Christie,SG,PepperdineÂ 
602,1992,1,18,Tracy Murray,SF,UCLAÂ 
603,1992,1,19,Don MacLean,PF,UCLAÂ 
604,1992,1,20,Hubert Davis,SG,North CarolinaÂ 
605,1992,1,21,Jon Barry,SG,Georgia TechÂ 
606,1992,1,22,Oliver Miller,C,ArkansasÂ 
607,1992,1,23,Lee Mayberry,PG,ArkansasÂ 
608,1992,1,24,Latrell Sprewell,SG,AlabamaÂ 
609,1992,1,25,Elmore Spencer,C,UNLVÂ 
610,1992,1,26,Dave Johnson,SF,SyracuseÂ 
611,1992,1,27,Byron Houston,PF,Oklahoma StateÂ 
612,1992,2,28,Marlon Maxey,PF,UTEP
613,1992,2,29,P. J. Brown,PF,Louisiana Tech
614,1992,2,30,Sean Rooks,PF/C,Arizona
615,1992,2,31,Reggie Smith,C,TCU
616,1992,2,32,Brent Price,G,Oklahoma
617,1992,2,33,Corey Williams,G,Oklahoma State
618,1992,2,34,Chris Smith,G,Connecticut
619,1992,2,35,Tony Bennett,G,Wisconsinâ€“Green Bay
620,1992,2,36,Duane Cooper,G,USC
621,1992,2,37,Isaiah Morris,F,Arkansas
622,1992,2,38,Elmer Bennett,G,Notre Dame
623,1992,2,39,Litterial Green,G,Georgia
624,1992,2,40,Steve Rogers,SG/SF,Alabama State
625,1992,2,41,Popeye Jones,F,Murray State
626,1992,2,42,Matt Geiger,C,Georgia Tech
627,1992,2,43,Predrag DaniloviÄ‡,SG,"KK Partizan,Â Yugoslavia"
628,1992,2,44,Henry Williams,G,UNC-Charlotte
629,1992,2,45,Chris King,F,Wake Forest
630,1992,2,46,Robert Werdann,C,St. John's
631,1992,2,47,Darren Morningstar,C,Pittsburgh
632,1992,2,48,Brian Davis,F/G,Duke
633,1992,2,49,Ron Ellis,PF,Louisiana Tech
634,1992,2,50,Matt Fish,F,UNC-Wilmington
635,1992,2,51,Tim Burroughs,PF,Jacksonville
636,1992,2,52,Matt Steigenga,F,Michigan State
637,1992,2,53,Curtis Blair,PG,Richmond
638,1992,2,54,Brett Roberts,SF,Morehead State
639,1993,1,1,"Webber, Chris",PF/C,Michigan
640,1993,1,2,"Bradley, Shawn",C,BYU
641,1993,1,3,"Hardaway, Penny",PG/SG,Memphis State
642,1993,1,4,"Mashburn, Jamal",SF,Kentucky
643,1993,1,5,"Rider, Isaiah",SG,UNLV
644,1993,1,6,"Cheaney, Calbert",SG/SF,Indiana
645,1993,1,7,"Hurley, Bobby",PG,Duke
646,1993,1,8,"Baker, Vin",PF,Hartford
647,1993,1,9,"Rogers, Rodney",PF,Wake Forest
648,1993,1,10,"Hunter, Lindsey",PG,Jackson State
649,1993,1,11,"Houston, Allan",SG,Tennessee
650,1993,1,12,"Lynch, George",SF,North Carolina
651,1993,1,13,"Dehere, Terry",SG,Seton Hall
652,1993,1,14,"Haskin, Scott",PF,Oregon State
653,1993,1,15,"Edwards, Doug",SF,Florida State
654,1993,1,16,"Walters, Rex",SG,Kansas
655,1993,1,17,"Graham, Greg",SG,Indiana
656,1993,1,18,"Wright, Luther",C,Seton Hall
657,1993,1,19,"Earl, Acie",C,Iowa
658,1993,1,20,"Burrell, Scott",SF,Connecticut
659,1993,1,21,"Robinson, James",SG,Alabama
660,1993,1,22,"Mills, Chris",SF,Arizona
661,1993,1,23,"Johnson, Ervin",C,New Orleans
662,1993,1,24,"Cassell, Sam",PG,Florida State
663,1993,1,25,"Blount, Corie",PF,Cincinnati
664,1993,1,26,"Hammink, Geert",C,LSU
665,1993,1,27,"Mackey, Malcolm",PF,Georgia Tech
666,1993,2,28,"Harris, Lucious",PG,Long Beach State
667,1993,2,29,"Mills, Sherron",F/C,VCU
668,1993,2,30,"MureÈ™an, Gheorghe",C,Pau-Orthez
669,1993,2,31,"Burns, Evers",F,Maryland
670,1993,2,32,"Ford, Alphonso",SG,Mississippi Valley State
671,1993,2,33,"Riley, Eric",C,Michigan
672,1993,2,34,"Mee, Darnell",SG,Western Kentucky
673,1993,2,35,"Stokes, Ed",C,Arizona
674,1993,2,36,"Best, John",F/C,Tennessee Tech
675,1993,2,37,"Van Exel, Nick",PG,Cincinnati
676,1993,2,38,"McRae, Conrad",PF,Syracuse
677,1993,2,39,"Hill, Thomas",SG/SF,Duke
678,1993,2,40,"Manning, Rich",C,Washington
679,1993,2,41,"Reed, Anthony",F,Tulane
680,1993,2,42,"Jordan, Adonis",PG,Kansas
681,1993,2,43,"Grant, Josh",PF,Utah
682,1993,2,44,"Holcombe, Alex",C,Baylor
683,1993,2,45,"Russell, Bryon",SF,Long Beach State
684,1993,2,46,"PetruÅ¡ka, Richard",C,UCLA
685,1993,2,47,"Whitney, Chris",PG,Clemson
686,1993,2,48,"Thompson, Kevin",C,NC State
687,1993,2,49,"Buford, Mark",C,Mississippi Valley State
688,1993,2,50,"Nicola, Marcelo",PF,Taugres
689,1993,2,51,"Dunkley, Spencer",C,Delaware
690,1993,2,52,"Peplowski, Mike",C,Michigan State
691,1993,2,53,"White, Leonard",F,Southern
692,1993,2,54,"Wilson, Byron",SG/SF,Utah
693,1994,1,1,"Robinson, Glenn",SF,Purdue
694,1994,1,2,"Kidd, Jason",PG,California
695,1994,1,3,"Hill, Grant",SF,Duke
696,1994,1,4,"Marshall, Donyell",SF,Connecticut
697,1994,1,5,"Howard, Juwan",PF,Michigan
698,1994,1,6,"Wright, Sharone",PF/C,Clemson
699,1994,1,7,"Murray, Lamond",SF,California
700,1994,1,8,"Grant, Brian",PF,Xavier
701,1994,1,9,"Montross, Eric",C,North Carolina
702,1994,1,10,"Jones, Eddie",SG,Temple
703,1994,1,11,"Rogers, Carlos",SF,Tennessee State
704,1994,1,12,"Reeves, Khalid",PG,Arizona
705,1994,1,13,"Rose, Jalen",G/F,Michigan
706,1994,1,14,"Dare, Yinka",C,George Washington
707,1994,1,15,"Piatkowski, Eric",SG,Nebraska
708,1994,1,16,"Rozier, Clifford",PF,Louisville
709,1994,1,17,"McKie, Aaron",SG,Temple
710,1994,1,18,"Mobley, Eric",PF,Pittsburgh
711,1994,1,19,"Dumas, Tony",SG,UMKC
712,1994,1,20,"Tyler, B.J.",PG,Texas
713,1994,1,21,"Simpkins, Dickey",PF,Providence
714,1994,1,22,"Curley, Bill",PF,Boston College
715,1994,1,23,"Person, Wesley",SG,Auburn
716,1994,1,24,"Williams, Monty",SF,Notre Dame
717,1994,1,25,"Minor, Greg",SG,Louisville
718,1994,1,26,"Ward, Charlie",PG,Florida State
719,1994,1,27,"Thompson, Brooks",PG,Oklahoma State
720,1994,2,28,"Thomas, Deon",F/C,Illinois
721,1994,2,29,"Lang, Antonio",F/G,Duke
722,1994,2,30,"Eisley, Howard",PG,Boston College
723,1994,2,31,"Dent, Rodney",F/C,Kentucky
724,1994,2,32,"McIlvaine, Jim",C,Marquette
725,1994,2,33,"Alston, Derrick",F,Duquesne
726,1994,2,34,"Nickerson, Gaylon",G,Northwestern Oklahoma State
727,1994,2,35,"Smith, Michael",F,Providence
728,1994,2,36,"Fetisov, Andrei",F,Forum Valladolid
729,1994,2,37,"Wingfield, Dontonio",F,Cincinnati
730,1994,2,38,"Hancock, Darrin",G/F,Kansas
731,1994,2,39,"Miller, Anthony",F,Michigan State
732,1994,2,40,"Webster, Jeff",F,Oklahoma
733,1994,2,41,"Njoku, William",PF,St. Mary's (Canada)
734,1994,2,42,"Collier, Gary",SF,Tulsa
735,1994,2,43,"Scott, Shawnelle",C,St. John's
736,1994,2,44,"Bailey, Damon",G,Indiana
737,1994,2,45,"Morton, Dwayne",F,Louisville
738,1994,2,46,"Lenard, Voshon",SG,Minnesota
739,1994,2,47,"Watson, Jamie",F,South Carolina
740,1994,2,48,"Crudup, Jevon",F/C,Missouri
741,1994,2,49,"Bruton, Kris",SF,Benedict
742,1994,2,50,"Claxton, Charles",C,Georgia
743,1994,2,51,"Funderburke, Lawrence",PF,Ohio State
744,1994,2,52,"Goldwire, Anthony",PG,Houston
745,1994,2,53,"Burditt, Albert",PF,Texas
746,1994,2,54,"RebraÄça, Å_eljko",C,KK Partizan
747,1995,1,1,"Smith, Joe",PF,Maryland
748,1995,1,2,"McDyess, Antonio",PF,Alabama
749,1995,1,3,"Stackhouse, Jerry",SG,North Carolina
750,1995,1,4,"Wallace, Rasheed",PF,North Carolina
751,1995,1,5,"Garnett, Kevin",PF,Farragut Academy HS
752,1995,1,6,"Reeves, Bryant",C,Oklahoma State
753,1995,1,7,"Stoudamire, Damon",PG,Arizona
754,1995,1,8,"Respert, Shawn",SG,Michigan State
755,1995,1,9,"O'Bannon, Ed",SF,UCLA
756,1995,1,10,"Thomas, Kurt",PF/C,TCU
757,1995,1,11,"Trent, Gary",PF,Ohio
758,1995,1,12,"Parks, Cherokee",C,Duke
759,1995,1,13,"Williamson, Corliss",PF,Arkansas
760,1995,1,14,"Williams, Eric",SF,Providence
761,1995,1,15,"Barry, Brent",SG,Oregon State
762,1995,1,16,"Henderson, Alan",PF,Indiana
763,1995,1,17,"Sura, Bob",SG,Florida State
764,1995,1,18,"Ratliff, Theo",PF/C,Wyoming
765,1995,1,19,"Childress, Randolph",PG,Wake Forest
766,1995,1,20,"Caffey, Jason",PF,Alabama
767,1995,1,21,"Finley, Michael",SF/SG,Wisconsin
768,1995,1,22,"Zidek, George",C,UCLA
769,1995,1,23,"Best, Travis",PG,Georgia Tech
770,1995,1,24,"Meyer, Loren",PF,Iowa State
771,1995,1,25,"Vaughn, David",PF/C,Memphis
772,1995,1,26,"Ford, Sherell",PF,UIC
773,1995,1,27,"Bennett, Mario",PF,Arizona State
774,1995,1,28,"Ostertag, Greg",C,Kansas
775,1995,1,29,"Alexander, Cory",PG,Virginia
776,1995,2,30,"Roe, Lou",F,UMass
777,1995,2,31,"TarlaÄ‡, Dragan",C,Olympiakos
778,1995,2,32,"Rencher, Terrence",G,Texas
779,1995,2,33,"Burrough, Junior",F,Virginia
780,1995,2,34,"DeClercq, Andrew",PF/C,Florida
781,1995,2,35,"King, Jimmy",G,Michigan
782,1995,2,36,"Moten, Lawrence",G,Syracuse
783,1995,2,37,"King, Frankie",G,Western Carolina
784,1995,2,38,"Griffith, Rashard",C,Wisconsin
785,1995,2,39,"Marshall, Donny",F,Connecticut
786,1995,2,40,"Whitfield, Dwayne",F,Jackson State
787,1995,2,41,"Meek, Erik",C,Duke
788,1995,2,42,"Boyce, Donnie",G,Colorado
789,1995,2,43,"Snow, Eric",PG,Michigan State
790,1995,2,44,"Pelle, Anthony",C,Fresno State
791,1995,2,45,"Brown, Troy",F/C,Providence
792,1995,2,46,"Banks, George",F,UTEP
793,1995,2,47,"Edney, Tyus",PG,UCLA
794,1995,2,48,"Davis, Mark",G/F,Texas Tech
795,1995,2,49,"Allen, Jerome",G,Pennsylvania
796,1995,2,50,"Lewis, Martin",F,Seward County
797,1995,2,51,"Bodiroga, Dejan",SF,Olimpia (Stefanel) Milano
798,1995,2,52,"Hoiberg, Fred",SG,Iowa State
799,1995,2,53,"Popa, Constantin",C,Miami (Florida)
800,1995,2,54,"Zukauskas, Eurelijus",C,NeptÅ«nas KlaipÄ—da
801,1995,2,55,"McDonald, Michael",C,New Orleans
802,1995,2,56,"Carr, Chris",G,Southern Illinois
803,1995,2,57,"Martin, Cuonzo",G/F,Purdue
804,1995,2,58,"Reid, Don",F,Georgetown
805,1996,1,1,"Iverson, Allen",G,Georgetown
806,1996,1,2,"Camby, Marcus",C,Massachusetts
807,1996,1,3,"Abdur-Rahim, Shareef",F,California
808,1996,1,4,"Marbury, Stephon",G,Georgia Tech
809,1996,1,5,"Allen, Ray",G,Connecticut
810,1996,1,6,"Walker, Antoine",F,Kentucky
811,1996,1,7,"Wright, Lorenzen",C,Memphis
812,1996,1,8,"Kittles, Kerry",G,Villanova
813,1996,1,9,"Walker, Samaki",F,Louisville
814,1996,1,10,"Dampier, Erick",C,Mississippi State
815,1996,1,11,"Fuller, Todd",C,NC State
816,1996,1,12,"Potapenko, Vitaly",C,Wright State
817,1996,1,13,"Bryant, Kobe",G,Lower Merion HS
818,1996,1,14,"StojakoviÄ‡, Peja",F,PAOK
819,1996,1,15,"Nash, Steve",G,Santa Clara
820,1996,1,16,"Delk, Tony",G,Kentucky
821,1996,1,17,"O'Neal, Jermaine",F/C,Eau Claire HS
822,1996,1,18,"Wallace, John",F,Syracuse
823,1996,1,19,"McCarty, Walter",F,Kentucky
824,1996,1,20,"Ilgauskas, Å_ydrÅ«nas",C,Atletas Kaunas
825,1996,1,21,"Jones, Dontae",F,Mississippi State
826,1996,1,22,"Rogers, Roy",F,Alabama
827,1996,1,23,"Rentzias, Efthimios",C,PAOK
828,1996,1,24,"Fisher, Derek",G,Arkansas-Little Rock
829,1996,1,25,"MÃ_Ã_rsepp, Martin",F,Tallinna Kalev
830,1996,1,26,"Williams, Jerome",F,Georgetown
831,1996,1,27,"Evans, Brian",F,Indiana
832,1996,1,28,"Lauderdale, Priest",C,Peristeri
833,1996,1,29,"Knight, Travis",C,Connecticut
834,1996,2,30,"Harrington, Othella",F/C,Georgetown
835,1996,2,31,"Hendrickson, Mark",G,Washington State
836,1996,2,32,"Minor, Ryan",G,Oklahoma
837,1996,2,33,"Norris, Moochie",G,West Florida
838,1996,2,34,"Harvey, Shawn",G,West Virginia State
839,1996,2,35,"Blair, Joseph",C,Arizona
840,1996,2,36,"Sheffer, Doron",G,Connecticut
841,1996,2,37,"McInnis, Jeff",G,North Carolina
842,1996,2,38,"Hamer, Steve",C,Tennessee
843,1996,2,39,"Millard, Russ",F,Iowa
844,1996,2,40,"Mann, Marcus",F,Mississippi Valley State
845,1996,2,41,"Sasser, Jason",F,Texas Tech
846,1996,2,42,"Livingston, Randy",G,LSU
847,1996,2,43,"Davis, Ben",F,Arizona
848,1996,2,44,"Rose, Malik",F,Drexel
849,1996,2,45,"Vogel, Joe",C,Colorado State
850,1996,2,46,"Brown, Marcus",G,Murray State
851,1996,2,47,"Riley, Ron",G/F,Arizona State
852,1996,2,48,"Feick, Jamie",F,Michigan State
853,1996,2,49,"McCaskill, Amal",C,Marquette
854,1996,2,50,"Bell, Terrell",C,Georgia
855,1996,2,51,"Robinson, Chris",G,Western Kentucky
856,1996,2,52,"Pope, Mark",F,Kentucky
857,1996,2,53,"Nordgaard, Jeff",F,Wisconsinâ€“Green Bay
858,1996,2,54,"Anderson, Shandon",F,Georgia
859,1996,2,55,"Henderson, Ronnie",G,LSU
860,1996,2,56,"Geary, Reggie",G,Arizona
861,1996,2,57,"Barry, Drew",G,Georgia Tech
862,1996,2,58,"Robinson, Darnell",F,Arkansas
863,1997,1,1,Tim Duncan,PF/C,Wake Forest
864,1997,1,2,"Van Horn, Keith",PF,Utah
865,1997,1,3,"Billups, Chauncey",PG,Colorado
866,1997,1,4,"Daniels, Antonio",PG,Bowling Green
867,1997,1,5,"Battie, Tony",C/F,Texas Tech
868,1997,1,6,"Mercer, Ron",SF,Kentucky
869,1997,1,7,"Thomas, Tim",SF,Villanova
870,1997,1,8,"Foyle, Adonal",C,Colgate
871,1997,1,9,"McGrady, Tracy",SG/SF,Mt. Zion Christian Academy
872,1997,1,10,"Fortson, Danny",PF,Cincinnati
873,1997,1,11,"Abdul-Wahad, Tariq",SF,San Jose State
874,1997,1,12,"Croshere, Austin",PF,Providence
875,1997,1,13,"Anderson, Derek",SG,Kentucky
876,1997,1,14,"Taylor, Maurice",PF,Michigan
877,1997,1,15,"Cato, Kelvin",C,Iowa State
878,1997,1,16,"Knight, Brevin",PG,Stanford
879,1997,1,17,"Taylor, Johnny",PF,Chattanooga
880,1997,1,18,"Anstey, Chris",PF,SE Melbourne Magic
881,1997,1,19,"Pollard, Scot",C,Kansas
882,1997,1,20,"Grant, Paul",C,Wisconsin
883,1997,1,21,"Parker, Anthony",SG,Bradley
884,1997,1,22,"Gray, Ed",PG/SG,California
885,1997,1,23,"Jackson, Bobby",PG,Minnesota
886,1997,1,24,"Rhodes, Rodrick",SG,USC
887,1997,1,25,"Thomas, John",C,Minnesota
888,1997,1,26,"Smith, Charles",SG,New Mexico
889,1997,1,27,"Vaughn, Jacque",PG,Kansas
890,1997,1,28,"Booth, Keith",SF,Maryland
891,1997,2,29,"Zwikker, Serge",C,North Carolina
892,1997,2,30,"Sanford, Mark",SF/PF,Washington
893,1997,2,31,"O'Bannon, Charles",PG,UCLA
894,1997,2,32,"Cotton, James",SF,Long Beach State
895,1997,2,33,"MiliÄç, Marko",PG/SG,Smelt Olimpija
896,1997,2,34,"Wells, Bubba",SF/PF,Austin Peay
897,1997,2,35,"Stewart, Kebu",SF/PF,Cal State Bakersfield
898,1997,2,36,"Collins, James",PG/SG,Florida State
899,1997,2,37,"Jackson, Marc",SF/PF,Temple
900,1997,2,38,"Honeycutt, Jerald",PF,Tulane
901,1997,2,39,"Johnson, Anthony",PG/SG,College of Charleston
902,1997,2,40,"Elisma, Ed",SF,Georgia Tech
903,1997,2,41,"Lawson, Jason",C,Villanova
904,1997,2,42,"Jackson, Stephen",SG,Butler CC
905,1997,2,43,"Malone, Gordon",SF,West Virginia
906,1997,2,44,"Henderson, Cedric",PF,Memphis
907,1997,2,45,"Shammgod, God",PG,Providence
908,1997,2,46,"Washington, Eric",SG,Alabama
909,1997,2,47,"Williams, Alvin",PG,Villanova
910,1997,2,48,"Drobnjak, Predrag",C,KK Partizan
911,1997,2,49,"Digbeu, Alain",SG,ASVEL Lyon-Villeurbanne
912,1997,2,50,"Crawford, Chris",SF,Marquette
913,1997,2,51,"Wheat, DeJuan",PG,Louisville
914,1997,2,52,"Bruton, C.J.",PG/SG,Indian Hills CC
915,1997,2,53,"Rogers, Paul",C,Gonzaga
916,1997,2,54,"Blount, Mark",C,Pittsburgh
917,1997,2,55,"Pepper, Ben",C,Newcastle Falcons
918,1997,2,56,"Erdmann, Nate",SG,Oklahoma
919,1997,2,57,"DueÃ±as, Roberto",C,FC Barcelona
920,1998,1,1,"Olowokandi, Michael",C,Pacific
921,1998,1,2,"Bibby, Mike",PG,Arizona
922,1998,1,3,"LaFrentz, Raef",C/F,Kansas
923,1998,1,4,"Jamison, Antawn",F,North Carolina
924,1998,1,5,"Carter, Vince",G/F,North Carolina
925,1998,1,6,"Traylor, Robert",F/C,Michigan
926,1998,1,7,"Williams, Jason",PG,Florida
927,1998,1,8,"Hughes, Larry",SG,Saint Louis
928,1998,1,9,"Nowitzki, Dirk",PF,DJK WÃ_rzburg
929,1998,1,10,"Pierce, Paul",G/F,Kansas
930,1998,1,11,"Wells, Bonzi",G/F,Ball State
931,1998,1,12,"Doleac, Michael",C,Utah
932,1998,1,13,"Clark, Keon",F/C,UNLV
933,1998,1,14,"Dickerson, Michael",SG,Arizona
934,1998,1,15,"Harpring, Matt",F/G,Georgia Tech
935,1998,1,16,"Drew, Bryce",PG,ValparaÃ_so
936,1998,1,17,"NesteroviÄç, Radoslav",C,Kinder Bologna
937,1998,1,18,"TÃ_rkcan, Mirsad",PF,Efes Pilsen
938,1998,1,19,"Garrity, Pat",PF,Notre Dame
939,1998,1,20,"McLeod, Roshown",SF,Duke
940,1998,1,21,"Davis, Ricky",G/F,Iowa
941,1998,1,22,"Skinner, Brian",F/C,Baylor
942,1998,1,23,"Lue, Tyronn",PG,Nebraska
943,1998,1,24,"LÃ_pez, Felipe",SG,St. John's
944,1998,1,25,"Harrington, Al",F,St. Patrick's High School
945,1998,1,26,"Jacobson, Sam",SG,Minnesota
946,1998,1,27,"Stepania, Vladimir",C,Olimpija Ljubljana
947,1998,1,28,"Benjamin, Corey",SG,Oregon State
948,1998,1,29,"Mohammed, Nazr",C/F,Kentucky
949,1998,2,30,"Sesay, Ansu",SF,Mississippi
950,1998,2,31,"Patterson, Ruben",SF,Cincinnati
951,1998,2,32,"Lewis, Rashard",PF,Alief Elsik HS
952,1998,2,33,"McCoy, Jelani",F/C,UCLA
953,1998,2,34,"Williams, Shammond",PG,North Carolina
954,1998,2,35,"Å undov, Bruno",C,Split
955,1998,2,36,"James, Jerome",C,Florida A&M
956,1998,2,37,"Shaw, Casey",C,Toledo
957,1998,2,38,"Johnson, DeMarco",PF,Charlotte
958,1998,2,39,"Alston, Rafer",PG,Fresno State
959,1998,2,40,"Young, Korleone",SF,Hargrave Military Academy
960,1998,2,41,"Mobley, Cuttino",SG,Rhode Island
961,1998,2,42,"Simon, Miles",SG,Arizona
962,1998,2,43,"White, Jahidi",F/C,Georgetown
963,1998,2,44,"Marks, Sean",PF,California
964,1998,2,45,"Bailey, Toby",SG,UCLA
965,1998,2,46,"Patterson, Andrae",SF,Indiana
966,1998,2,47,"Wheeler, Tyson",PG,Rhode Island
967,1998,2,48,"Stack, Ryan",C,South Carolina
968,1998,2,49,"Carr, Cory",SG,Texas Tech
969,1998,2,50,"Betts, Andrew",C,Long Beach State
970,1998,2,51,"Brewer, Corey",PG,Oklahoma
971,1998,2,52,"Dial, Derrick",SG,Eastern Michigan
972,1998,2,53,"Buckner, Greg",SG,Clemson
973,1998,2,54,"Fowlkes, Tremaine",SF,Fresno State
974,1998,2,55,"Bowen, Ryan",SF,Iowa
975,1998,2,56,"Henderson, J. R.",SF,UCLA
976,1998,2,57,"Braggs, Torraye",PF,Xavier
977,1998,2,58,"Baston, Maceo",PF,Michigan
978,1999,1,1,"Brand, Elton",PF/C,Duke
979,1999,1,2,"Francis, Steve",PG,Maryland
980,1999,1,3,"Davis, Baron",PG,UCLA
981,1999,1,4,"Odom, Lamar",PF/SF,Rhode Island
982,1999,1,5,"Bender, Jonathan",PF,Picayune Memorial HS
983,1999,1,6,"Szczerbiak, Wally",SG/SF,Miami (OH)
984,1999,1,7,"Hamilton, Richard",SG/SF,Connecticut
985,1999,1,8,"Miller, Andre",PG,Utah
986,1999,1,9,"Marion, Shawn",SF/PF,UNLV
987,1999,1,10,"Terry, Jason",SG/PG,Arizona
988,1999,1,11,"Langdon, Trajan",SG,Duke
989,1999,1,12,"RadojeviÄ‡, Aleksandar",C,Barton County CC
990,1999,1,13,"Maggette, Corey",SF/SG,Duke
991,1999,1,14,"Avery, William",PG,Duke
992,1999,1,15,"Weis, FrÃ©dÃ©ric",C,Limoges
993,1999,1,16,"Artest, Ron",SF,St. John's
994,1999,1,17,"Bowdler, Cal",PF,Old Dominion
995,1999,1,18,"Posey, James",SG/SF,Xavier
996,1999,1,19,"Lewis, Quincy",SF,Minnesota
997,1999,1,20,"Glover, Dion",SG,Georgia Tech
998,1999,1,21,"Foster, Jeff",PF,Southwest Texas State
999,1999,1,22,"Thomas, Kenny",PF,New Mexico
1000,1999,1,23,"George, Devean",SF,Augsburg
1001,1999,1,24,"Kirilenko, Andrei",SF,CSKA Moscow
1002,1999,1,25,"James, Tim",SF,Miami
1003,1999,1,26,"Cummings, Vonteego",PG,Pittsburgh
1004,1999,1,27,"Jones, Jumaine",SF,Georgia
1005,1999,1,28,"Padgett, Scott",PF,Kentucky
1006,1999,1,29,"Smith, Leon",PF,King College Prep HS
1007,1999,2,30,"Celestand, John",PG,Villanova
1008,1999,2,31,"Hill, Rico",F,Illinois State
1009,1999,2,32,"Ruffin, Michael",PF,Tulsa
1010,1999,2,33,"Herren, Chris",G,Fresno State
1011,1999,2,34,"Eschmeyer, Evan",C,Northwestern
1012,1999,2,35,"Booth, Calvin",C,Penn State
1013,1999,2,36,"Wang Zhizhi,",C,Bayi Rockets
1014,1999,2,37,"Ekezie, Obinna",C,Maryland
1015,1999,2,38,"Profit, Laron",SG/SF,Maryland
1016,1999,2,39,"Bramlett, A. J.",C,Arizona
1017,1999,2,40,"GiriÄçek, Gordan",G/F,CSKA Moscow
1018,1999,2,41,"Elson, Francisco",C,California
1019,1999,2,42,"Bullock, Louis",G,Michigan
1020,1999,2,43,"Nailon, Lee",SF,TCU
1021,1999,2,44,"Washington, Tyrone",C,Mississippi State
1022,1999,2,45,"Robertson, Ryan",G,Kansas
1023,1999,2,46,"Koch, J. R.",F,Iowa
1024,1999,2,47,Macculloch,C,Washington
1025,1999,2,48,"Young, Galen",G,Charlotte
1026,1999,2,49,"Ketner, Lari",C,UMass
1027,1999,2,50,"Hamilton, Venson",C,Nebraska
1028,1999,2,51,"Smith, Antwain",F,Saint Paul's
1029,1999,2,52,"Bergersen, Roberto",G,Boise State
1030,1999,2,53,"Buford, Rodney",SG,Creighton
1031,1999,2,54,"Levett, Melvin",SG,Cincinnati
1032,1999,2,55,"Clack, Kris",G,Texas
1033,1999,2,56,"Young, Tim",C,Stanford
1034,1999,2,57,"GinÃ_bili, Manu",SG,Viola Reggio Calabria
1035,1999,2,58,"Lucas, Eddie",G,Virginia Tech
1036,2000,1,1,"Martin, Kenyon",PF,Cincinnato (Sr.)
1037,2000,1,2,"Swift, Stromile",PF/C,LSU
1038,2000,1,3,"Miles, Darius",SF/PF,East St. Louis HS (Illinois)
1039,2000,1,4,"Fizer, Marcus",PF/SF,Iowa State
1040,2000,1,5,"Miller, Mike",SF/SG,Florida
1041,2000,1,6,"Johnson, DerMarr",SG/SF,Cincinnati
1042,2000,1,7,"Mihm, Chris",C/PF,Texas
1043,2000,1,8,"Crawford, Jamal",SG,Michigan
1044,2000,1,9,"Przybilla, Joel",C,Minnesota
1045,2000,1,10,"Dooling, Keyon",SG,Missouri
1046,2000,1,11,Moiso,PF,UCLA
1047,2000,1,12,"Thomas, Etan",PF/C,Syracuse
1048,2000,1,13,"Alexander, Courtney",SG,Fresno State
1049,2000,1,14,"Cleaves, Mateen",PG,Michigan State
1050,2000,1,15,"Collier, Jason",C,Georgia Tech
1051,2000,1,16,Turkoglu,SF/PF,Efes Pilsen
1052,2000,1,17,"Mason, Desmond",SF/SG,Oklahoma State
1053,2000,1,18,"Richardson, Quentin",SF/SG,DePaul
1054,2000,1,19,"Magloire, Jamaal",PF/C,Kentucky
1055,2000,1,20,"Claxton, Speedy",PG,Hofstra
1056,2000,1,21,"Peterson, Morris",SF/SG,Michigan State
1057,2000,1,22,"Harvey, Donnell",SF,Florida
1058,2000,1,23,"Stevenson, DeShawn",SG,Washington Union HS
1059,2000,1,24,"BagariÄ‡, Dalibor",C,Benston Zagreb
1060,2000,1,25,"Tsakalidis, Iakovos ""Jake""",C,AEK
1061,2000,1,26,"N'Diaye, Mamadou",C,Auburn
1062,2000,1,27,"Brezec, PrimoÅ_",C,Union Olimpija
1063,2000,1,28,"Barkley, Erick",PG,St. John's
1064,2000,1,29,"Madsen, Mark",PF,Stanford
1065,2000,2,30,"JariÄ‡, Marko",G,Paf Bologna
1066,2000,2,31,"Langhi, Dan",PF,Vanderbilt
1067,2000,2,32,"Guyton, A.J.",PG,Indiana
1068,2000,2,33,"Voskuhl, Jake",C,Connecticut
1069,2000,2,34,"El-Amin, Khalid",PG,Connecticut
1070,2000,2,35,"Smith, Mike",F,Louisiana-Monroe
1071,2000,2,36,"Samake, Soumaila",C,Cincinnati Stuff
1072,2000,2,37,"House, Eddie",SG,Arizona State
1073,2000,2,38,"NÃ¡jera, Eduardo",PF,Oklahoma
1074,2000,2,39,"Postell, Lavor",SG,St. John's
1075,2000,2,40,Mottola,SF/PF,Utah
1076,2000,2,41,"Carrawell, Chris",SG,Duke
1077,2000,2,42,"Oyedeji, Olumide",PF,WÃ_rzburg
1078,2000,2,43,"Redd, Michael",SG,Ohio State
1079,2000,2,44,"Cardinal, Brian",PF,Purdue
1080,2000,2,45,"Smith, Jabari",C,LSU
1081,2000,2,46,"Hulett, DeeAndre",G,COS
1082,2000,2,47,"Sesar, Josip",G,Cibona Zagreb
1083,2000,2,48,"Karcher, Mark",PG,Temple
1084,2000,2,49,"Hart, Jason",PG,Syracuse
1085,2000,2,50,"Dickens, Kaniel",F,Idaho
1086,2000,2,51,"RakoÄçeviÄ‡, Igor",G,Red Star Belgrade
1087,2000,2,52,"Brown, Ernest",C,Indian Hills CC
1088,2000,2,53,"McClintock, Dan",C,Northern Arizona
1089,2000,2,54,"Hightower, Cory",G,Indian Hills CC
1090,2000,2,55,"Porter, Chris",F,Auburn
1091,2000,2,56,"Walls, Jaquay",G,Colorado
1092,2000,2,57,"Penn, Scoonie",G,Ohio State
1093,2000,2,58,"Mickeal, Pete",F,Cincinnati
1094,2001,1,1,"Brown, Kwame",C,Glynn Academy
1095,2001,1,2,"Chandler, Tyson",C,Dominguez HS
1096,2001,1,3,"Gasol, Pau",PF/C,FC Barcelona
1097,2001,1,4,"Curry, Eddy",C,Thornwood HS
1098,2001,1,5,"Richardson, Jason",SG,Michigan State
1099,2001,1,6,"Battier, Shane",SF,Duke
1100,2001,1,7,"Griffin, Eddie",PF,Seton Hall
1101,2001,1,8,"Diop, DeSagana",C,Oak Hill Academy
1102,2001,1,9,"White, Rodney",SF/PF,Charlotte
1103,2001,1,10,"Johnson, Joe",SG,Arkansas
1104,2001,1,11,"Brown, Kedrick",SF,Okaloosa-Walton CC
1105,2001,1,12,"RadmanoviÄ‡, Vladimir",PF,Red Star Belgrade
1106,2001,1,13,"Jefferson, Richard",SF,Arizona
1107,2001,1,14,"Murphy, Troy",PF,Notre Dame
1108,2001,1,15,"Hunter, Steven",C,DePaul
1109,2001,1,16,"Haston, Kirk",PF,Indiana
1110,2001,1,17,"Bradley, Michael",PF,Villanova
1111,2001,1,18,"Collins, Jason",C,Stanford
1112,2001,1,19,"Randolph, Zach",PF,Michigan State
1113,2001,1,20,"Haywood, Brendan",C,North Carolina
1114,2001,1,21,"Forte, Joseph",SG,North Carolina
1115,2001,1,22,"Sasser, Jeryl",SG,SMU
1116,2001,1,23,"Armstrong, Brandon",SG,Pepperdine
1117,2001,1,24,"LÃ_pez, RaÃºl",PG,Real Madrid
1118,2001,1,25,"Wallace, Gerald",SF,Alabama
1119,2001,1,26,"Dalembert, Samuel",C,Seton Hall
1120,2001,1,27,"Tinsley, Jamaal",PG,Iowa State
1121,2001,1,28,"Parker, Tony",PG,Paris Basket Racing
1122,2001,1,29,Forfeited pick,None,None
1123,2001,2,30,"Hassell, Trenton",SG,Austin Peay
1124,2001,2,31,"Arenas, Gilbert",PG,Arizona
1125,2001,2,32,"Cook, Omar",PG,St. John's
1126,2001,2,33,"Solomon, Will",PG,Clemson
1127,2001,2,34,"Morris, Terence",SF,Maryland
1128,2001,2,35,"Scalabrine, Brian",PF,USC
1129,2001,2,36,"Trepagnier, Jeff",SG,USC
1130,2001,2,37,"Brown, Damone",SF,Syracuse
1131,2001,2,38,"Okur, Mehmet",C,Efes Pilsen
1132,2001,2,39,"Wright, Michael",PF,Arizona
1133,2001,2,40,"Watson, Earl",PG,UCLA
1134,2001,2,41,"Brewer, Jamison",PG,Auburn
1135,2001,2,42,"Simmons, Bobby",F/G,DePaul
1136,2001,2,43,"Chenowith, Eric",C,Kansas
1137,2001,2,44,"Hill, Kyle",PG,Eastern Illinois
1138,2001,2,45,"Lampley, Sean",SF,California
1139,2001,2,46,"Woods, Loren",C,Arizona
1140,2001,2,47,"Cisse, Ousmane",PF,St. Jude HS
1141,2001,2,48,"Fotsis, Antonis",SF,Panathinaikos
1142,2001,2,49,"Johnson, Ken",C,Ohio State
1143,2001,2,50,"Boumtje-Boumtje, Ruben",C,Georgetown
1144,2001,2,51,"Ford, Alton",PF,Houston
1145,2001,2,52,"Hutson, Andre",PF,Michigan State
1146,2001,2,53,"Collins, Jarron",F/C,Stanford
1147,2001,2,54,"Satterfield, Kenny",PG,Cincinnati
1148,2001,2,55,"Jeffers, Maurice",SG,Saint Louis
1149,2001,2,56,"Javtokas, Robertas",C,Lietuvos rytas Vilnius
1150,2001,2,57,"Jones, Alvin",C,Georgia Tech
1151,2001,2,58,"Bracey, Bryan",SF,Oregon
1152,2002,1,1,"Ming, Yao",C,Shanghai Sharks
1153,2002,1,2,"Williams, Jay",PG,Duke
1154,2002,1,3,"Dunleavy Jr., Mike",SF/SG,Duke
1155,2002,1,4,"Gooden, Drew",PF/C,Kansas
1156,2002,1,5,"Tskitishvili, Nikoloz",PF/C,Benetton Treviso
1157,2002,1,6,"Wagner, Dajuan",PG,Memphis
1158,2002,1,7,", NenÃª",C/PF,Vasco da Gama
1159,2002,1,8,"Wilcox, Chris",PF/C,Maryland
1160,2002,1,9,"Stoudemire, Amar'e",PF/C,Cypress Creek HS
1161,2002,1,10,"Butler, Caron",SF,Connecticut
1162,2002,1,11,"Jeffries, Jared",PF/C,Indiana
1163,2002,1,12,"Ely, Melvin",C/PF,Fresno State
1164,2002,1,13,"Haislip, Marcus",PF,Tennessee
1165,2002,1,14,"Jones, Fred",SG,Oregon
1166,2002,1,15,"Nachbar, BoÅ¡tjan",SF/PF,Benetton Treviso
1167,2002,1,16,"Welsch, JiÅ™Ã_",SG/SF,Union Olimpija
1168,2002,1,17,"Dixon, Juan",PG,Maryland
1169,2002,1,18,"Borchardt, Curtis",C,Stanford
1170,2002,1,19,"Humphrey, Ryan",PF,Notre Dame
1171,2002,1,20,"Rush, Kareem",SG,Missouri
1172,2002,1,21,"Woods, Qyntel",SF,Northeast Mississippi CC
1173,2002,1,22,"Jacobsen, Casey",SG,Stanford
1174,2002,1,23,"Prince, Tayshaun",SF,Kentucky
1175,2002,1,24,"KrstiÄ‡, Nenad",C/PF,Partizan Belgrade
1176,2002,1,25,"Williams, Frank",PG,Illinois
1177,2002,1,26,"Salmons, John",SF/SG,Miami
1178,2002,1,27,"Jefferies, Chris",SF,Fresno State
1179,2002,1,28,"Dickau, Dan",PG,Gonzaga
1180,2002,1,29,Forfeited pick,None,None
1181,2002,2,30,"Logan, Steve",PG,Cincinnati
1182,2002,2,31,"Mason, Jr., Roger",SG,Virginia
1183,2002,2,32,"Archibald, Robert",PF,Illinois
1184,2002,2,33,"Yarbrough, Vincent",SF,Tennessee
1185,2002,2,34,"Gadzuric, Dan",C,UCLA
1186,2002,2,35,"Boozer, Carlos",PF,Duke
1187,2002,2,36,"VujaniÄ‡, MiloÅ¡",PG,Partizan Belgrade
1188,2002,2,37,"Andersen, David",C,Virtus Bologna
1189,2002,2,38,"Maddox, Tito",PG,Fresno State
1190,2002,2,39,"Grizzard, Rod",SG,Alabama
1191,2002,2,40,"Navarro, Juan Carlos",PG,FC Barcelona
1192,2002,2,41,"Kasun, Mario",C,Opel Skyliners
1193,2002,2,42,"Murray, Ronald",SG,Shaw
1194,2002,2,43,"Jennings, Jason",C,Arkansas State
1195,2002,2,44,"Baxter, Lonny",PF,Maryland
1196,2002,2,45,"Clancy, Sam",PF,USC
1197,2002,2,46,"Barnes, Matt",SF,UCLA
1198,2002,2,47,"Sampson, Jamal",C,California
1199,2002,2,48,"Owens, Chris",PF,Texas
1200,2002,2,49,"Fehse, Peter",PF,Halle
1201,2002,2,50,"Songaila, Darius",PF,Wake Forest
1202,2002,2,51,"Kammerichs, Federico",SF,Ourense
1203,2002,2,52,"Taylor, Marcus",PG,Michigan State
1204,2002,2,53,"Butler, Rasual",SF,La Salle
1205,2002,2,54,"Slay, Tamar",SG,Marshall
1206,2002,2,55,"Å ekularac, Mladen",SG,FMP Å_eleznik
1207,2002,2,56,"Scola, Luis",PF,TAU CerÃ¡mica
1208,2002,2,57,"Holcomb, Randy",PF,San Diego State
1209,2002,2,58,"Edwards, Corsley",PF,Central Connecticut
1210,2003,1,1,", LeBron James",SF,St. Vincentâ€“St. Mary HS
1211,2003,1,2,"MiliÄçiÄ‡, Darko",C,Hemofarm VrÅ¡ac
1212,2003,1,3,"Anthony, Carmelo",SF,Syracuse
1213,2003,1,4,"Bosh, Chris",PF/C,Georgia Tech
1214,2003,1,5,"Wade, Dwyane",SG,Marquette
1215,2003,1,6,"Kaman, Chris",C,Central Michigan
1216,2003,1,7,"Hinrich, Kirk",PG,Kansas
1217,2003,1,8,"Ford, T. J.",PG,Texas
1218,2003,1,9,"Sweetney, Michael",PF,Georgetown
1219,2003,1,10,"Hayes, Jarvis",F/G,Georgia
1220,2003,1,11,"PiÃ©trus, MickaÃ«l",G/F,Pau-Orthez
1221,2003,1,12,"Collison, Nick",PF,Kansas
1222,2003,1,13,"Banks, Marcus",PG,UNLV
1223,2003,1,14,"Ridnour, Luke",PG,Oregon
1224,2003,1,15,"Gaines, Reece",F/G,Louisville
1225,2003,1,16,"Bell, Troy",PG,Boston College
1226,2003,1,17,"ÄŒabarkapa, Å_arko",SF,BuduÄ‡nost Podgorica
1227,2003,1,18,"West, David",PF,Xavier
1228,2003,1,19,"PavloviÄ‡, Sasha",F/G,BuduÄ‡nost Podgorica
1229,2003,1,20,"Jones, Dahntay",SG,Duke
1230,2003,1,21,"Diaw, Boris",PF,Pau-Orthez
1231,2003,1,22,"PlaniniÄ‡, Zoran",G/F,Cibona Zagreb
1232,2003,1,23,"Outlaw, Travis",SF,Starkville HS
1233,2003,1,24,"Cook, Brian",PF,Illinois
1234,2003,1,25,"Delfino, Carlos",SG,Skipper Bologna
1235,2003,1,26,"Ebi, Ndudi",SF,Westbury Christian HS
1236,2003,1,27,"Perkins, Kendrick",C,Ozen HS
1237,2003,1,28,"Barbosa, Leandro",SG,Bauru Tilibra
1238,2003,1,29,"Howard, Josh",F/G,Wake Forest
1239,2003,2,30,"Lampe, Maciej",PF,Complutense University of Madrid
1240,2003,2,31,"Kapono, Jason",F/G,UCLA
1241,2003,2,32,"Walton, Luke",SF,Arizona
1242,2003,2,33,"Beasley, Jerome",PF,North Dakota
1243,2003,2,34,"Schortsanitis, Sofoklis",C,Iraklis BC
1244,2003,2,35,"Szewczyk, Szymon",PF,Braunschweig
1245,2003,2,36,"Austin, Mario",PF,Mississippi State
1246,2003,2,37,"Hansen, Travis",SG,BYU
1247,2003,2,38,"Blake, Steve",PG,Maryland
1248,2003,2,39,"VraneÅ¡, Slavko",C,BuduÄ‡nost Podgorica
1249,2003,2,40,"Zimmerman, Derrick",PG,Mississippi State
1250,2003,2,41,"Green, Willie",SG,Detroit
1251,2003,2,42,"Pachulia, Zaza",PF,Ãœlkerspor
1252,2003,2,43,"Bogans, Keith",SG,Kentucky
1253,2003,2,44,"Badiane, Malick",PF,Langen
1254,2003,2,45,"Bonner, Matt",F,Florida
1255,2003,2,46,"BeÄçiroviÄ‡, Sani",SG,Virtus Bologna
1256,2003,2,47,"Williams, Mo",PG,Alabama
1257,2003,2,48,"Lang, James",C,Central Park Christian HS
1258,2003,2,49,"Jones, James",SF,Miami (Florida)
1259,2003,2,50,"Morlende, Paccelis",PG,Dijon
1260,2003,2,51,"Korver, Kyle",SG,Creighton
1261,2003,2,52,"van de Hare, Remon",C,FC Barcelona
1262,2003,2,53,"Smith, Tommy",PF,Arizona State
1263,2003,2,54,"SinanoviÄ‡, NedÅ_ad",C,Brotnjo
1264,2003,2,55,"Rickert, Rick",PF,Minnesota
1265,2003,2,56,"Hunter, Brandon",PF,Ohio
1266,2003,2,57,"Yuyang, Xue",C,Hong Kong Flying Dragons
1267,2003,2,58,"Glyniadakis, Andreas",C,AEK
1268,2004,1,1,"Howard, Dwight",C,Southwest Atlanta Christian Academy
1269,2004,1,2,"Okafor, Emeka",PF/C,Connecticut
1270,2004,1,3,"Gordon, Ben",SG,Connecticut
1271,2004,1,4,"Livingston, Shaun",PG,Peoria HS
1272,2004,1,5,"Harris, Devin",PG,Wisconsin
1273,2004,1,6,"Childress, Josh",G/F,Stanford
1274,2004,1,7,"Deng, Luol",SF,Duke
1275,2004,1,8,"AraÃºjo, Rafael",C,BYU
1276,2004,1,9,"Iguodala, Andre",SF,Arizona
1277,2004,1,10,"Jackson, Luke",SF,Oregon
1278,2004,1,11,"BiedriÅ†Å¡, Andris",F/C,Skonto
1279,2004,1,12,"Swift, Robert",C,Bakersfield HS
1280,2004,1,13,"Telfair, Sebastian",PG,Lincoln HS
1281,2004,1,14,"Humphries, Kris",PF,Minnesota
1282,2004,1,15,"Jefferson, Al",PF/C,Prentiss HS
1283,2004,1,16,"Snyder, Kirk",SG,Nevada
1284,2004,1,17,"Smith, Josh",SF,Oak Hill Academy
1285,2004,1,18,"Smith, J. R.",SG,St. Benedict's Prep
1286,2004,1,19,"Wright, Dorell",SF,South Kent School
1287,2004,1,20,"Nelson, Jameer",PG,Saint Joseph's
1288,2004,1,21,"Podkolzin, Pavel",C,Metis Varese
1289,2004,1,22,"Khryapa, Viktor",SF,CSKA Moscow
1290,2004,1,23,"Monia, Sergei",SG,CSKA Moscow
1291,2004,1,24,"West, Delonte",PG,Saint Joseph's
1292,2004,1,25,"Allen, Tony",SG,Oklahoma State
1293,2004,1,26,"Martin, Kevin",SG,Western Carolina
1294,2004,1,27,"VujaÄçiÄ‡, SaÅ¡a",SG,Snaidero Udine
1295,2004,1,28,"Udrih, Beno",PG,Breil Milano
1296,2004,1,29,"Harrison, David",C,Colorado
1297,2004,1,NA,Forfeited Pick,None,None
1298,2004,2,30,"VarejÃ£o, Anderson",C,FC Barcelona
1299,2004,2,31,"Vroman, Jackson",C,Iowa State
1300,2004,2,32,"Ramos, Peter John",C,Caguas
1301,2004,2,33,"Chalmers, Lionel",PG,Xavier
1302,2004,2,34,"Smith, Donta",SF,Southeastern Illinois
1303,2004,2,35,"Emmett, Andre",F/G,Texas Tech
1304,2004,2,36,"Burks, Antonio",PG,Memphis
1305,2004,2,37,"Ivey, Royal",PG,Texas
1306,2004,2,38,"Duhon, Chris",PG,Duke
1307,2004,2,39,"Miralles, Albert",PF,Roseto Basket
1308,2004,2,40,"Reed, Justin",SF,Mississippi
1309,2004,2,41,"Young, David",G,North Carolina Central
1310,2004,2,42,"Sanikidze, Viktor",SF,Dijon
1311,2004,2,43,"Ariza, Trevor",SF,UCLA
1312,2004,2,44,"Pickett, Tim",SG,Florida State
1313,2004,2,45,"Robinson, Bernard",SF,Michigan
1314,2004,2,46,"Seung-Jin, Ha",C,Yonsei University
1315,2004,2,47,"Sow, Pape",PF,Cal State Fullerton
1316,2004,2,48,"Minard, Ricky",SG,Morehead State
1317,2004,2,49,"Lishouk, Sergei",PF,Khimik Yuzhny
1318,2004,2,50,"Spanoulis, Vassilis",PG,Maroussi
1319,2004,2,51,"Drejer, Christian",SF,FC Barcelona
1320,2004,2,52,"Sato, Romain",SG,Xavier
1321,2004,2,53,"Freije, Matt",SF,Vanderbilt
1322,2004,2,54,"Paulding, Rickey",SG,Missouri
1323,2004,2,55,"Flores, Luis",PG,Manhattan
1324,2004,2,56,"Douthit, Marcus",PF,Providence
1325,2004,2,57,"Karaulov, Sergei",G,Skha Jakutia Yakutsk
1326,2004,2,58,"Stepp, Blake",PG,Gonzaga
1327,2004,2,59,"Wright, Rashad",G,Georgia
1328,2005,1,1,"Bogut, Andrew",C,Utah
1329,2005,1,2,"Williams, Marvin",F,North Carolina
1330,2005,1,3,"Williams, Deron",PG,Illinois
1331,2005,1,4,"Paul, Chris",PG,Wake Forest
1332,2005,1,5,"Felton, Raymond",G,North Carolina
1333,2005,1,6,"Webster, Martell",G/F,Seattle Prep. School
1334,2005,1,7,"Villanueva, Charlie",F,Connecticut
1335,2005,1,8,"Frye, Channing",C,Arizona
1336,2005,1,9,"Diogu, Ike",F,Arizona State
1337,2005,1,10,"Bynum, Andrew",C,St. Joseph HS
1338,2005,1,11,"VÃ¡zquez, Fran",F/C,Unicaja MÃ¡laga
1339,2005,1,12,"Korolev, Yaroslav",F,CSKA Moscow
1340,2005,1,13,"May, Sean",F,North Carolina
1341,2005,1,14,"McCants, Rashad",G,North Carolina
1342,2005,1,15,"Wright, Antoine",G/F,Texas A&M
1343,2005,1,16,"Graham, Joey",F,Oklahoma State
1344,2005,1,17,"Granger, Danny",SF,New Mexico
1345,2005,1,18,"Green, Gerald",G/F,Gulf Shores Academy
1346,2005,1,19,"Warrick, Hakim",F,Syracuse
1347,2005,1,20,"Hodge, Julius",G,NC State
1348,2005,1,21,"Robinson, Nate",G,Washington
1349,2005,1,22,"Jack, Jarrett",G,Georgia Tech
1350,2005,1,23,"GarcÃ_a, Francisco",G/F,Louisville
1351,2005,1,24,"Head, Luther",G,Illinois
1352,2005,1,25,"Petro, Johan",C,Pau-Orthez
1353,2005,1,26,"Maxiell, Jason",F,Cincinnati
1354,2005,1,27,"Kleiza, Linas",F,Missouri
1355,2005,1,28,"Mahinmi, Ian",F/C,Le Havre
1356,2005,1,29,"Simien, Wayne",F,Kansas
1357,2005,1,30,"Lee, David",PF,Florida
1358,2005,2,31,"Stoudamire, Salim",G,Arizona
1359,2005,2,32,"Ewing, Daniel",G,Duke
1360,2005,2,33,"Bass, Brandon",F,LSU
1361,2005,2,34,"Miles, C. J.",G,Skyline HS
1362,2005,2,35,"SÃ¡nchez, Ricky",F,IMG Academy
1363,2005,2,36,"Ä°lyasova, Ersan",F,Ãœlkerspor
1364,2005,2,37,"Turiaf, Ronny",F,Gonzaga
1365,2005,2,38,"Diener, Travis",G,Marquette
1366,2005,2,39,"Wafer, Von",G,Florida State
1367,2005,2,40,"Ellis, Monta",SG,Lanier HS
1368,2005,2,41,"UkiÄ‡, Roko",G,KK Split
1369,2005,2,42,"Taft, Chris",F,Pittsburgh
1370,2005,2,43,"IliÄ‡, Mile",C,KK Reflex
1371,2005,2,44,"AndriuÅ¡keviÄçius, Martynas",C,Å_algiris Kaunas
1372,2005,2,45,"Williams, Louis",SG,South Gwinnett HS
1373,2005,2,46,"Lorbek, Erazem",F,Climamio Bologna
1374,2005,2,47,"Wright, Bracey",G,Indiana
1375,2005,2,48,"Gelabale, MickaÃ«l",F,Real Madrid
1376,2005,2,49,"Blatche, Andray",F,South Kent School
1377,2005,2,50,"Gomes, Ryan",F,Providence
1378,2005,2,51,"Whaley, Robert",C,Walsh
1379,2005,2,52,"Hervelle, Axel",F,Real Madrid
1380,2005,2,53,"Greene, Orien",G,Louisiana-Lafayette
1381,2005,2,54,"Thompson, Dijon",G/F,UCLA
1382,2005,2,55,"Roberts, Lawrence",F,Mississippi State
1383,2005,2,56,"Johnson, Amir",F,Westchester HS
1384,2005,2,57,"Gortat, Marcin",F/C,RheinEnergie KÃ¶ln
1385,2005,2,58,"Slokar, UroÅ¡",F,Snaidero Udine
1386,2005,2,59,"Akyol, Cenk",G,Efes Pilsen
1387,2005,2,60,"Acker, Alex",G,Pepperdine
1388,2006,1,1,"Bargnani, Andrea",PF,Benetton Treviso
1389,2006,1,2,"Aldridge, LaMarcus",PF,Texas
1390,2006,1,3,"Morrison, Adam",SF,Gonzaga
1391,2006,1,4,"Thomas, Tyrus",PF,LSU
1392,2006,1,5,"Williams, Shelden",PF,Duke
1393,2006,1,6,"Roy, Brandon",SG,Washington
1394,2006,1,7,"Foye, Randy",SG,Villanova
1395,2006,1,8,"Gay, Rudy",SF,Connecticut
1396,2006,1,9,"O'Bryant, Patrick",C,Bradley
1397,2006,1,10,"Sene, Mouhamed",C,Verviers-Pepinster
1398,2006,1,11,"Redick, J. J.",SG,Duke
1399,2006,1,12,"Armstrong, Hilton",C,Connecticut
1400,2006,1,13,"Sefolosha, Thabo",SG,Angelico Biella
1401,2006,1,14,"Brewer, Ronnie",SG,Arkansas
1402,2006,1,15,"Simmons, Cedric",SF,NC State
1403,2006,1,16,"Carney, Rodney",SF,Memphis
1404,2006,1,17,"Williams, Shawne",PF,Memphis
1405,2006,1,18,"Pecherov, Oleksiy",C,BC Kyiv
1406,2006,1,19,"Douby, Quincy",G,Rutgers
1407,2006,1,20,"Balkman, Renaldo",F,South Carolina
1408,2006,1,21,"Rondo, Rajon",PG,Kentucky
1409,2006,1,22,"Williams, Marcus",G,Connecticut
1410,2006,1,23,"Boone, Josh",F,Connecticut
1411,2006,1,24,"Lowry, Kyle",PG,Villanova
1412,2006,1,25,"Brown, Shannon",G,Michigan State
1413,2006,1,26,"Farmar, Jordan",G,UCLA
1414,2006,1,27,"RodrÃ_guez, Sergio",G,Adecco Estudiantes
1415,2006,1,28,"Ager, Maurice",G,Michigan State
1416,2006,1,29,"Collins, Mardy",G,Temple
1417,2006,1,30,"Freeland, Joel",F,Gran Canaria
1418,2006,2,31,"White, James",G,Cincinnati
1419,2006,2,32,"Novak, Steve",SF,Marquette
1420,2006,2,33,"Jones, Solomon",F,South Florida
1421,2006,2,34,"Davis, Paul",C,Michigan State
1422,2006,2,35,"Tucker, P.J.",F,Texas
1423,2006,2,36,"Smith, Craig",F,Boston College
1424,2006,2,37,"Jones, Bobby",F,Washington
1425,2006,2,38,"PeroviÄ‡, Kosta",C,Partizan Belgrade
1426,2006,2,39,"Noel, David",F,North Carolina
1427,2006,2,40,"Brown, Denham",G,Connecticut
1428,2006,2,41,"Augustine, James",F,Illinois
1429,2006,2,42,"Gibson, Daniel",G,Texas
1430,2006,2,43,"Vinicius, Marcus",F,Objetivo SÃ£o Carlos
1431,2006,2,44,"Eliyahu, Lior",F,Hapoel Galil Elyon
1432,2006,2,45,"Johnson, Alexander",F,Florida State
1433,2006,2,46,"Brown, Dee",G,Illinois
1434,2006,2,47,"Millsap, Paul",PF,Louisiana Tech
1435,2006,2,48,"Veremeenko, Vladimir",F,Dynamo St. Petersburg
1436,2006,2,49,"Powe, Leon",F,California
1437,2006,2,50,"Hollins, Ryan",C,UCLA
1438,2006,2,51,"Samb, Cheikh",C,WTC CornellÃ 
1439,2006,2,52,"Diaz, Guillermo",G,Miami (FL)
1440,2006,2,53,"Halperin, Yotam",G,Union Olimpija
1441,2006,2,54,"Adams, Hassan",G,Arizona
1442,2006,2,55,"Ugboaja, Ejike",F,Union Bank Lagos
1443,2006,2,56,"BavÄçiÄ‡, Edin",F,ASA BH Telecom
1444,2006,2,57,"Mavrokefalidis, Loukas",C,PAOK
1445,2006,2,58,"Pinnock, J. R.",G,George Washington
1446,2006,2,59,"Markota, Damir",F,Cibona Zagreb
1447,2006,2,60,"Blalock, Will",G,Iowa State
1448,2007,1,1,"Oden, Greg",C,Ohio State
1449,2007,1,2,"Durant, Kevin",SF,Texas
1450,2007,1,3,"Horford, Al",C,Florida
1451,2007,1,4,"Conley, Mike",PG,Ohio State
1452,2007,1,5,"Green, Jeff",SF,Georgetown
1453,2007,1,6,"Yi, Jianlian",PF,Guangdong Southern Tigers
1454,2007,1,7,"Brewer, Corey",SF,Florida
1455,2007,1,8,"Wright, Brandan",PF,North Carolina
1456,2007,1,9,"Noah, Joakim",C,Florida
1457,2007,1,10,"Hawes, Spencer",C,Washington
1458,2007,1,11,"Law, Acie",PG,Texas A&M
1459,2007,1,12,"Young, Thaddeus",PF,Georgia Tech
1460,2007,1,13,"Wright, Julian",SF,Kansas
1461,2007,1,14,"Thornton, Al",SF,Florida State
1462,2007,1,15,"Stuckey, Rodney",SG,Eastern Washington
1463,2007,1,16,"Young, Nick",SG,USC
1464,2007,1,17,"Williams, Sean",PF,Boston College
1465,2007,1,18,"Belinelli, Marco",SG,Fortitudo Bologna
1466,2007,1,19,"Crittenton, Javaris",PG,Georgia Tech
1467,2007,1,20,"Smith, Jason",PF,Colorado State
1468,2007,1,21,"Cook, Daequan",SG,Ohio State
1469,2007,1,22,"Dudley, Jared",SF,Boston College
1470,2007,1,23,"Chandler, Wilson",SF,DePaul
1471,2007,1,24,"FernÃ¡ndez, Rudy",SG,Joventut Badalona
1472,2007,1,25,"Almond, Morris",SG,Rice
1473,2007,1,26,"Brooks, Aaron",PG,Oregon
1474,2007,1,27,"Afflalo, Arron",SG,UCLA
1475,2007,1,28,"Splitter, Tiago",C,TAU CerÃ¡mica
1476,2007,1,29,"Tucker, Alando",SF,Wisconsin
1477,2007,1,30,"Koponen, Petteri",SG,Tapiolan Honka
1478,2007,2,31,"Landry, Carl",PF,Purdue
1479,2007,2,32,"Pruitt, Gabe",PG,USC
1480,2007,2,33,"Williams, Marcus",SF,Arizona
1481,2007,2,34,"Fazekas, Nick",PF,Nevada
1482,2007,2,35,"Davis, Glen",PF,LSU
1483,2007,2,36,"Davidson, Jermareo",PF,Alabama
1484,2007,2,37,"McRoberts, Josh",PF,Duke
1485,2007,2,38,"Fesenko, Kyrylo",C,SK Cherkassy
1486,2007,2,39,"BaraÄ‡, Stanko",C,Å iroki Brijeg
1487,2007,2,40,"Sun, Yue",SF,Beijing Olympians
1488,2007,2,41,"Richard, Chris",PF,Florida
1489,2007,2,42,"Byars, Derrick",SG,Vanderbilt
1490,2007,2,43,"Haluska, Adam",SG,Iowa
1491,2007,2,44,"Terry, Reyshawn",SF,North Carolina
1492,2007,2,45,"Jordan, Jared",PG,Marist
1493,2007,2,46,"Lasme, Stephane",PF,Massachusetts
1494,2007,2,47,"McGuire, Dominic",SF,Fresno State
1495,2007,2,48,"Gasol, Marc",C,Akasvayu Girona
1496,2007,2,49,"Gray, Aaron",C,Pittsburgh
1497,2007,2,50,"Seibutis, Renaldas",SG,Maroussi
1498,2007,2,51,"Curry, JamesOn",PG,Oklahoma State
1499,2007,2,52,"Green, Taurean",PG,Florida
1500,2007,2,53,"Nichols, Demetris",SF,Syracuse
1501,2007,2,54,"Newley, Brad",SF,Townsville Crocodiles
1502,2007,2,55,"Hill, Herbert",PF,Providence
1503,2007,2,56,"Sessions, Ramon",PG,Nevada
1504,2007,2,57,"Mejia, Sammy",SG,DePaul
1505,2007,2,58,"Printezis, Giorgos",PF,Olympia Larissa
1506,2007,2,59,"Strawberry, D.J.",PG,Maryland
1507,2007,2,60,"RakoviÄ‡, Milovan",C,Mega Ishrana
1508,2008,1,1,"Rose, Derrick",PG,Memphis
1509,2008,1,2,"Beasley, Michael",PF,Kansas State
1510,2008,1,3,"Mayo, O. J.",SG,USC
1511,2008,1,4,"Westbrook, Russell",PG,UCLA
1512,2008,1,5,"Love, Kevin",PF,UCLA
1513,2008,1,6,"Gallinari, Danilo",SF,Olimpia Milano
1514,2008,1,7,"Gordon, Eric",SG,Indiana
1515,2008,1,8,"Alexander, Joe",SF,West Virginia
1516,2008,1,9,"Augustin, D. J.",PG,Texas
1517,2008,1,10,"Lopez, Brook",C,Stanford
1518,2008,1,11,"Bayless, Jerryd",PG,Arizona
1519,2008,1,12,"Thompson, Jason",PF,Rider
1520,2008,1,13,"Rush, Brandon",SG,Kansas
1521,2008,1,14,"Randolph, Anthony",PF,LSU
1522,2008,1,15,"Lopez, Robin",C,Stanford
1523,2008,1,16,"Speights, Marreese",PF,Florida
1524,2008,1,17,"Hibbert, Roy",C,Georgetown
1525,2008,1,18,"McGee, Javale",C,Nevada
1526,2008,1,19,"Hickson, J. J.",PF,NC State
1527,2008,1,20,"AjinÃ§a, Alexis",C,HyÃ¨res-Toulon
1528,2008,1,21,"Anderson, Ryan",PF,California
1529,2008,1,22,"Lee, Courtney",SG,Western Kentucky
1530,2008,1,23,"Koufos, Kosta",C,Ohio State
1531,2008,1,24,"Ibaka, Serge",PF,L'Hospitalet
1532,2008,1,25,"Batum, Nicolas",SF,Le Mans
1533,2008,1,26,"Hill, George",PG,IUPUI
1534,2008,1,27,"Arthur, Darrell",PF,Kansas
1535,2008,1,28,"Greene, DontÃ©",SF,Syracuse
1536,2008,1,29,"White, D. J.",PF,Indiana
1537,2008,1,30,"Giddens, J. R.",SG,New Mexico
1538,2008,2,31,"PekoviÄ‡, Nikola",C,Panathinaikos
1539,2008,2,32,"Sharpe, Walter",PF,UAB
1540,2008,2,33,"Dorsey, Joey",PF,Memphis
1541,2008,2,34,"Chalmers, Mario",PG,Kansas
1542,2008,2,35,"Jordan, DeAndre",C,Texas A&M
1543,2008,2,36,"AÅŸÄ±k, Ã–mer",C,FenerbahÃ§e Ãœlker
1544,2008,2,37,"Mbah a Moute, Luc",SF,UCLA
1545,2008,2,38,"Weaver, Kyle",SG,Washington State
1546,2008,2,39,"Weems, Sonny",SG,Arkansas
1547,2008,2,40,"Douglas-Roberts, Chris",SG,Memphis
1548,2008,2,41,"Jawai, Nathan",PF,Cairns Taipans
1549,2008,2,42,"Singletary, Sean",PG,Virginia
1550,2008,2,43,"Ewing, Jr., Patrick",SF,Georgetown
1551,2008,2,44,"TomiÄ‡, Ante",C,KK Zagreb
1552,2008,2,45,"DragiÄ‡, Goran",PG,Union Olimpija
1553,2008,2,46,"Plaisted, Trent",PF,BYU
1554,2008,2,47,"Walker, Bill",SG,Kansas State
1555,2008,2,48,"Hairston, Malik",SG,Oregon
1556,2008,2,49,"Hendrix, Richard",PF,Alabama
1557,2008,2,50,"Hardin, DeVon",C,California
1558,2008,2,51,"Foster, Shan",SG,Vanderbilt
1559,2008,2,52,"Jackson, Darnell",PF,Kansas
1560,2008,2,53,"DragiÄ‡eviÄ‡, Tadija",PF,Red Star Belgrade
1561,2008,2,54,"Leunen, Maarty",PF,Oregon
1562,2008,2,55,"Taylor, Mike",PG,Idaho Stampede
1563,2008,2,56,"Kaun, Sasha",C,Kansas
1564,2008,2,57,"Gist, James",PF,Maryland
1565,2008,2,58,"Crawford, Joe",SG,Kentucky
1566,2008,2,59,"Washington, Deron",SF,Virginia Tech
1567,2008,2,60,"Erden, Semih",C,FenerbahÃ§e Ãœlker
1568,2009,1,1,"Griffin, Blake",PF,Oklahoma
1569,2009,1,2,"Thabeet, Hasheem",C,Connecticut
1570,2009,1,3,"Harden, James",SG,Arizona State
1571,2009,1,4,"Evans, Tyreke",SG,Memphis
1572,2009,1,5,"Rubio, Ricky",PG,DKV Joventut
1573,2009,1,6,"Flynn, Jonny",PG,Syracuse
1574,2009,1,7,"Curry, Stephen",PG,Davidson
1575,2009,1,8,"Hill, Jordan",PF,Arizona
1576,2009,1,9,"DeRozan, DeMar",SG,USC
1577,2009,1,10,"Jennings, Brandon",PG,Lottomatica Roma
1578,2009,1,11,"Williams, Terrence",SG,Louisville
1579,2009,1,12,"Henderson, Gerald",SG,Duke
1580,2009,1,13,"Hansbrough, Tyler",PF,North Carolina
1581,2009,1,14,"Clark, Earl",SF,Louisville
1582,2009,1,15,"Daye, Austin",SF,Gonzaga
1583,2009,1,16,"Johnson, James",SF,Wake Forest
1584,2009,1,17,"Holiday, Jrue",PG,UCLA
1585,2009,1,18,"Lawson, Ty",PG,North Carolina
1586,2009,1,19,"Teague, Jeff",PG,Wake Forest
1587,2009,1,20,"Maynor, Eric",PG,VCU
1588,2009,1,21,"Collison, Darren",PG,UCLA
1589,2009,1,22,"Claver, VÃ_ctor",SF,Pamesa Valencia
1590,2009,1,23,"Casspi, Omri",SF,Maccabi Tel Aviv
1591,2009,1,24,"Mullens, Byron",C,Ohio State
1592,2009,1,25,"Beaubois, Rodrigue",PG,Cholet
1593,2009,1,26,"Gibson, Taj",PF,USC
1594,2009,1,27,"Carroll, DeMarre",SF,Missouri
1595,2009,1,28,"Ellington, Wayne",SG,North Carolina
1596,2009,1,29,"Douglas, Toney",PG,Florida State
1597,2009,1,30,"Eyenga, Christian",SF,CB Prat
1598,2009,2,31,"Pendergraph, Jeff",PF,Arizona State
1599,2009,2,32,"Taylor, Jermaine",SG,Central Florida
1600,2009,2,33,"Cunningham, Dante",PF,Villanova
1601,2009,2,34,"Llull, Sergio",PG,Real Madrid
1602,2009,2,35,"Summers, DaJuan",PF,Georgetown
1603,2009,2,36,"Young, Sam",SF,Pittsburgh
1604,2009,2,37,"Blair, DeJuan",PF,Pittsburgh
1605,2009,2,38,"Brockman, Jon",PF,Washington
1606,2009,2,39,"Jerebko, Jonas",PF,Angelico Biella
1607,2009,2,40,"Brown, Derrick",SF,Xavier
1608,2009,2,41,"Meeks, Jodie",SG,Kentucky
1609,2009,2,42,"Beverley, Patrick",PG,Arkansas
1610,2009,2,43,"Thornton, Marcus",SG,LSU
1611,2009,2,44,"Budinger, Chase",SF,Arizona
1612,2009,2,45,"Calathes, Nick",PG,Florida
1613,2009,2,46,"Green, Danny",SF,North Carolina
1614,2009,2,47,"Norel, Henk",PF,DKV Joventut
1615,2009,2,48,"Griffin, Taylor",SF,Oklahoma
1616,2009,2,49,"Gladyr, Sergiy",SG,MBC Mykolaiv
1617,2009,2,50,"Suton, Goran",C,Michigan State
1618,2009,2,51,"McClinton, Jack",SG,Miami (FL)
1619,2009,2,52,"Price, A. J.",PG,Connecticut
1620,2009,2,53,"de Colo, Nando",PG,Cholet
1621,2009,2,54,"Vaden, Robert",SG,UAB
1622,2009,2,55,"Mills, Patty",PG,Saint Mary's
1623,2009,2,56,"Nivins, Ahmad",PF,Saint Joseph's
1624,2009,2,57,"PreldÅ_iÄç, Emir",PF,FenerbahÃ§e Ãœlker
1625,2009,2,58,"Hudson, Lester",PG,Tennessee-Martin
1626,2009,2,59,"Elonu, Chinemelu",PF,Texas A&M
1627,2009,2,60,"Dozier, Robert",SF,Memphis
1628,2010,1,1,"Wall, John",PG,Kentucky
1629,2010,1,2,"Turner, Evan",SF/SG,Ohio State
1630,2010,1,3,"Favors, Derrick",PF,Georgia Tech
1631,2010,1,4,"Johnson, Wesley",SF,Syracuse
1632,2010,1,5,"Cousins, DeMarcus",C,Kentucky
1633,2010,1,6,"Udoh, Ekpe",C,Baylor
1634,2010,1,7,"Monroe, Greg",PF,Georgetown
1635,2010,1,8,"Aminu, Al-Farouq",SF,Wake Forest
1636,2010,1,9,"Hayward, Gordon",SF,Butler
1637,2010,1,10,"George, Paul",SF,Fresno State
1638,2010,1,11,"Aldrich, Cole",C,Kansas
1639,2010,1,12,"Henry, Xavier",SG,Kansas
1640,2010,1,13,"Davis, Ed",PF,North Carolina
1641,2010,1,14,"Patterson, Patrick",PF,Kentucky
1642,2010,1,15,"Sanders, Larry",C,VCU
1643,2010,1,16,"Babbitt, Luke",SF,Nevada
1644,2010,1,17,"SÃ©raphin, KÃ©vin",PF,Cholet Basket
1645,2010,1,18,"Bledsoe, Eric",PG,Kentucky
1646,2010,1,19,"Bradley, Avery",SG,Texas
1647,2010,1,20,"Anderson, James",SG,Oklahoma State
1648,2010,1,21,"Brackins, Craig",PF,Iowa State
1649,2010,1,22,"Williams, Elliot",SG,Memphis
1650,2010,1,23,"Booker, Trevor",PF,Clemson
1651,2010,1,24,"James, Damion",SF,Texas
1652,2010,1,25,"Jones, Dominique",SG,USF
1653,2010,1,26,"Pondexter, Quincy",SF,Washington
1654,2010,1,27,"Crawford, Jordan",SG,Xavier
1655,2010,1,28,"VÃ¡squez, Greivis",PG,Maryland
1656,2010,1,29,"Orton, Daniel",C,Kentucky
1657,2010,1,30,"Hayward, Lazar",SF,Marquette
1658,2010,2,31,"PleiÃŸ, Tibor",C,Brose Bamberg
1659,2010,2,32,"Pittman, Dexter",C,Texas
1660,2010,2,33,"Whiteside, Hassan",C,Marshall
1661,2010,2,34,"Johnson, Armon",PG,Nevada
1662,2010,2,35,"Bjelica, Nemanja",SF,Red Star Belgrade
1663,2010,2,36,"White, Terrico",SG,Ole Miss
1664,2010,2,37,"Hobson, Darington",SF,New Mexico
1665,2010,2,38,"Rautins, Andy",SG,Syracuse
1666,2010,2,39,"Fields, Landry",SG,Stanford
1667,2010,2,40,"Stephenson, Lance",SG,Cincinnati
1668,2010,2,41,"Varnado, Jarvis",PF,Mississippi State
1669,2010,2,42,"Butler, Da'Sean",SF,West Virginia
1670,2010,2,43,"Ebanks, Devin",SF,West Virginia
1671,2010,2,44,"Jordan, Jerome",C,Tulsa
1672,2010,2,45,"Prestes, PaulÃ£o",C,CB Murcia
1673,2010,2,46,"Lawal, Gani",PF,Georgia Tech
1674,2010,2,47,"Gallon, Tiny",PF,Oklahoma
1675,2010,2,48,"Williams, Latavious",SF,Tulsa 66ers
1676,2010,2,49,"Richards, Ryan",PF,CB Gran Canaria
1677,2010,2,50,"Alabi, Solomon",C,Florida State
1678,2010,2,51,"Rolle, Magnum",PF,Louisiana Tech
1679,2010,2,52,"Harangody, Luke",PF,Notre Dame
1680,2010,2,53,"Sy, Pape",SF,STB Le Havre
1681,2010,2,54,"Warren, Willie",PG,Oklahoma
1682,2010,2,55,"Evans, Jeremy",PF,WKU
1683,2010,2,56,"Ndiaye, Hamady",C,Rutgers
1684,2010,2,57,"Reid, Ryan",PF,Florida State
1685,2010,2,58,"Caracter, Derrick",PF,UTEP
1686,2010,2,59,"Robinson, Stanley",SF,Connecticut
1687,2010,2,60,"Collins, Dwayne",PF,Miami
1688,2011,1,1,"Irving, Kyrie",PG,Duke
1689,2011,1,2,"Williams, Derrick",SF/PF,Arizona
1690,2011,1,3,"Kanter, Enes",C,Kentucky
1691,2011,1,4,"Thompson, Tristan",C/PF,Texas
1692,2011,1,5,"ValanÄçiÅ«nas, Jonas",C,Lietuvos rytas Vilnius
1693,2011,1,6,"VeselÃ_, Jan",PF,Partizan Belgrade
1694,2011,1,7,"Biyombo, Bismack",C,Fuenlabrada
1695,2011,1,8,"Knight, Brandon",PG,Kentucky
1696,2011,1,9,"Walker, Kemba",PG,Connecticut
1697,2011,1,10,"Fredette, Jimmer",PG/SG,BYU
1698,2011,1,11,"Thompson, Klay",SG,Washington State
1699,2011,1,12,"Burks, Alec",SG,Colorado
1700,2011,1,13,"Morris, Markieff",PF,Kansas
1701,2011,1,14,"Morris, Marcus",PF/SF,Kansas
1702,2011,1,15,"Leonard, Kawhi",SF,San Diego State
1703,2011,1,16,"VuÄçeviÄ‡, Nikola",C,USC
1704,2011,1,17,"Shumpert, Iman",SG,Georgia Tech
1705,2011,1,18,"Singleton, Chris",SF,Florida State
1706,2011,1,19,"Harris, Tobias",SF,Tennessee
1707,2011,1,20,"MotiejÅ«nas, Donatas",PF,Benetton Treviso
1708,2011,1,21,"Smith, Nolan",PG,Duke
1709,2011,1,22,"Faried, Kenneth",PF,Morehead State
1710,2011,1,23,"MirotiÄ‡, Nikola",PF,Real Madrid
1711,2011,1,24,"Jackson, Reggie",PG,Boston College
1712,2011,1,25,"Brooks, MarShon",SG,Providence
1713,2011,1,26,"Hamilton, Jordan",SG,Texas
1714,2011,1,27,"Johnson, JaJuan",PF,Purdue
1715,2011,1,28,"Cole, Norris",PG,Cleveland State
1716,2011,1,29,"Joseph, Cory",PG,Texas
1717,2011,1,30,"Butler, Jimmy",SG,Marquette
1718,2011,2,31,"BogdanoviÄ‡, Bojan",SF/SG,Cibona Zagreb
1719,2011,2,32,"Harper, Justin",PF,Richmond
1720,2011,2,33,"Singler, Kyle",SF,Duke
1721,2011,2,34,"Mack, Shelvin",PG,Butler
1722,2011,2,35,"Honeycutt, Tyler",SF,UCLA
1723,2011,2,36,"Williams, Jordan",PF,Maryland
1724,2011,2,37,"Thompkins, Trey",PF,Georgia
1725,2011,2,38,"Parsons, Chandler",SF,Florida
1726,2011,2,39,"Tyler, Jeremy",PF,Tokyo Apache
1727,2011,2,40,"Leuer, Jon",PF,Wisconsin
1728,2011,2,41,"Morris, Darius",PG,Michigan
1729,2011,2,42,"BertÄÅns, DÄÅvis",SF,Union Olimpija
1730,2011,2,43,"Lee, Malcolm",SG,UCLA
1731,2011,2,44,"Jenkins, Charles",PG,Hofstra
1732,2011,2,45,"Harrellson, Josh",C,Kentucky
1733,2011,2,46,"Goudelock, Andrew",PG,College of Charleston
1734,2011,2,47,"Leslie, Travis",SG,Georgia
1735,2011,2,48,"Benson, Keith",C,Oakland
1736,2011,2,49,"Selby, Josh",PG,Kansas
1737,2011,2,50,"Allen, Lavoy",PF,Temple
1738,2011,2,51,"Diebler, Jon",SG,Ohio State
1739,2011,2,52,"Macklin, Vernon",PF,Florida
1740,2011,2,53,"Liggins, DeAndre",SG,Kentucky
1741,2011,2,54,"Macvan, Milan",PF,Maccabi Tel Aviv
1742,2011,2,55,"Moore, Etwaun",SG,Purdue
1743,2011,2,56,"Maduabum, Chukwudiebere",PF,Bakersfield Jam
1744,2011,2,57,"Ngombo, Tanguy",SF,Al Rayyan
1745,2011,2,58,"Majok, Ater",PF,Gold Coast Blaze
1746,2011,2,59,"Hanga, ÃÅdÃ¡m",SG,Albacomp
1747,2011,2,60,"Thomas, Isaiah",PG,Washington
1748,2012,1,1,"Davis, Anthony",PF/C,Kentucky
1749,2012,1,2,"Kidd-Gilchrist, Michael",SF,Kentucky
1750,2012,1,3,"Beal, Bradley",SG,Florida
1751,2012,1,4,"Waiters, Dion",SG,Syracuse
1752,2012,1,5,"Robinson, Thomas",PF,Kansas
1753,2012,1,6,"Lillard, Damian",PG,Weber St.
1754,2012,1,7,"Barnes, Harrison",SF,North Carolina
1755,2012,1,8,"Ross, Terrence",SG,Washington
1756,2012,1,9,"Drummond, Andre",C,Connecticut
1757,2012,1,10,"Rivers, Austin",SG,Duke
1758,2012,1,11,"Leonard, Meyers",C,Illinois
1759,2012,1,12,"Lamb, Jeremy",SG,Connecticut
1760,2012,1,13,"Marshall, Kendall",PG,North Carolina
1761,2012,1,14,"Henson, John",PF,North Carolina
1762,2012,1,15,"Harkless, Maurice",SF,St. John's
1763,2012,1,16,"White, Royce",PF,Iowa St.
1764,2012,1,17,"Zeller, Tyler",C,North Carolina
1765,2012,1,18,"Jones, Terrence",PF,Kentucky
1766,2012,1,19,"Nicholson, Andrew",PF,St. Bonaventure
1767,2012,1,20,"Fournier, Evan",SG,Poitiers Basket
1768,2012,1,21,"Sullinger, Jared",PF,Ohio St.
1769,2012,1,22,"Melo, Fab",C,Syracuse
1770,2012,1,23,"Jenkins, John",SG,Vanderbilt
1771,2012,1,24,"Cunningham, Jared",SG,Oregon St.
1772,2012,1,25,"Wroten, Tony",PG,Washington
1773,2012,1,26,"Plumlee, Miles",C,Duke
1774,2012,1,27,"Moultrie, Arnett",PF,Mississippi St.
1775,2012,1,28,"Jones III, Perry",SF,Baylor
1776,2012,1,29,"Teague, Marquis",PG,Kentucky
1777,2012,1,30,"Ezeli, Festus",C,Vanderbilt
1778,2012,2,31,"Taylor, Jeffery",SF,Vanderbilt
1779,2012,2,32,"SatoranskÃ_, TomÃ¡Å¡",SG,Banca CÃ_vica Sevilla
1780,2012,2,33,"James, Bernard",C,Florida St.
1781,2012,2,34,"Crowder, Jae",SF,Marquette
1782,2012,2,35,"Green, Draymond",PF,Michigan St.
1783,2012,2,36,"Johnson, Orlando",SG,UC Santa Barbara
1784,2012,2,37,"Acy, Quincy",PF,Baylor
1785,2012,2,38,"Miller, Quincy",SF,Baylor
1786,2012,2,39,"Middleton, Khris",SF,Texas A&M
1787,2012,2,40,"Barton, Will",SG,Memphis
1788,2012,2,41,"Taylor, Tyshawn",PG,Kansas
1789,2012,2,42,"Lamb, Doron",SG,Kentucky
1790,2012,2,43,"Scott, Mike",PF,Virginia
1791,2012,2,44,"English, Kim",SG,Missouri
1792,2012,2,45,"Hamilton, Justin",C,LSU
1793,2012,2,46,"Miller, Darius",SF,Kentucky
1794,2012,2,47,"Murphy, Kevin",SG,Tennessee Tech
1795,2012,2,48,"Papanikolaou, Kostas",SF,Olympiacos
1796,2012,2,49,"O'Quinn, Kyle",PF,Norfolk St.
1797,2012,2,50,"Turkyilmaz, Izzet",PF,Banvit
1798,2012,2,51,"Joseph, Kris",SF,Syracuse
1799,2012,2,52,"KuzmiÄ‡, Ognjen",C,Clinicas RincÃ_n
1800,2012,2,53,"Aldemir, Furkan",PF,Galatasaray
1801,2012,2,54,"Shengelia, Tornike",SF,Spirou Charleroi
1802,2012,2,55,"Johnson-Odom, Darius",SG,Marquette
1803,2012,2,56,"ZubÄçiÄ‡, Tomislav",PF,Cibona Zagreb
1804,2012,2,57,"Karaman, Ä°lkan",PF,PÄ±nar KarÅŸÄ±yaka
1805,2012,2,58,"Hummel, Robbie",SF,Purdue
1806,2012,2,59,"Denmon, Marcus",PG,Missouri
1807,2012,2,60,"Sacre, Robert",C,Gonzaga
1808,2013,1,1,"Bennett, Anthony",PF/SF,UNLV
1809,2013,1,2,"Oladipo, Victor",SG/PG,Indiana
1810,2013,1,3,"Porter, Otto",SF,Georgetown
1811,2013,1,4,"Zeller, Cody",C/PF,Indiana
1812,2013,1,5,"Len, Alex",C,Maryland
1813,2013,1,6,"Noel, Nerlens",C,Kentucky
1814,2013,1,7,"McLemore, Ben",SG,Kansas
1815,2013,1,8,"Caldwell-Pope, Kentavious",SG,Georgia
1816,2013,1,9,"Burke, Trey",PG,Michigan
1817,2013,1,10,"McCollum, C. J.",SG,Lehigh
1818,2013,1,11,"Carter-Williams, Michael",PG,Syracuse
1819,2013,1,12,"Adams, Steven",C,Pittsburgh
1820,2013,1,13,"Olynyk, Kelly",C,Gonzaga
1821,2013,1,14,"Muhammad, Shabazz",SG/SF,UCLA
1822,2013,1,15,"Antetokounmpo, Giannis",SF/PF,Filathlitikos
1823,2013,1,16,"Nogueira, Lucas",C,Estudiantes
1824,2013,1,17,"SchrÃ¶der, Dennis",PG,Phantoms Braunschweig
1825,2013,1,18,"Larkin, Shane",PG,Miami (FL)
1826,2013,1,19,"Karasev, Sergey",SG/SF,Triumph Lyubertsy
1827,2013,1,20,"Snell, Tony",SF,New Mexico
1828,2013,1,21,"Dieng, Gorgui",C,Louisville
1829,2013,1,22,"Plumlee, Mason",C,Duke
1830,2013,1,23,"Hill, Solomon",SF,Arizona
1831,2013,1,24,"Hardaway Jr., Tim",SG,Michigan
1832,2013,1,25,"Bullock, Reggie",SF,North Carolina
1833,2013,1,26,"Roberson, AndrÃ©",SG/SF,Colorado
1834,2013,1,27,"Gobert, Rudy",C,Cholet Basket
1835,2013,1,28,"Jean-Charles, Livio",SF,ASVEL Basket
1836,2013,1,29,"Goodwin, Archie",SG,Kentucky
1837,2013,1,30,"NedoviÄ‡, Nemanja",PG,Lietuvos Rytas
1838,2013,2,31,"Crabbe, Allen",SG,California
1839,2013,2,32,"Abrines, ÃÅlex",SG/SF,FC Barcelona
1840,2013,2,33,"Felix, Carrick",SG,Arizona State
1841,2013,2,34,"Canaan, Isaiah",PG,Murray State
1842,2013,2,35,"Rice Jr., Glen",SG,Rio Grande Valley Vipers
1843,2013,2,36,"McCallum Jr., Ray",PG,Detroit
1844,2013,2,37,"Mitchell, Tony",PF,North Texas
1845,2013,2,38,"Wolters, Nate",PG,South Dakota State
1846,2013,2,39,"Withey, Jeff",C,Kansas
1847,2013,2,40,"Jerrett, Grant",PF,Arizona
1848,2013,2,41,"Franklin, Jamaal",SG,San Diego State
1849,2013,2,42,"Jackson, Pierre",PG,Baylor
1850,2013,2,43,"Ledo, Ricky",SG,Providence
1851,2013,2,44,"Muscala, Mike",C,Bucknell
1852,2013,2,45,"TodoroviÄ‡, Marko",PF/C,FC Barcelona
1853,2013,2,46,"Green, Erick",PG,Virginia Tech
1854,2013,2,47,"Neto, Raul",PG,Gipuzkoa Basket
1855,2013,2,48,"Kelly, Ryan",PF,Duke
1856,2013,2,49,"Murphy, Erik",PF,Florida
1857,2013,2,50,"Ennis, James",SF,Long Beach State
1858,2013,2,51,"Osby, Romero",PF,Oklahoma
1859,2013,2,52,"Brown, Lorenzo",PG,NC State
1860,2013,2,53,"Iverson, Colton",C,Colorado State
1861,2013,2,54,"Kazemi, Arsalan",PF,Oregon
1862,2013,2,55,"Lauvergne, Joffrey",C,Partizan Belgrade
1863,2013,2,56,"Siva, Peyton",PG,Louisville
1864,2013,2,57,"Oriakhi, Alex",C,Missouri
1865,2013,2,58,"Thomas, Deshaun",SF,Ohio State
1866,2013,2,59,"DubljeviÄ‡, Bojan",PF,Valencia Basket
1867,2013,2,60,"Timma, JÄÅnis",SF,BK Ventspils
1868,2014,1,1,"Wiggins, Andrew",SF/SG,Kansas
1869,2014,1,2,"Parker, Jabari",SF/PF,Duke
1870,2014,1,3,"Embiid, Joel",C,Kansas
1871,2014,1,4,"Gordon, Aaron",PF,Arizona
1872,2014,1,5,"Exum, Dante",PG/SG,Australian Institute of Sport
1873,2014,1,6,"Smart, Marcus",PG,Oklahoma State
1874,2014,1,7,"Randle, Julius",PF,Kentucky
1875,2014,1,8,"Stauskas, Nik",SG,Michigan
1876,2014,1,9,"Vonleh, Noah",PF,Indiana
1877,2014,1,10,"Payton, Elfrid",PG,Louisianaâ€“Lafayette
1878,2014,1,11,"McDermott, Doug",SF,Creighton
1879,2014,1,12,"Saric, Dario",SF/PF,Cibona Zagreb
1880,2014,1,13,"LaVine, Zach",SG,UCLA
1881,2014,1,14,"Warren, T. J.",SF,North Carolina State
1882,2014,1,15,"Payne, Adreian",PF,Michigan State
1883,2014,1,16,"NurkiÄ‡, Jusuf",C,Cedevita Zagreb
1884,2014,1,17,"Young, James",SG/SF,Kentucky
1885,2014,1,18,"Ennis, Tyler",PG,Syracuse
1886,2014,1,19,"Harris, Gary",SG,Michigan State
1887,2014,1,20,"Caboclo, Bruno",SF,EC Pinheiros
1888,2014,1,21,"McGary, Mitch",PF,Michigan
1889,2014,1,22,"Adams, Jordan",SG,UCLA
1890,2014,1,23,"Hood, Rodney",SG,Duke
1891,2014,1,24,"Napier, Shabazz",PG,Connecticut
1892,2014,1,25,"Capela, Clint",C,Ã‰lan Chalon
1893,2014,1,26,"Hairston, P. J.",SG,Texas Legends
1894,2014,1,27,"BogdanoviÄ‡, Bogdan",SG,Partizan Belgrade
1895,2014,1,28,"Wilcox, C. J.",SG,Washington
1896,2014,1,29,"Huestis, Josh",SF/PF,Stanford
1897,2014,1,30,"Anderson, Kyle",SF,UCLA
1898,2014,2,31,"Inglis, Damien",SF,Chorale Roanne
1899,2014,2,32,"McDaniels, K. J.",SF,Clemson
1900,2014,2,33,"Harris, Joe",SG,Virginia
1901,2014,2,34,"Early, Cleanthony",SF,Wichita State
1902,2014,2,35,"Stokes, Jarnell",PF,Tennessee
1903,2014,2,36,"O'Bryant III, Johnny",PF,Louisiana State
1904,2014,2,37,"Daniels, DeAndre",SF,Connecticut
1905,2014,2,38,"Dinwiddie, Spencer",PG/SG,Colorado
1906,2014,2,39,"Grant, Jerami",SF,Syracuse
1907,2014,2,40,"Robinson III, Glenn",SF,Michigan
1908,2014,2,41,"JokiÄ‡, Nikola",PF/C,Mega Vizura
1909,2014,2,42,"Johnson, Nick",PG/SG,Arizona
1910,2014,2,43,"Tavares, Walter",C,CB Gran Canaria
1911,2014,2,44,"Brown, Markel",SG,Oklahoma State
1912,2014,2,45,"Powell, Dwight",PF,Stanford
1913,2014,2,46,"Clarkson, Jordan",PG,Missouri
1914,2014,2,47,"Smith, Russ",PG/SG,Louisville
1915,2014,2,48,"Patterson, Lamar",SG/SF,Pittsburgh
1916,2014,2,49,"Bairstow, Cameron",PF/C,New Mexico
1917,2014,2,50,"Brown, Alec",C,Green Bay
1918,2014,2,51,"Antetokounmpo, Thanasis",SF,Delaware 87ers
1919,2014,2,52,"MiciÄ‡, Vasilije",PG,Mega Vizura
1920,2014,2,53,"Gentile, Alessandro",SF,Olimpia Milano
1921,2014,2,54,"DangubiÄ‡, Nemanja",SG,Mega Vizura
1922,2014,2,55,"Christon, Semaj",PG,Xavier
1923,2014,2,56,"Marble, Devyn",SG/SF,Iowa
1924,2014,2,57,"Labeyrie, Louis",PF/C,Paris-Levallois Basket
1925,2014,2,58,"McRae, Jordan",SG,Tennessee
1926,2014,2,59,"Thames, Xavier",PG/SG,San Diego State
1927,2014,2,60,"Jefferson, Cory",PF,Baylor
1928,2015,1,1,"Towns, Karl-Anthony",C,Kentucky
1929,2015,1,2,"Russell, D'Angelo",PG,Ohio State
1930,2015,1,3,"Okafor, Jahlil",C,Duke
1931,2015,1,4,"PorziÅ†Ä£is, Kristaps",PF/C,Baloncesto Sevilla
1932,2015,1,5,"Hezonja, Mario",SG/SF,FC Barcelona
1933,2015,1,6,"Cauley-Stein, Willie",C,Kentucky
1934,2015,1,7,"Mudiay, Emmanuel",PG,Guangdong Southern Tigers
1935,2015,1,8,"Johnson, Stanley",SF,Arizona
1936,2015,1,9,"Kaminsky, Frank",C,Wisconsin
1937,2015,1,10,"Winslow, Justise",SF,Duke
1938,2015,1,11,"Turner, Myles",C,Texas
1939,2015,1,12,"Lyles, Trey",PF,Kentucky
1940,2015,1,13,"Booker, Devin",SG,Kentucky
1941,2015,1,14,"Payne, Cameron",PG,Murray State
1942,2015,1,15,"Oubre Jr., Kelly",SG,Kansas
1943,2015,1,16,"Rozier, Terry",PG,Louisville
1944,2015,1,17,"Vaughn, Rashad",SG,UNLV
1945,2015,1,18,"Dekker, Sam",SF,Wisconsin
1946,2015,1,19,"Grant, Jerian",PG,Notre Dame
1947,2015,1,20,"Wright, Delon",PG,Utah
1948,2015,1,21,"Anderson, Justin",SF,Virginia
1949,2015,1,22,"Portis, Bobby",PF,Arkansas
1950,2015,1,23,"Hollis-Jefferson, Rondae",SF,Arizona
1951,2015,1,24,"Jones, Tyus",PG,Duke
1952,2015,1,25,"Martin, Jarell",PF,LSU
1953,2015,1,26,"Milutinov, Nikola",C,Partizan Belgrade
1954,2015,1,27,"Nance Jr., Larry",PF,Wyoming
1955,2015,1,28,"Hunter, R. J.",SG,Georgia State
1956,2015,1,29,"McCullough, Chris",PF,Syracuse
1957,2015,1,30,"Looney, Kevon",PF,UCLA
1958,2015,2,31,"Osman, Cedi",SG/SF,Anadolu Efes
1959,2015,2,32,"Harrell, Montrezl",PF,Louisville
1960,2015,2,33,"Mickey, Jordan",PF,LSU
1961,2015,2,34,"Brown, Anthony",SF,Stanford
1962,2015,2,35,"HernangÃ_mez, Willy",C,Baloncesto Sevilla
1963,2015,2,36,"Christmas, Rakeem",PF/C,Syracuse
1964,2015,2,37,"Holmes, Richaun",SF/PF,Bowling Green
1965,2015,2,38,"Hilliard, Darrun",SG,Villanova
1966,2015,2,39,"Vaulet, Juan Pablo",SF,Estudiantes de BahÃ_a
1967,2015,2,40,"Richardson, Josh",SG,Tennessee
1968,2015,2,41,"Connaughton, Pat",SF,Notre Dame
1969,2015,2,42,"Hanlan, Olivier",PG,Boston College
1970,2015,2,43,"Young, Joseph",PG,Oregon
1971,2015,2,44,"Harrison, Andrew",PG,Kentucky
1972,2015,2,45,"Thornton, Marcus",PG,William & Mary
1973,2015,2,46,"Powell, Norman",SG,UCLA
1974,2015,2,47,"Gudaitis, ArtÅ«ras",C,Å_algiris Kaunas
1975,2015,2,48,"Johnson, Dakari",C,Kentucky
1976,2015,2,49,"White, Aaron",PF,Iowa
1977,2015,2,50,"Eriksson, Marcus",SG,FC Barcelona
1978,2015,2,51,"Harvey, Tyler",PG,Eastern Washington
1979,2015,2,52,"Bhamara, Satnam Singh",C,IMG Academy
1980,2015,2,53,"Pointer, Sir'Dominic",SF,St. John's
1981,2015,2,54,"DÃ_ez, Dani",SF,Gipuzkoa Basket
1982,2015,2,55,"Lalanne, Cady",PF,Massachusetts
1983,2015,2,56,"Dawson, Branden",SF,Michigan State
1984,2015,2,57,"RadiÄçeviÄ‡, Nikola",PG,Baloncesto Sevilla
1985,2015,2,58,"Tokoto, J. P.",SG/SF,North Carolina
1986,2015,2,59,"Agravanis, Dimitrios",PF,Olympiacos
1987,2015,2,60,"MitroviÄ‡, Luka",PF,Red Star Belgrade
1988,2016,1,1,"Simmons, Ben",PF/PG,LSU
1989,2016,1,2,"Ingram, Brandon",SF,Duke
1990,2016,1,3,"Brown, Jaylen",SF/SG,California
1991,2016,1,4,"Bender, Dragan",PF/C,Maccabi FOX Tel Aviv
1992,2016,1,5,"Dunn, Kris",PG,Providence
1993,2016,1,6,"Hield, Buddy",SG,Oklahoma
1994,2016,1,7,"Murray, Jamal",SG/PG,Kentucky
1995,2016,1,8,"Chriss, Marquese",PF,Washington
1996,2016,1,9,Poeltl,C,Utah
1997,2016,1,10,"Maker, Thon",PF,Orangeville Prep
1998,2016,1,11,"Sabonis, Domantas",PF/C,Gonzaga
1999,2016,1,12,"Prince, Taurean",PF,Baylor
2000,2016,1,13,"Papagiannis, Georgios",C,Panathinaikos
2001,2016,1,14,"Valentine, Denzel",SG/SF,Michigan State
2002,2016,1,15,"HernangÃ_mez, Juan",SF/PF,Movistar Estudiantes
2003,2016,1,16,"Yabusele, Guerschon",PF,Rouen MÃ©tropole
2004,2016,1,17,"Baldwin IV, Wade",PG,Vanderbilt
2005,2016,1,18,"Ellenson, Henry",PF,Marquette
2006,2016,1,19,"Beasley, Malik",SG,Florida State
2007,2016,1,20,"LeVert, Caris",SG,Michigan
2008,2016,1,21,"Bembry, DeAndre'",SF,Saint Joseph's
2009,2016,1,22,"Richardson, Malachi",SG,Syracuse
2010,2016,1,23,"Å_iÅ_iÄ‡, Ante",C,KK Cibona
2011,2016,1,24,"Luwawu-Cabarrot, TimothÃ©",SG/SF,Mega Leks
2012,2016,1,25,"Johnson, Brice",PF,North Carolina
2013,2016,1,26,"Korkmaz, Furkan",SG/SF,Anadolu Efes
2014,2016,1,27,"Siakam, Pascal",PF,New Mexico State
2015,2016,1,28,"LabissiÃ¨re, Skal",PF/C,Kentucky
2016,2016,1,29,"Murray, Dejounte",PG/SG,Washington
2017,2016,1,30,"Jones, Damian",C,Vanderbilt
2018,2016,2,31,"Davis, Deyonta",PF/C,Michigan State
2019,2016,2,32,"Zubac, Ivica",C,Mega Leks
2020,2016,2,33,"Diallo, Cheick",PF/C,Kansas
2021,2016,2,34,"Ulis, Tyler",PG,Kentucky
2022,2016,2,35,"Zagorac, Rade",SG/SF,Mega Leks
2023,2016,2,36,"Brogdon, Malcolm",PG/SG,Virginia
2024,2016,2,37,"Onuaku, Chinanu",PF/C,Louisville
2025,2016,2,38,"McCaw, Patrick",SG/SF,UNLV
2026,2016,2,39,"Michineau, David",PG,Elan !
2027,2016,2,40,"Stone, Diamond",C,Maryland
2028,2016,2,41,"Zimmerman, Stephen",PF/C,UNLV
2029,2016,2,42,"Whitehead, Isaiah",PG/SG,Seton Hall
2030,2016,2,43,"Zhou Qi,",C,Xinjiang Flying Tigers
2031,2016,2,44,"Cordinier, Isaia",SG,ASC Denain-Voltaire
2032,2016,2,45,"Jackson, Demetrius",PG,Notre Dame
2033,2016,2,46,"Hammons, A. J.",C,Purdue
2034,2016,2,47,"Layman, Jake",SF,Maryland
2035,2016,2,48,"Zipser, Paul",SG/SF,FC Bayern Munich
2036,2016,2,49,"Gbinije, Michael",SF,Syracuse
2037,2016,2,50,"Niang, Georges",PF,Iowa State
2038,2016,2,51,"Bentil, Ben",PF,Providence
2039,2016,2,52,"Bolomboy, Joel",PF/C,Weber State
2040,2016,2,53,"Cornelie, Petr",PF,Le Mans Sarthe
2041,2016,2,54,"Felder, Kay",PG,Oakland
2042,2016,2,55,"Paige, Marcus",PG,North Carolina
2043,2016,2,56,"Hamilton, Daniel",SG/SF,Connecticut
2044,2016,2,57,"Wang Zhelin,",C,Fujian Sturgeons
2045,2016,2,58,"Nader, Abdel",SF,Iowa State
2046,2016,2,59,"Cousins, Isaiah",PG/SG,Oklahoma
2047,2016,2,60,"Wallace, Tyrone",PG,California
2048,2017,1,1,"Fultz, Markelle",PG/SG,Washington
2049,2017,1,2,"Ball, Lonzo",PG,UCLA
2050,2017,1,3,"Tatum, Jayson",SF,Duke
2051,2017,1,4,"Jackson, Josh",SF,Kansas
2052,2017,1,5,"Fox, De'Aaron",PG,Kentucky
2053,2017,1,6,"Isaac, Jonathan",SF/PF,Florida State
2054,2017,1,7,"Markkanen, Lauri",PF,Arizona
2055,2017,1,8,"Ntilikina, Frank",PG,SIG Strasbourg
2056,2017,1,9,"Smith Jr., Dennis",PG,NC State
2057,2017,1,10,"Collins, Zach",C/PF,Gonzaga
2058,2017,1,11,"Monk, Malik",SG,Kentucky
2059,2017,1,12,"Kennard, Luke",SG,Duke
2060,2017,1,13,"Mitchell, Donovan",SG,Louisville
2061,2017,1,14,"Adebayo, Bam",PF/C,Kentucky
2062,2017,1,15,"Jackson, Justin",SF,North Carolina
2063,2017,1,16,"Patton, Justin",C,Creighton
2064,2017,1,17,"Wilson, D. J.",PF/SF,Michigan
2065,2017,1,18,"Leaf, T. J.",PF,UCLA
2066,2017,1,19,"Collins, John",PF,Wake Forest
2067,2017,1,20,"Giles, Harry",PF/C,Duke
2068,2017,1,21,"Ferguson, Terrance",SG,Adelaide 36ers
2069,2017,1,22,"Allen, Jarrett",C,Texas
2070,2017,1,23,"Anunoby, OG",SF,Indiana
2071,2017,1,24,"Lydon, Tyler",PF,Syracuse
2072,2017,1,25,"PaseÄçÅ†iks, AnÅ_ejs",C,Herbalife Gran Canaria
2073,2017,1,26,"Swanigan, Caleb",PF,Purdue
2074,2017,1,27,"Kuzma, Kyle",PF,Utah
2075,2017,1,28,"Bradley, Tony",PF/C,North Carolina
2076,2017,1,29,"White, Derrick",PG/SG,Colorado
2077,2017,1,30,"Hart, Josh",SG,Villanova
2078,2017,2,31,"Jackson, Frank",PG,Duke
2079,2017,2,32,"Reed, Davon",SG,Miami
2080,2017,2,33,"Iwundu, Wes",SF,Kansas State
2081,2017,2,34,"Mason III, Frank",PG,Kansas
2082,2017,2,35,"Rabb, Ivan",PF,California
2083,2017,2,36,"Bolden, Jonah",PF,FMP Beograd
2084,2017,2,37,"Ojeleye, Semi",SF/PF,SMU
2085,2017,2,38,"Bell, Jordan",PF,Oregon
2086,2017,2,39,"Evans, Jawun",PG,Oklahoma State
2087,2017,2,40,"Bacon, Dwayne",SG,Florida State
2088,2017,2,41,"Dorsey, Tyler",SG,Oregon
2089,2017,2,42,"Bryant, Thomas",PF,Indiana
2090,2017,2,43,"Hartenstein, Isaiah",PF/C,Å_algiris Kaunas
2091,2017,2,44,"Dotson, Damyean",SG,Houston
2092,2017,2,45,"Brooks, Dillon",SF,Oregon
2093,2017,2,46,"Brown, Sterling",SG,SMU
2094,2017,2,47,"Anigbogu, Ike",C,UCLA
2095,2017,2,48,"Thornwell, Sindarius",SG,South Carolina
2096,2017,2,49,"ÄŒanÄçar, Vlatko",SF,Mega Leks
2097,2017,2,50,"Lessort, Mathias",PF/C,Nanterre 92
2098,2017,2,51,"Morris, MontÃ©",PG,Iowa State
2099,2017,2,52,"Sumner, Edmond",PG,Xavier
2100,2017,2,53,"Allen, Kadeem",SG,Arizona
2101,2017,2,54,"Peters, Alec",SF,Valparaiso
2102,2017,2,55,"Williams-Goss, Nigel",PG,Gonzaga
2103,2017,2,56,"Bird, Jabari",SG,California
2104,2017,2,57,"Vezenkov, Sasha",PF,FC Barcelona Lassa
2105,2017,2,58,"Jaramaz, Ognjen",PG,Mega Leks
2106,2017,2,59,"Blossomgame, Jaron",SF,Clemson
2107,2017,2,60,"Kaba, Alpha",PF/C,Mega Leks
2108,2018,1,1,DeAndre Ayton,C,Arizona
2109,2018,1,2,Jaren Jackson Jr.,PF,Michigan St.
2110,2018,1,3,Michael Porter,SF,Missouri
2111,2018,1,4,Marvin Bagley,PF,Duke
2112,2018,1,5,Luka Doncic,SG/SF,Slovenia
2113,2018,1,6,Wendell Carter,PF/C,Duke
2114,2018,1,7,Trae Young,PG,Oklahoma
2115,2018,1,8,Mohamed Bamba,C,Texas
2116,2018,1,9,Collin Sexton,PG,Alabama
2117,2018,1,10,Kevin Knox,SF/PF,Kentucky
2118,2018,1,11,Mikal Bridges,SG/SF,Villanova
2119,2018,1,12,Miles Bridges,SF/PF,Michigan St.
2120,2018,1,13,Shai Gilgeous-Al...,PG,Kentucky
2121,2018,1,14,Robert Williams,PF/C,Texas A&M
2122,2018,1,15,Gary Trent Jr.,SG,Duke
2123,2018,1,16,Lonnie Walker,SG,Miami
2124,2018,1,17,Dzanan Musa,SF,Bosnia & Herz
2125,2018,1,18,Hamidou Diallo,SG,Kentucky
2126,2018,1,19,Khyri Thomas,PG/SG,Creighton
2127,2018,1,20,Mitchell Robinson,C,USA
2128,2018,1,21,Trevon Duval,PG,Duke
2129,2018,1,22,Grayson Allen,SG,Duke
2130,2018,1,23,Chimezie Metu,PF/C,USC
2131,2018,1,24,Landry Shamet,PG/SG,Wichita State
2132,2018,1,25,Brandon McCoy,C,UNLV
2133,2018,1,26,Troy Brown,PG/SG,Oregon
2134,2018,1,27,Omer Yurtseven,C,NC State
2135,2018,1,28,Austin Wiley,C,Auburn
2136,2018,1,29,Tony Carr,PG,Penn State
2137,2018,1,30,Moritz Wagner,PF,Michigan
2138,2018,2,31,Rodions Kurucs,SF,Latvia
2139,2018,2,32,Bruce Brown,SG,Miami
2140,2018,2,33,Kerwin Roach,PG/SG,Texas
2141,2018,2,34,Isaac Bonga,SF,Germany
2142,2018,2,35,Robert Franks,SF/PF,Washington State
2143,2018,2,36,Chandler Hutchison,SG/SF,Boise State
2144,2018,2,37,Kenrich Williams,SF,TCU
2145,2018,2,38,Keita Bates-Diop,SF,Ohio State
2146,2018,2,39,Alize Johnson,PF,Missouri State
2147,2018,2,40,Aaron Holiday,PG,UCLA
2148,2018,2,41,Sviatoslav Mykha,SG,Kansas
2149,2018,2,42,Jaylen Adams,PG/SG,St. Bonaventure
2150,2018,2,43,Kevin Hervey,SF,Texas Arlington
2151,2018,2,44,Allonzo Trier,SG,Arizona
2152,2018,2,45,Keenan Evans,PG/SG,Texas Tech
2153,2018,2,46,Shake Milton,PG/SG,SMU
2154,2018,2,47,Goga Bitadze,C,Rep. of Georgia
2155,2018,2,48,Jalen Brunson,PG,Villanova
2156,2018,2,49,Thomas Wilder,PG,Western Michigan
2157,2018,2,50,Rawle Alkins,SG,Arizona
2158,2018,2,51,Jalen Hudson,SG,Florida
2159,2018,2,52,Devonte Graham,PG,Kansas
2160,2018,2,53,Arnoldas Kulboka,SF,Lithuania
2161,2018,2,54,Melvin Frazier,SG/SF,Tulane
2162,2018,2,55,Joel Berry,PG,North Carolina
2163,2018,2,56,Jacob Evans,SF,Cincinnati
2164,2018,2,57,Jevon Carter,PG,West Virginia
2165,2018,2,58,Borisa Simanic,SF/PF,Serbia
2166,2018,2,59,Bonzie Colson,SF/PF,Notre Dame
2167,2018,2,60,Kendall Stephens,SG/SF,Nevada