,Unnamed: 0,Rank,Name,Position,Height,Weight
0,0,1,arrison-barnes,SF,80,209
1,1,2,ared-sullinger,PF,80,262
2,2,3,yrie-irving,PG,74,172
3,3,4,randon-knight,PG,75,183
4,4,5,osh-selby,PG,75,183
5,5,6,obias-harris,PF,80,210
6,6,7,erry-jones,PF,83,220
7,7,8,ill-barton,SG,78,170
8,8,9,errence-jones,SF,81,230
9,9,10,ristan-thompson,PF,81,235
10,10,11,j-leslie,PF,81,205
11,11,12,eshaun-thomas,SF,79,221
12,12,13,atric-young,PF,81,220
13,13,14,abricio-melo,C,84,274
14,14,15,ion-waiters,SG,76,210
15,15,16,ory-joseph,PG,75,180
16,16,17,ay-mccallum,PG,73,179
17,17,18,eggie-bullock,SG,78,190
18,18,19,oshua-hairston,PF,81,220
19,19,20,osh-smith,C,81,320
20,20,21,oe-jackson,PG,72,175
21,21,22,endall-marshall,PG,76,180
22,22,23,ereme-richmond,SF,79,195
23,23,24,ony-mitchell,PF,80,215
24,24,25,Enes Kanter,C,81,240
25,25,26,dreian-payne,PF,81,215
26,26,27,eith-appling,SG,74,180
27,27,28,yler-lamb,SG,76,190
28,28,29,oron-lamb,SG,76,183
29,29,30,errence-ross,SF,78,180
30,30,31,ander-blue,SG,75,195
31,31,32,ameron-clark,SF,78,184
32,32,33,rey-zeigler,SG,77,190
33,33,34,oscoe-smith,SF,80,190
34,34,35,asey-prather,SF,78,195
35,35,36,karo-white,PF,80,180
36,36,37,an-miller,SG,74,180
37,37,38,ordan-mcrae,SG,77,175
38,38,39,Ryan Harrow,PG,72,160
39,39,40,wight-powell,PF,82,212
40,40,41,ames-bell,SF,76,217
41,41,42,hil-pressey,PG,70,162
42,42,43,eala-king,SF,78,200
43,43,44,elan-kendrick,SG,77,186
44,44,45,ychal-parker,SG,77,190
45,45,46,ustin-martin,SG,78,215
46,46,47,eyers-leonard,C,84,215
47,47,48,ate-lubick,PF,81,222
48,48,49,t-terrell,SG,75,165
49,49,50,ustin-coleman,SG,77,210
50,50,51,tacey-poole,SG,77,190
51,51,52,revor-releford,PG,71,175
52,52,53,Jamail Jones,SF,78,200
53,53,54,Gerard Coleman,SG,76,170
54,54,55,Luke Cothron,PF,80,205
55,55,56,Geron Johnson,SG,74,185
56,56,57,Allen Crabbe,SG,78,190
57,57,58,Dominique Ferguson,PF,80,209
58,58,59,arik-black,PF,80,230
59,59,60,ravis-mckie,SF,78,195
60,60,61,ussell-byrd,SG,79,190
61,61,62,ayvaughn-pinkston,PF,78,220
62,62,63,j-fair,SF,79,196
63,63,64,arson-desrosiers,C,82,210
64,64,65,ary-franklin-jr,PG,74,183
65,65,66,od-odom,SF,80,195
66,66,67,ason-morris,SF,77,204
67,67,68,amontre-harris,C,81,210
68,68,69,Bryce Jones,SG,77,175
69,69,70,alston-turner,SG,78,193
70,70,71,uwan-staten,PG,71,169
71,71,72,Andre Stringer,PG,70,170
72,72,73,oah-cottrill,PG,73,180
73,73,74,elvin-tabb,PF,80,220
74,74,75,ichael-cobbins,PF,80,190
75,75,76,arkel-starks,PG,74,175
76,76,77,J.J. Moore,SF,77,200
77,77,78,T.J. Taylor,PG,75,200
78,78,79,randall-head,SG,75,186
79,79,80,enzelle-smith-jr,SG,76,205
80,80,81,nthony-brown,SF,78,180
81,81,82,Jordan Sibert,SG,76,185
82,82,83,R.J. Slawson,PF,80,190
83,83,84,van-smotrycz,PF,81,210
84,84,85,Demarco Cox,PF,81,300
85,85,86,Justin Jackson,PF,80,210
86,86,87,Matt Derenbecker,SF,79,185
87,87,88,Stargell Love,PG,74,180
88,88,89,Maurice Jones,PG,67,150
89,89,90,K.T. Harrell,SG,76,200
90,90,91,aniel-bejarano,SG,76,204
91,91,92,ames-johnson,PF,81,212
92,92,93,"Tim Hardaway, Jr.",SG,77,185
93,93,94,aniel-alexander,PF,80,192
94,94,95,aran-buie,SG,74,172
95,95,96,erian-grant,SF,76,175
96,96,97,Terrell Stoglin,PG,71,180
97,97,98,Joseph Young,SG,74,180
98,98,99,lex-kirk,C,82,226
99,0,1,anthony-davis,PF,82,200
100,1,2,ndre-drummond,C,82,275
101,2,3,ustin-rivers,SG,76,189
102,3,4,ichael-gilchrist,SF,79,210
103,4,5,radley-beal,SG,76,205
104,5,6,ames-mcadoo,PF,80,216
105,6,7,uincy-miller,PF,81,210
106,7,8,arquis-teague,PG,74,175
107,8,9,donis-thomas,SF,78,210
108,9,10,ebryan-nash,SF,79,230
109,10,11,yck-kabongo,PG,74,170
110,11,12,khem-birch,C,81,210
111,12,13,j-hairston,SG,77,220
112,13,14,ody-zeller,PF,83,210
113,14,15,osiah-turner,PG,75,185
114,15,16,bj-young,PG,75,170
115,16,17,ony-wroten-jr,PG,76,206
116,17,18,dorian-finney-smith,SF,79,185
117,18,19,yle-wiltjer,PF,81,221
118,19,20,akeem-christmas,C,81,222
119,20,21,ichael-carter-williams,SG,77,175
120,21,22,ick-johnson,SG,75,185
121,22,23,randen-dawson,SF,78,220
122,23,24,entavious-caldwell-pope,SG,76,190
123,24,25,dom-pointer,SF,78,195
124,25,26,abari-brown,SG,75,200
125,26,27,ayne-blackshear,SG,77,205
126,27,28,hane-behanan,PF,79,230
127,28,29,ichael-gbinije,SF,78,194
128,29,30,evi-randolph,SG,77,180
129,30,31,odney-hood,SF,79,190
130,31,32,akarr-sampson,SF,80,200
131,32,33,ai-jon-parker,SG,74,185
132,33,34,hannon-scott,PG,74,170
133,34,35,arshall-plumlee,C,83,215
134,35,36,y-madden,SG,77,195
135,36,37,nick-faust,SG,78,175
136,37,38,uinn-cook,PG,73,180
137,38,39,aurice-harkless,SF,78,200
138,39,40,revor-lacey,SG,75,200
139,40,41,lex-murphy,SF,80,215
140,41,42,otto-porter,SF,81,200
141,42,43,mir-williams,C,82,220
142,43,44,ichael-chandler,C,82,225
143,44,45,am-thompson,SF,79,185
144,45,46,ohnny-obryant,PF,82,245
145,46,47,Sheldon McClellan,SG,77,190
146,47,48,ezmine-wells,SF,77,220
147,48,49,ben-mclemore,SF,77,185
148,49,50,ahii-carson,PG,71,160
149,50,51,amal-branch,PG,75,163
150,51,52,norman-powell,SG,74,175
151,52,53,aquinton-ross,SF,80,200
152,53,54,euce-bello,SF,76,180
153,54,55,unter-mickelson,PF,82,220
154,55,56,erik-copes,C,80,220
155,56,57,ach-price,C,82,230
156,57,58,alcolm-gilbert,C,83,214
157,58,59,adjehi-baru,C,81,225
158,59,60,hasson-randle,PG,73,170
159,60,61,ngelo-chol,PF,80,210
160,61,62,Jonathan Holmes,PF,80,220
161,62,63,yles-mack,PG,69,155
162,63,64,angelo-harrison,SG,75,180
163,64,65,revor-cooney,SG,76,185
164,65,66,yrone-johnson,PG,75,185
165,66,67,hris-jones,PG,70,165
166,67,68,ary-bell-jr,SG,74,175
167,68,69,ulian-royal,PF,80,200
168,69,70,Nnanna Egwu,C,82,220
169,70,71,Antwan Space,SF,79,200
170,71,73,alcolm-brogdon,SG,77,205
171,72,74,yan-boatright,PG,74,165
172,73,75,arlton-brundidge,SG,73,205
173,74,76,ulien-lewis,SG,75,190
174,75,77,orvel-pelle,PF,81,200
175,76,78,ikael-hopkins,C,80,210
176,77,79,Andre Hollins,SG,74,190
177,78,80,Jabril Trawick,SG,77,200
178,79,81,robert-brown,SG,76,175
179,80,82,sim-bhullar,C,88,330
180,81,83,joseph-uchebo,C,82,240
181,82,84,Trey Burke,PG,73,170
182,83,85,edren-johnson,PG,75,200
183,84,86,aadir-tharpe,PG,72,170
184,85,87,racy-abrams,PG,73,175
185,86,88,nthony-gill,PF,79,210
186,87,89,paul-jesperson,SF,79,185
187,88,90,Jarrod Uthoff,PF,80,200
188,89,91,ike-shaw,PF,80,220
189,90,92,TaShawn Thomas,PF,80,210
190,91,93,Ryan Anderson,PF,80,215
191,92,94,idiki-johnson,PF,80,220
192,93,95,oe-coleman,SG,76,200
193,94,96,evin-ware,SG,77,180
194,95,97,mycheal-henry,SF,78,220
195,96,98,D.J. Gardner,SF,78,205
196,97,99,mir-garrett,SF,78,190
197,98,100,j-barksdale,PF,80,210
198,0,1,erlens-noel,C,82,215
199,1,2,habazz-muhammad,SF,78,215
200,2,3,saiah-austin,C,84,210
201,3,4,aleb-tarczewski,C,84,240
202,4,5,yle-anderson,SF,79,210
203,5,6,steven-adams,C,82,235
204,6,7,anthony-bennett,PF,80,230
205,7,8,cameron-ridley,C,82,230
206,8,9,rant-jerrett,PF,82,220
207,9,10,arcus-smart,SG,75,200
208,10,11,gary-harris,SG,76,195
209,11,12,asheed-sulaimon,SG,75,175
210,12,13,alex-poythress,SF,79,215
211,13,14,ajuan-coleman,C,81,275
212,14,15,archie-goodwin,SG,77,181
213,15,16,randon-ashley,PF,80,215
214,16,17,sam-dekker,SF,79,195
215,17,18,glenn-robinson,SF,78,200
216,18,19,danuel-house,SF,78,185
217,19,20,odney-purvis,SG,76,190
218,20,21,icardo-ledo,SG,78,180
219,21,22,arcus-paige,PG,73,160
220,22,23,kris-dunn,PG,75,180
221,23,24,ogi-ferrell,PG,71,160
222,24,25,mile-jefferson,PF,79,190
223,25,26,ony-parker,C,81,270
224,26,27,itch-mcgary,PF,82,225
225,27,28,devonta-pollard,SF,79,200
226,28,29,j-warren,SF,79,205
227,29,30,haquille-cleare,C,81,270
228,30,31,shaq-goodwin,PF,80,245
229,31,32,mar-calhoun,SG,75,185
230,32,33,obert-carter,PF,80,250
231,33,34,brice-johnson,PF,81,210
232,34,35,erry-ellis,PF,80,220
233,35,36,icardo-gathers,PF,79,240
234,36,37,jerami-grant,PF,79,200
235,37,38,josh-scott,C,82,215
236,38,39,adam-woodbury,C,83,225
237,39,40,willie-cauley,C,82,215
238,40,41,ordan-adams,SF,77,220
239,41,42,eremy-hollowell,SF,79,190
240,42,43,ames-robinson,PG,75,195
241,43,44,yler-lewis,PG,71,165
242,44,45,lijah-macon,PF,80,210
243,45,46,yan-arcidiacono,PG,75,185
244,46,47,atin-reinhardt,SG,77,190
245,47,48,andrew-white,SF,78,195
246,48,49,ustin-anderson,SF,77,210
247,49,50,raxton-ogbueze,PG,73,185
248,50,51,danrad-knowles,PF,81,190
249,51,52,van-nolte,SF,79,190
250,52,53,winston-shepard,SF,80,205
251,53,53,solomon-poole,PG,72,180
252,54,54,daniel-ochefu,C,81,225
253,55,55,obert-upshaw,C,83,250
254,56,56,georges-niang,PF,79,230
255,57,57,ontay-brandon,SG,76,180
256,58,58,vauntes-smith-rivera,SG,75,220
257,59,59,prince-ibeh,C,82,225
258,60,60,joel-james,C,82,260
259,61,61,ordan-price,SG,77,220
260,62,62,ominic-artis,PG,71,165
261,63,63,j-rose,PG,75,180
262,64,64,cameron-biedscheid,SF,78,190
263,65,65,abe-york,SG,73,170
264,66,66,osco-allen,SF,81,210
265,67,67,jake-layman,SF,80,190
266,68,68,avier-johnson,SF,78,185
267,69,69,marcus-hunt,SF,78,215
268,70,70,p-tokoto,SF,78,195
269,71,71,anner-mosquera-perea,PF,80,210
270,72,72,avan-felix,PG,71,190
271,73,73,-mychal-reese,PG,74,170
272,74,74,terry-rozier,PG,73,165
273,75,75,ike-gesell,PG,73,185
274,76,76,nik-stauskas,SF,78,205
275,77,77,stephen-domingo,SF,79,200
276,78,78,christopher-obekpa,C,80,225
277,79,79,kellen-dunham,SG,77,170
278,80,80,codi-miller-mcintyre,PG,74,170
279,81,81,mike-tobey,C,83,210
280,82,82,j-hammons,C,84,275
281,83,83,Fred Van Vleet,PG,71,175
282,84,84,steve-taylor,SF,79,175
283,85,85,melvin-johnson,SG,75,175
284,86,86,kenny-kaminski,PF,79,230
285,87,87,matt-costello,PF,81,225
286,88,88,apheal-davis,SG,77,200
287,89,89,rant-verhoeven,C,80,215
288,90,90,montrezl-harrell,PF,80,215
289,91,91,torian-graham,SG,76,200
290,92,92,maurice-watson,PG,69,150
291,93,93,ronnie-johnson,PG,70,160
292,94,94,connor-lammert,PF,82,220
293,95,95,jaron-blossomgame,SF,79,200
294,96,96,ordan-burgess,SF,77,195
295,97,97,jordan-loveridge,SF,78,225
296,98,98,enzel-valentine,SF,77,205
297,0,1,andrew-wiggins,SF,79,205
298,1,2,jabari-parker,SF,80,220
299,2,3,julius-randle,PF,81,225
300,3,4,aron-gordon,PF,80,210
301,4,5,andrew-harrison,PG,77,210
302,5,6,joel-embiid,C,83,230
303,6,7,dakari-johnson,C,82,250
304,7,8,james-young,SF,78,210
305,8,9,aaron-harrison,SG,77,205
306,9,10,kasey-hill,PG,72,170
307,10,11,jarrell-martin,PF,79,210
308,11,12,chris-walker,PF,82,195
309,12,13,noah-vonleh,PF,80,220
310,13,14,wayne-selden,SF,77,220
311,14,15,austin-nichols,PF,80,200
312,15,16,bobby-portis,PF,81,225
313,16,17,rysheed-jordan,PG,75,180
314,17,18,isaiah-hicks,PF,80,210
315,18,19,igel-williams-goss,PG,75,180
316,19,20,tyler-ennis,PG,74,180
317,20,21,rondae-hollis-jefferson,SF,79,215
318,21,22,zak-irvin,SF,78,185
319,22,23,jabari-bird,SG,78,190
320,23,24,demetrius-jackson,PG,73,170
321,24,25,marcus-lee,PF,81,200
322,25,26,anthony-barber,PG,74,165
323,26,27,jajuan-johnson,SG,77,185
324,27,28,eric-mika,C,81,220
325,28,29,robert-hubbs,SG,77,185
326,29,30,derrick-walton,PG,72,165
327,30,31,tyler-roberson,PF,79,200
328,31,32,isaac-hamilton,SG,77,185
329,32,33,kuran-iverson,SF,80,200
330,33,34,Luke Fischer,C,81,200
331,34,35,jermaine-lawrence,PF,81,190
332,35,36,matt-jones,SG,76,180
333,36,37,nick-king,SF,78,210
334,37,38,jordan-mickey,PF,80,220
335,38,39,deonte-burton,SF,76,228
336,39,40,semi-ojeleye,SF,78,220
337,40,41,sindarius-thornwell,SG,77,180
338,41,42,devin-williams,PF,80,220
339,42,43,moses-kingsley,C,81,210
340,43,44,avier-rathan-mayes,SG,75,180
341,44,45,nick-emery,PG,74,180
342,45,46,conner-frankamp,PG,72,155
343,46,47,brannen-greene,SG,78,215
344,47,48,anton-gill,SG,75,185
345,48,49,keith-frazier,SG,77,190
346,49,50,zach-lavine,PG,75,165
347,50,51,matt-thomas,SG,75,185
348,51,52,roddy-peters,PG,76,180
349,52,53,duane-wilson,PG,75,176
350,53,54,troy-williams,SF,79,190
351,54,55,johnathan-williams-iii,PF,80,208
352,55,56,brandon-austin,SF,78,180
353,56,57,mike-young,PF,80,245
354,57,58,kameron-williams,SG,75,170
355,58,59,kennedy-meeks,C,81,275
356,59,60,ishmail-wainright,SF,78,220
357,60,61,kendrick-nunn,SG,74,175
358,61,62,marc-loving,SF,80,200
359,62,63,reggie-cameron,PF,79,210
360,63,64,john-egbunu,C,82,230
361,64,65,kendall-stephens,SG,77,195
362,65,66,malcolm-hill,SG,78,205
363,66,67,beejay-anya,C,81,275
364,67,68,stevie-clark,PG,70,160
365,68,69,jimmie-taylor,C,82,210
366,69,70,vj-beachem,SF,78,180
367,70,71,christian-wood,PF,82,210
368,71,72,allerik-freeman,SG,75,205
369,72,73,ris-jenkins,PF,77,250
370,73,74,mamadou-ndiaye,C,89,310
371,74,75,akoy-agau,PF,81,240
372,75,76,treshaun-fletcher,SF,78,185
373,76,77,karviar-shepherd,C,81,215
374,77,78,jordan-bell,PF,79,190
375,78,79,wes-clark,PG,72,170
376,79,80,tim-quarterman,PG,77,180
377,80,81,damian-jones,PF,81,220
378,81,82,bj-johnson,SF,79,165
379,82,83,nigel-hayes,PF,79,215
380,83,84,monte-morris,PG,73,165
381,84,85,kendal-yancy-harris,PG,76,195
382,85,86,brandon-randolph,PG,73,175
383,86,87,cullen-neal,PG,76,170
384,87,88,kendall-smith,PG,74,165
385,88,89,mark-donnal,PF,80,225
386,89,90,dominic-woodson,C,82,290
387,90,91,jaren-sina,PG,74,175
388,91,92,josh-hart,SF,76,190
389,92,93,elliott-pitts,SG,77,190
390,93,94,billy-garrett-jr,PG,76,170
391,94,95,rashawn-powell,PG,72,170
392,95,96,london-perrantes,PG,73,155
393,96,97,kyle-washington,PF,81,215
394,97,98,kentan-facey,PF,81,195
395,98,99,stanford-robinson,SF,76,175
396,0,1,jahlil-okafor,C,82,265
397,1,2,myles-turner,C,84,240
398,2,3,cliff-alexander,PF,81,240
399,3,4,tyus-jones,PG,73,171
400,4,5,emmanuel-mudiay,PG,77,190
401,5,6,trey-lyles,PF,82,255
402,6,7,stanley-johnson,SF,78,225
403,7,8,justin-jackson,SF,79,185
404,8,9,karl-towns-jr,C,83,235
405,9,10,theo-pinson,SF,78,190
406,10,11,kelly-oubre,SF,79,190
407,11,12,kevon-looney,PF,80,200
408,12,13,dangelo-russell,SG,76,180
409,13,14,isaiah-whitehead,SG,76,195
410,14,15,justise-winslow,SF,78,218
411,15,16,isaac-copeland,PF,81,210
412,16,17,joel-berry,PG,72,185
413,17,18,devin-booker,SG,77,185
414,18,19,rashad-vaughn,SG,78,200
415,19,20,james-blackmon-jr,SG,74,175
416,20,21,grayson-allen,SG,76,185
417,21,22,keita-bates-diop,SF,79,190
418,22,23,devin-robinson,SF,80,180
419,23,24,chris-mccullough,PF,82,220
420,24,25,tyler-ulis,PG,69,150
421,25,26,goodluck-okonoboh,C,81,215
422,26,27,reid-travis,PF,80,240
423,27,28,jaesean-tate,SF,77,190
424,28,29,romelo-trimble,SG,74,175
425,29,30,daniel-hamilton,SG,78,175
426,30,31,lj-peak,SF,77,190
427,31,32,abdul-malik-abu,PF,80,230
428,32,33,shaqquan-aaron,SF,79,175
429,33,34,paul-white,PF,80,185
430,34,35,brandone-francis,SG,77,205
431,35,36,thomas-welsh,C,83,240
432,36,37,craig-victor,PF,79,205
433,37,38,kameron-chatman,SF,79,200
434,38,39,dwayne-morgan,PF,79,180
435,39,40,quentin-snider,PG,73,160
436,40,41,jordan-mclaughlin,PG,72,165
437,41,41,montaque-gill-ceasar,SF,77,215
438,42,42,jaquan-lyle,PG,77,215
439,43,43,terry-larrier,SF,79,200
440,44,44,leron-black,PF,79,225
441,45,45,chris-chiozza,PG,71,160
442,46,46,trevon-bluiett,SF,77,205
443,47,47,robert-johnson,SG,75,190
444,48,48,angel-delgado,PF,80,215
445,49,49,brekkott-chapman,PF,80,215
446,50,50,kaleb-joseph,PG,75,165
447,51,51,tj-haws,SG,76,170
448,52,52,dion-wiley,SG,76,195
449,53,53,jakeenan-gant,PF,80,210
450,54,54,ahmed-hill,SG,77,190
451,55,55,Malik Pope,SF,80,210
452,56,56,josh-perkins,PG,75,180
453,57,57,parker-jackson-cartwright,PG,68,150
454,58,58,jaquan-newton,PG,74,180
455,59,59,joe-burton,SF,78,195
456,60,60,elbert-robinson,C,83,270
457,61,61,Paschal Chukwu,C,85,220
458,62,62,caleb-martin,SF,79,190
459,63,63,alex-robinson,PG,73,170
460,64,64,william-lee,PF,81,210
461,65,65,michael-humphrey,PF,82,200
462,66,66,victor-law,SF,78,185
463,67,67,dominic-magee,PG,75,175
464,68,68,trayvon-reed,C,85,210
465,69,69,Jonah Bolden,PF,80,205
466,70,70,Justin Bibbs,SG,77,205
467,71,71,ronnie-harrell,SF,79,180
468,72,72,dante-buford,PF,79,209
469,73,73,lourawls-nairn,PG,70,170
470,74,74,tadric-jackson,SG,74,200
471,75,75,chinanu-onuaku,C,82,220
472,76,76,justin-coleman,PG,70,155
473,77,77,mike-gilmore,PF,81,210
474,78,78,edmond-sumner,PG,75,160
475,79,79,jared-terrell,SG,75,220
476,80,80,chandler-hutchison,SF,78,185
477,81,81,trey-kell,SG,76,200
478,82,82,mikal-bridges,SF,79,180
479,83,83,sandy-cohen,SF,78,180
480,84,84,jalen-lindsey,SF,79,180
481,85,85,dominique-collier,PG,74,166
482,86,86,jordan-barnett,SF,79,185
483,87,87,isaac-haas,C,84,275
484,88,88,zylan-cheatham,PF,79,200
485,89,89,vincent-edwards,SF,79,200
486,90,90,anton-beard,PG,73,180
487,91,91,cody-martin,SF,79,205
488,92,92,phil-booth,PG,74,170
489,93,93,riley-norris,SF,79,190
490,94,94,elijah-stewart,SG,77,165
491,95,95,payton-dastrup,C,81,220
492,96,96,riley-lachance,PG,74,175
493,97,97,Justin Tillman,PF,80,175
494,0,1,ben-simmons,PF,81,225
495,1,2,skal-labissiere,C,82,210
496,2,3,brandon-ingram,SF,80,198
497,3,4,jaylen-brown,SF,79,220
498,4,5,henry-ellenson,PF,82,230
499,5,6,diamond-stone,C,82,250
500,6,7,cheick-diallo,PF,81,225
501,7,8,ivan-rabb,PF,83,210
502,8,9,caleb-swanigan,C,80,275
503,9,10,malik-newman,SG,75,175
504,10,11,chase-jeter,C,82,215
505,11,12,stephen-zimmerman,C,84,230
506,12,13,isaiah-briscoe,PG,75,200
507,13,14,dwayne-bacon,SG,78,209
508,14,15,antonio-blakeney,SG,76,170
509,15,16,jalen-brunson,PG,73,180
510,16,17,derryck-thornton,PG,73,175
511,17,18,allonzo-trier,SG,76,190
512,18,19,pj-dozier,PG,78,185
513,19,20,thomas-bryant,C,82,220
514,20,21,carlton-bragg,PF,81,220
515,21,22,deyonta-davis,PF,81,210
516,22,23,malachi-richardson,SG,78,190
517,23,24,luke-kennard,SG,77,180
518,24,25,jalen-adams,PG,74,160
519,25,26,dedric-lawson,PF,80,195
520,26,27,tyler-davis,C,82,270
521,27,28,malik-beasley,SG,76,185
522,28,29,ray-smith,SF,80,180
523,29,30,derrick-jones,SF,78,180
524,30,30,maverick-rowan,SF,78,190
525,31,31,elijah-thomas,C,81,230
526,32,32,deng-adel,SF,79,190
527,33,33,jawun-evans,PG,72,180
528,34,34,jalen-coleman,SG,76,185
529,35,35,dj-hogg,SF,79,205
530,36,36,king-mcclure,SG,75,200
531,37,37,Mamadi Diakite,PF,81,210
532,38,37,justin-simon,PG,77,185
533,39,38,tyler-dorsey,SG,76,180
534,40,39,brandon-sampson,SG,76,175
535,41,40,chimezie-metu,PF,81,215
536,42,41,prince-ali,SG,76,180
537,43,42,charles-matthews,SG,77,175
538,44,43,donovan-mitchell,SG,74,185
539,45,44,kj-lawson,SF,79,200
540,46,45,eric-davis,SG,75,165
541,47,46,esa-ahmad,SF,80,218
542,48,47,kerwin-roach-jr,PG,75,160
543,49,48,tevin-mack,SF,79,200
544,50,49,dejounte-murray,SG,77,175
545,51,49,isaac-humphries,C,83,250
546,52,50,austin-grandstaff,SG,77,190
547,53,51,Lagerald Vick,SG,77,185
548,54,52,noah-dickerson,PF,80,237
549,55,53,ed-morrow-jr,PF,79,215
550,56,54,chris-clarke,SF,78,190
551,57,55,nick-marshall,C,83,220
552,58,56,kevaughn-allen,SG,75,170
553,59,57,raymond-spalding,PF,81,200
554,60,58,moustapha-diagne,PF,80,230
555,61,59,daniel-giddens,C,82,240
556,62,60,marquese-chriss,PF,80,200
557,63,61,horace-spencer,PF,80,212
558,64,62,corey-sanders,PG,74,170
559,65,63,stephen-thompson-jr,SG,76,165
560,66,64,dj-williams,SF,79,202
561,67,65,jeremy-hemsley,SG,76,190
562,68,66,danjel-purifoy,SF,79,210
563,69,67,jessie-govan,C,82,263
564,70,68,admon-gilder,SG,75,185
565,71,69,matt-mcquaid,SG,76,175
566,72,70,kevarrius-hayes,PF,81,190
567,73,71,ted-kapita,PF,80,235
568,74,72,doral-moore,C,84,215
569,75,73,glynn-watson,PG,71,160
570,76,74,josh-reaves,SG,76,185
571,77,75,aaron-falzon,PF,79,190
572,78,76,tyler-lydon,PF,80,181
573,79,77,jimmy-whitt,PG,75,170
574,80,78,Nick Noskowiak,PG,74,180
575,81,79,shake-milton,PG,76,190
576,82,80,aj-harris,PG,69,150
577,83,81,damon-wilson-jr,PG,77,200
578,84,82,keith-stone,SF,79,240
579,85,83,donta-hall,PF,80,205
580,86,84,kenny-williams,SG,75,175
581,87,85,haanif-cheatham,SG,77,175
582,88,86,terance-mann,SG,77,175
583,89,87,bennie-boatwright,PF,81,220
584,90,88,aaron-holiday,PG,72,175
585,91,89,marcus-derrickson,PF,79,250
586,92,90,Mike Watkins,C,80,210
587,93,91,tres-tinkle,SF,79,215
588,94,92,kendall-small,PG,72,170
589,95,93,chance-comanche,C,82,205
590,96,94,franklin-howard,SG,77,185
591,97,95,Markis McDuffie,SF,80,175
592,98,96,levan-alston,SG,76,175
593,0,1,harry-giles,PF,82,230
594,1,2,josh-jackson,SF,79,185
595,2,3,jayson-tatum,SF,80,175
596,3,4,lonzo-ball,PG,77,195
597,4,5,bam-adebayo,PF,81,240
598,5,6,deaaron-fox,PG,75,160
599,6,7,markelle-fultz,PG,76,190
600,7,8,miles-bridges,SF,79,225
601,8,9,malik-monk,SG,75,185
602,9,10,frank-jackson,PG,76,200
603,10,11,terrance-ferguson,SG,79,185
604,11,12,jonathan-isaac,SF,82,185
605,12,13,tj-leaf,PF,81,215
606,13,14,wenyen-gabriel,PF,81,210
607,14,15,jarrett-allen,C,82,220
608,15,16,marques-bolden,C,82,254
609,16,17,tony-bradley,C,82,235
610,17,17,austin-wiley,C,81,250
611,18,18,omari-spellman,PF,81,275
612,19,19,josh-langford,SG,78,205
613,20,20,kobi-simmons,PG,78,185
614,21,21,rawle-alkins,SF,76,200
615,22,22,udoka-azubuike,C,83,270
616,23,23,vj-king,SF,79,179
617,24,24,Sacha Killeya-Jones,PF,83,215
618,25,25,mustapha-heron,SG,76,210
619,26,26,bruce-brown,SG,76,200
620,27,27,kyle-guy,SG,74,170
621,28,28,dewan-huell,PF,81,230
622,29,29,Andrew Jones,SG,76,195
623,30,30,alterique-gilbert,PG,72,170
624,31,31,cassius-winston,PG,73,177
625,32,32,amir-coffey,SF,79,195
626,33,33,braxton-key,SF,80,240
627,34,34,jaylen-fisher,PG,74,175
628,35,35,tyus-battle,SF,77,220
629,36,36,shamorie-ponds,PG,73,180
630,37,37,zach-collins,C,83,220
631,38,38,tyler-cook,PF,81,240
632,39,39,nick-ward,C,80,230
633,40,40,curtis-jones,SG,76,170
634,41,41,sam-cunliffe,SF,78,195
635,42,42,tony-carr,PG,75,170
636,43,43,ty-jerome,PG,77,180
637,44,44,javin-delaurier,PF,80,205
638,45,45,trent-forrest,SG,76,185
639,46,46,kameron-mcgusty,SG,77,165
640,47,47,mario-kegler,SF,80,218
641,48,48,xavier-simpson,PG,72,175
642,49,48,markell-johnson,PG,73,175
643,50,49,kevin-huerter,SG,77,170
644,51,50,robert-williams,PF,80,220
645,52,51,deron-davis,PF,80,230
646,53,52,juwan-durham,PF,81,200
647,54,53,yoeli-childs,PF,78,225
648,55,54,payton-pritchard,PG,72,175
649,56,55,jarron-cumberland,SG,76,210
650,57,56,brandon-robinson,SG,77,170
651,58,57,james-banks,C,83,230
652,59,58,seventh-woods,SG,73,185
653,60,59,deriante-jenkins,SF,77,180
654,61,60,ike-anigbogu,C,81,220
655,62,61,charlie-moore,PG,71,160
656,63,62,anthony-cowan,PG,71,165
657,64,63,dejon-jarreau,SG,77,170
658,65,64,schnider-herard,C,82,260
659,66,65,Eli Wright,SG,77,190
660,67,66,derek-funderburk,PF,81,210
661,68,67,mitch-lightfoot,PF,80,210
662,69,68,chris-lewis,PF,80,235
663,70,69,kristian-doolittle,PF,80,215
664,71,70,mark-vital,SF,78,220
665,72,71,bruno-fernando,C,81,217
666,73,72,DeAndre Hunter,SF,79,190
667,74,73,Jay Huff,PF,82,195
668,75,74,matthew-moyer,PF,80,205
669,76,75,taurean-thompson,PF,81,220
670,77,76,abdulhakim-ado,C,82,240
671,78,77,romello-white,PF,81,220
672,79,78,vance-jackson,SF,80,215
673,80,79,jonah-mathews,SG,73,175
674,81,80,temple-gibbs,SG,75,190
675,82,81,myles-powell,SG,74,195
676,83,82,tyree-crump,SG,74,170
677,84,83,zach-norvell,SG,76,180
678,85,84,markus-howard,SG,72,178
679,86,85,sedee-keita,PF,82,215
680,87,86,Sam Hauser,SF,78,180
681,88,87,jethro-tshisumpa,C,82,260
682,89,88,carsen-edwards,PG,73,175
683,90,89,jj-caldwell,PG,71,170
684,91,90,troy-baxter,SF,80,195
685,92,91,deshawn-corprew,SF,77,190
686,93,92,quentin-goodin,SG,75,190
687,94,93,mamadou-diarra,PF,80,215
688,95,94,tyrique-jones,PF,79,220
689,96,95,alpha-diallo,SF,79,195
690,97,96,jared-harper,PG,70,160
691,98,97,robert-baker-jr,PF,81,190
692,0,1,marvin-bagley-iii,PF,83,220
693,1,2,michael-porter-jr,SF,82,215
694,2,3,deandre-ayton,C,84,220
695,3,4,mohamed-bamba,C,84,216
696,4,5,wendell-carter,PF,81,255
697,5,6,trevon-duval,PG,75,191
698,6,7,collin-sexton,PG,75,175
699,7,8,gary-trent-jr,SG,77,200
700,8,9,jaren-jackson,PF,83,225
701,9,10,kevin-knox,SF,81,206
702,10,11,mitchell-robinson,C,83,215
703,11,12,pj-washington,PF,80,230
704,12,13,lonnie-walker,SG,76,206
705,13,14,brian-bowen,SF,79,195
706,14,15,troy-brown-jr,SF,79,215
707,15,16,brandon-mccoy,C,83,244
708,16,17,nick-richards,C,83,239
709,17,18,billy-preston,PF,82,230
710,18,19,jarred-vanderbilt,PF,80,200
711,19,20,jaylen-hands,PG,75,170
712,20,21,nickeil-alexander-walker,SG,77,195
713,21,22,john-petty,SG,77,185
714,22,23,trae-young,PG,74,170
715,23,24,quade-green,PG,73,170
716,24,25,jontay-porter,PF,82,240
717,25,26,kris-wilkes,SF,79,194
718,26,27,mj-walker,SG,77,207
719,27,28,jalek-felton,SG,75,180
720,28,29,Malik Williams,PF,83,215
721,29,30,charles-obannon-jr,SF,78,200
722,30,31,matt-coleman,PG,73,174
723,31,32,Paul Scruggs,PG,75,190
724,32,33,chaundee-brown,SG,77,208
725,33,34,tremont-waters,PG,71,165
726,34,35,shai-gilgeous-alexander,PG,77,185
727,35,36,nick-weatherspoon,PG,74,175
728,36,37,brandon-randolph,SG,78,180
729,37,38,makai-ashton-langford,PG,74,185
730,38,39,lindell-wigginton,SG,73,165
731,39,40,rayshaun-hammonds,SF,80,215
732,40,41,ethan-thompson,SG,77,180
733,41,42,jordan-tucker,SF,79,207
734,42,43,emmanuel-akot,SF,80,185
735,43,44,kezie-okpala,SF,80,195
736,44,45,cody-riley,PF,80,240
737,45,46,jeremiah-tilmon,C,82,215
738,46,47,dan-gafford,C,82,220
739,47,48,chris-lykes,PG,67,160
740,48,49,jalen-hill,C,80,220
741,49,50,chuma-okeke,PF,80,221
742,50,51,jordan-poole,SG,77,185
743,51,52,jermaine-samuels,SF,77,205
744,52,53,dj-harvey-jr,SF,78,205
745,53,54,darius-perry,PG,74,160
746,54,55,jordan-goodwin,SG,76,220
747,55,56,jordan-nwora,PF,80,220
748,56,57,kimani-lawrence,SF,77,180
749,57,58,khalil-garland,SF,78,190
750,58,59,jaylen-nowell,SG,77,191
751,59,60,daejon-davis,SG,76,175
752,60,61,terrence-lewis,SF,77,195
753,61,62,isaiah-stokes,C,80,273
754,62,63,davion-mitchell,PG,74,195
755,63,64,Marcus Garrett,PG,77,180
756,64,65,deaundre-ballard,SG,78,195
757,65,66,jemarl-baker,SG,76,180
758,66,67,jericho-sims,C,80,190
759,67,68,isaiah-washington,PG,73,160
760,68,69,ira-lee,PF,80,225
761,69,70,Naji Marshall,SF,78,185
762,70,71,dshawn-schwartz,SF,79,217
763,71,72,kaleb-wesson,C,81,316
764,72,73,wabissa-bede,PG,73,180
765,73,74,xavier-tillman,PF,81,250
766,74,75,isaiah-livers,PF,79,185
767,75,76,zack-dawson,PG,75,180
768,76,77,myles-cale,SG,76,195
769,77,78,ty-shon-alexander,SG,76,190
770,78,79,galen-alexander,SF,79,220
771,79,80,Josh Anderson,SF,77,180
772,80,81,Savion Flagg,SF,79,200
773,81,82,royce-hamm,PF,80,210
774,82,83,ikey-obiagu,C,84,245
775,83,84,nojel-eastern,SG,78,207
776,84,85,remy-martin,PG,72,170
777,85,86,Nate Reuvers,PF,82,220
778,86,87,Alex O'Connell,SG,78,175
779,87,88,kyle-young,SF,79,210
780,88,89,victor-bailey-jr,SG,75,175
781,89,90,Hasahn French,PF,79,230
782,90,91,justin-smith,SF,79,215
783,91,92,connor-mccaffery,SG,78,195
784,92,93,Da'Monte Williams,SG,75,180
785,93,94,Deng Gak,PF,82,195
786,94,95,JaMarko Pickett,PF,79,160
787,95,96,alex-barcello,SG,74,175
788,96,97,lavar-batts,PG,74,165
789,97,98,Chase Johnson,PF,80,210
790,98,99,blake-harris,PG,75,190
